pipe_module_0;pipe_module_1;pipe_module_2;pipe_module_3;filtered_of_916;F_precision;F_recall;F_AUC@5;F_AUC@10;F_AUC@20;E_AUC@5;E_AUC@10;E_AUC@20
aliked_lightglue_upright_true_nfeat_8000_resize_1024_model_aliked-n16rot;;;;0.0;0.9293705821037292;0.9974222183227539;0.40941376425588655;0.5717300965381417;0.7108590322466086;0.4637453978043669;0.6385712599618523;0.7706890324319999
aliked_lightglue_upright_true_nfeat_8000_resize_1024_model_aliked-n16rot;miho_duplex_max_iter_500;;;0.007019896847452074;0.9292551279067993;0.9915538430213928;0.4117731960017762;0.5771704071444419;0.7180063438247144;0.4714926015283619;0.6449578439261037;0.7764267516301565
aliked_lightglue_upright_true_nfeat_8000_resize_1024_model_aliked-n16rot;miho_duplex_max_iter_500;opencv_magsac_fundamental_matrix_th_1.0_conf_0.9999_max_iters_100000;;0.15970486360000663;0.9557464122772217;0.8679622411727905;0.4919590556906063;0.6437056938687584;0.7652084113160256;0.46593925129407293;0.6400666544598531;0.7760482413045249
aliked_lightglue_upright_true_nfeat_8000_resize_1024_model_aliked-n16rot;miho_duplex_max_iter_500;nnc_subpix_true_w_10_w_big_none_ref_images_both_scales_5_angles_5;;0.007019896847452074;0.8801324963569641;0.9438091516494751;0.19125750129716673;0.3382411382081402;0.5021566543398981;0.4725356534388469;0.6520455466562614;0.7871750741432042
aliked_lightglue_upright_true_nfeat_8000_resize_1024_model_aliked-n16rot;miho_duplex_max_iter_500;nnc_subpix_true_w_10_w_big_none_ref_images_both_scales_5_angles_5;opencv_magsac_fundamental_matrix_th_1.0_conf_0.9999_max_iters_100000;0.21492937216122315;0.9619340896606445;0.8220371007919312;0.4422505241282117;0.5832702849340095;0.7131757722444816;0.4798278952463141;0.6558804866811659;0.7887102043213229
aliked_lightglue_upright_true_nfeat_8000_resize_1024_model_aliked-n16rot;miho_unduplex_max_iter_500;;;0.012965649611102144;0.9300174117088318;0.9886617660522461;0.41479541387138646;0.5773041854904728;0.7161863897423439;0.4660926848285746;0.6408001229128343;0.7763315856087375
aliked_lightglue_upright_true_nfeat_8000_resize_1024_model_aliked-n16rot;miho_unduplex_max_iter_500;opencv_magsac_fundamental_matrix_th_1.0_conf_0.9999_max_iters_100000;;0.16325398894875665;0.9557475447654724;0.8660910725593567;0.48292395392546916;0.6373876563461562;0.7597113132416323;0.46603586219476745;0.6415698622775723;0.779065368781277
aliked_lightglue_upright_true_nfeat_8000_resize_1024_model_aliked-n16rot;miho_unduplex_max_iter_500;nnc_subpix_true_w_10_w_big_none_ref_images_both_scales_5_angles_5;;0.012965649611102144;0.8781105279922485;0.936964750289917;0.18328007863766618;0.32656249234692947;0.48996060359939186;0.47915864618576587;0.6482859898546781;0.7832722417913515
aliked_lightglue_upright_true_nfeat_8000_resize_1024_model_aliked-n16rot;miho_unduplex_max_iter_500;nnc_subpix_true_w_10_w_big_none_ref_images_both_scales_5_angles_5;opencv_magsac_fundamental_matrix_th_1.0_conf_0.9999_max_iters_100000;0.22119905025880476;0.9602514505386353;0.8153638243675232;0.42493358838188844;0.5709767423757708;0.7022580329563031;0.4771250594956925;0.6582052420803604;0.7907233136651123
aliked_lightglue_upright_true_nfeat_8000_resize_1024_model_aliked-n16rot;miho_duplex_max_iter_1000;;;0.006435019484573638;0.9299451112747192;0.9928935170173645;0.41015836186009447;0.5750666786792913;0.7167019656945546;0.46994951422349257;0.6454706346747903;0.7762162877583295
aliked_lightglue_upright_true_nfeat_8000_resize_1024_model_aliked-n16rot;miho_duplex_max_iter_1000;opencv_magsac_fundamental_matrix_th_1.0_conf_0.9999_max_iters_100000;;0.1593748423314396;0.9565026164054871;0.8690546154975891;0.4928817157220389;0.6441735185949848;0.7644481709285834;0.4626873612884489;0.6375622355350448;0.7743953487525257
aliked_lightglue_upright_true_nfeat_8000_resize_1024_model_aliked-n16rot;miho_duplex_max_iter_1000;nnc_subpix_true_w_10_w_big_none_ref_images_both_scales_5_angles_5;;0.006435019484573638;0.8811532258987427;0.9459798336029053;0.1922208936635188;0.3388159655800572;0.5027093619579697;0.47920348502552923;0.6565865196058458;0.7892011489984574
aliked_lightglue_upright_true_nfeat_8000_resize_1024_model_aliked-n16rot;miho_duplex_max_iter_1000;nnc_subpix_true_w_10_w_big_none_ref_images_both_scales_5_angles_5;opencv_magsac_fundamental_matrix_th_1.0_conf_0.9999_max_iters_100000;0.21443479147696645;0.9630200266838074;0.8240781426429749;0.4461366209887955;0.5843806473619562;0.7112539307502689;0.47792826995824533;0.6552906488991077;0.7887224271112373
aliked_lightglue_upright_true_nfeat_8000_resize_1024_model_aliked-n16rot;miho_unduplex_max_iter_1000;;;0.012320742094586569;0.9298803806304932;0.9891791343688965;0.414715930152445;0.5755786684750674;0.7151199202282339;0.4647380220393984;0.6370807682632676;0.7712545981988915
aliked_lightglue_upright_true_nfeat_8000_resize_1024_model_aliked-n16rot;miho_unduplex_max_iter_1000;opencv_magsac_fundamental_matrix_th_1.0_conf_0.9999_max_iters_100000;;0.16263844898270036;0.955822229385376;0.8669957518577576;0.4828239846227243;0.6365487384507063;0.7606973061894152;0.4666462860707793;0.6397953412720075;0.7773803081323611
aliked_lightglue_upright_true_nfeat_8000_resize_1024_model_aliked-n16rot;miho_unduplex_max_iter_1000;nnc_subpix_true_w_10_w_big_none_ref_images_both_scales_5_angles_5;;0.012320742094586569;0.8778308629989624;0.9373481273651123;0.18569157501077024;0.32737835784519553;0.4858325834544484;0.4763700052855757;0.650237393336855;0.7834855158133865
aliked_lightglue_upright_true_nfeat_8000_resize_1024_model_aliked-n16rot;miho_unduplex_max_iter_1000;nnc_subpix_true_w_10_w_big_none_ref_images_both_scales_5_angles_5;opencv_magsac_fundamental_matrix_th_1.0_conf_0.9999_max_iters_100000;0.22104120579656553;0.9599908590316772;0.8151389956474304;0.42752865145263924;0.5706474839143494;0.7037108018969834;0.4888659333553618;0.6684436800919987;0.797821383090346
aliked_lightglue_upright_true_nfeat_8000_resize_1024_model_aliked-n16rot;miho_duplex_max_iter_1500;;;0.006093982695657516;0.9296467304229736;0.9929420351982117;0.4108163897457464;0.5750277820262956;0.7155038760305658;0.4715303882510785;0.646436645840884;0.7779513819363695
aliked_lightglue_upright_true_nfeat_8000_resize_1024_model_aliked-n16rot;miho_duplex_max_iter_1500;opencv_magsac_fundamental_matrix_th_1.0_conf_0.9999_max_iters_100000;;0.1591057964441488;0.9563258290290833;0.8692054748535156;0.4912647368381916;0.6436255228451917;0.7647248541214353;0.46060125463674284;0.6357532016176585;0.7745357702246465
aliked_lightglue_upright_true_nfeat_8000_resize_1024_model_aliked-n16rot;miho_duplex_max_iter_1500;nnc_subpix_true_w_10_w_big_none_ref_images_both_scales_5_angles_5;;0.006093982695657516;0.8807094693183899;0.9459055066108704;0.19140867349782562;0.33857799757518053;0.5025999712748935;0.4709554863854669;0.6499688721020822;0.7848418982925693
aliked_lightglue_upright_true_nfeat_8000_resize_1024_model_aliked-n16rot;miho_duplex_max_iter_1500;nnc_subpix_true_w_10_w_big_none_ref_images_both_scales_5_angles_5;opencv_magsac_fundamental_matrix_th_1.0_conf_0.9999_max_iters_100000;0.21409768863831408;0.9627777934074402;0.8241132497787476;0.446770090696734;0.5889752154101396;0.716704571586073;0.48030020818689395;0.6616231270241345;0.7939577338251147
aliked_lightglue_upright_true_nfeat_8000_resize_1024_model_aliked-n16rot;miho_unduplex_max_iter_1500;;;0.012569338200414431;0.9300111532211304;0.9890773296356201;0.4160236713865889;0.576474266366786;0.7149746105619595;0.47154387725949665;0.6404621563837378;0.7727080428228834
aliked_lightglue_upright_true_nfeat_8000_resize_1024_model_aliked-n16rot;miho_unduplex_max_iter_1500;opencv_magsac_fundamental_matrix_th_1.0_conf_0.9999_max_iters_100000;;0.16283952883524644;0.9558874368667603;0.866729736328125;0.48653330649528287;0.640406929942827;0.7626748296318449;0.4606625545401058;0.6362276167607386;0.7746020914791805
aliked_lightglue_upright_true_nfeat_8000_resize_1024_model_aliked-n16rot;miho_unduplex_max_iter_1500;nnc_subpix_true_w_10_w_big_none_ref_images_both_scales_5_angles_5;;0.012569338200414431;0.8779116868972778;0.9372538328170776;0.18500908098853466;0.32506649384465713;0.48487955479834977;0.47396143594219586;0.6517777375895042;0.7857522463674237
aliked_lightglue_upright_true_nfeat_8000_resize_1024_model_aliked-n16rot;miho_unduplex_max_iter_1500;nnc_subpix_true_w_10_w_big_none_ref_images_both_scales_5_angles_5;opencv_magsac_fundamental_matrix_th_1.0_conf_0.9999_max_iters_100000;0.2214811203037105;0.9599102139472961;0.8147993087768555;0.42423292424706915;0.5716226082366671;0.7064660201230283;0.47554944356730083;0.6585578452294429;0.7913242698259955
aliked_lightglue_upright_true_nfeat_8000_resize_1024_model_aliked-n16rot;miho_duplex_max_iter_2000;;;0.0061616630724378564;0.9296748638153076;0.9929086565971375;0.41128041044409314;0.5743971669020805;0.7158949973287351;0.4686937175675965;0.6445726248953562;0.7752692363767298
aliked_lightglue_upright_true_nfeat_8000_resize_1024_model_aliked-n16rot;miho_duplex_max_iter_2000;opencv_magsac_fundamental_matrix_th_1.0_conf_0.9999_max_iters_100000;;0.15894501643784523;0.9563813209533691;0.8695297837257385;0.49208930222799624;0.6434453611436572;0.7649053277688437;0.46278195744467593;0.6379587066184362;0.7761377896394925
aliked_lightglue_upright_true_nfeat_8000_resize_1024_model_aliked-n16rot;miho_duplex_max_iter_2000;nnc_subpix_true_w_10_w_big_none_ref_images_both_scales_5_angles_5;;0.0061616630724378564;0.8804664611816406;0.9449565410614014;0.1928987421667956;0.3383091519768688;0.501569541335049;0.47223481179597365;0.6507141778479149;0.7847355283544786
aliked_lightglue_upright_true_nfeat_8000_resize_1024_model_aliked-n16rot;miho_duplex_max_iter_2000;nnc_subpix_true_w_10_w_big_none_ref_images_both_scales_5_angles_5;opencv_magsac_fundamental_matrix_th_1.0_conf_0.9999_max_iters_100000;0.21455436751446502;0.9624295830726624;0.8225812911987305;0.44615126719932985;0.58778929430512;0.7165459105122948;0.4790200708785875;0.6597327545299766;0.7924775554651753
aliked_lightglue_upright_true_nfeat_8000_resize_1024_model_aliked-n16rot;miho_unduplex_max_iter_2000;;;0.012372107033480644;0.9299125671386719;0.9891698956489563;0.41588542315275756;0.5783901718510478;0.7166387270618014;0.47617850782720395;0.6443578878616408;0.7739572103574408
aliked_lightglue_upright_true_nfeat_8000_resize_1024_model_aliked-n16rot;miho_unduplex_max_iter_2000;opencv_magsac_fundamental_matrix_th_1.0_conf_0.9999_max_iters_100000;;0.16254409153876667;0.9558833837509155;0.8671069145202637;0.48638950734783093;0.6398025940561732;0.7626447698212653;0.4564196102743697;0.6355619870698318;0.7738683840414935
aliked_lightglue_upright_true_nfeat_8000_resize_1024_model_aliked-n16rot;miho_unduplex_max_iter_2000;nnc_subpix_true_w_10_w_big_none_ref_images_both_scales_5_angles_5;;0.012372107033480644;0.8779026865959167;0.9372454285621643;0.185060569030488;0.32546023872703067;0.4854776060615599;0.4651903000612519;0.6472268504298795;0.783115942136902
aliked_lightglue_upright_true_nfeat_8000_resize_1024_model_aliked-n16rot;miho_unduplex_max_iter_2000;nnc_subpix_true_w_10_w_big_none_ref_images_both_scales_5_angles_5;opencv_magsac_fundamental_matrix_th_1.0_conf_0.9999_max_iters_100000;0.2212293842238206;0.9598736763000488;0.8146920204162598;0.42658413082502833;0.5713250295840633;0.7047048069408356;0.46799988385569635;0.6560717156266608;0.7907814338283152
aliked_lightglue_upright_true_nfeat_8000_resize_1024_model_aliked-n16rot;opencv_magsac_fundamental_matrix_th_1.0_conf_0.9999_max_iters_100000;;;0.15785905607663622;0.9561455249786377;0.8701958060264587;0.49165263577466617;0.6456800089053016;0.7657823970119442;0.4562537982965308;0.6360497384960543;0.7758505248764914
aliked_lightglue_upright_true_nfeat_8000_resize_1024_model_aliked-n16rot;nnc_subpix_true_w_10_w_big_none_ref_images_both_scales_5_angles_5;;;0.0;0.7813438773155212;0.8229609131813049;0.1449801010057324;0.2754830700748019;0.4377660038911551;0.32992880070342817;0.47541460802433083;0.6163863767561272
aliked_lightglue_upright_true_nfeat_8000_resize_1024_model_aliked-n16rot;nnc_subpix_true_w_10_w_big_none_ref_images_both_scales_5_angles_5;opencv_magsac_fundamental_matrix_th_1.0_conf_0.9999_max_iters_100000;;0.36526239835651025;0.8949467539787292;0.6234291791915894;0.28610795353188234;0.396239858462851;0.5227466950035503;0.33009053631522406;0.4842865724258282;0.6306497947937283
aliked_lightglue_upright_true_nfeat_8000_resize_1024_model_aliked-n16rot;gms;;;0.20279857772149087;0.9041820168495178;0.7995906472206116;0.37254057067717167;0.5298822883887081;0.6668079570234788;0.42444529641146406;0.5820668868591339;0.7047735761077505
aliked_lightglue_upright_true_nfeat_8000_resize_1024_model_aliked-n16rot;gms;opencv_magsac_fundamental_matrix_th_1.0_conf_0.9999_max_iters_100000;;0.31128522843110124;0.9144597053527832;0.7086911797523499;0.45010681848553735;0.588375189618066;0.7017113621043454;0.42473671650366596;0.589928264567179;0.7152962825666702
aliked_lightglue_upright_true_nfeat_8000_resize_1024_model_aliked-n16rot;oanet;;;0.897548410142141;0.9432840943336487;0.10365264117717743;0.040054558881946103;0.09546995703259117;0.2088803210368781;0.09653492471080669;0.21594253830197335;0.37769711695033265
aliked_lightglue_upright_true_nfeat_8000_resize_1024_model_aliked-n16rot;oanet;opencv_magsac_fundamental_matrix_th_1.0_conf_0.9999_max_iters_100000;;0.906392894296251;0.9466769099235535;0.0965157151222229;0.046895460432313664;0.10714948766993104;0.21602332883709446;0.10900791133618015;0.23416707645439164;0.3911767670360883
aliked_lightglue_upright_true_nfeat_8000_resize_1024_model_aliked-n16rot;adalam_th_0.6400000000000001_scale_th_1.5_ori_th_30;;;0.0;0.9293705821037292;0.9974222183227539;0.40941376425588655;0.5717300965381417;0.7108590322466086;0.4637453978043669;0.6385712599618523;0.7706890324319999
aliked_lightglue_upright_true_nfeat_8000_resize_1024_model_aliked-n16rot;adalam_th_0.6400000000000001_scale_th_1.5_ori_th_30;opencv_magsac_fundamental_matrix_th_1.0_conf_0.9999_max_iters_100000;;0.15785905607663622;0.9561455249786377;0.8701958060264587;0.49165263577466617;0.6456800089053016;0.7657823970119442;0.4562537982965308;0.6360497384960543;0.7758505248764914
aliked_lightglue_upright_true_nfeat_8000_resize_1024_model_aliked-n16rot;acne_outdoor_true;;;0.3955108817645121;0.9359360337257385;0.6092683672904968;0.20225480213041425;0.34042457256762326;0.5021439209442361;0.3227704719172878;0.5100016506441869;0.6770425732832278
aliked_lightglue_upright_true_nfeat_8000_resize_1024_model_aliked-n16rot;acne_outdoor_true;opencv_magsac_fundamental_matrix_th_1.0_conf_0.9999_max_iters_100000;;0.47088119652245375;0.9546425938606262;0.5467542409896851;0.24321018854172144;0.39253531936939334;0.5492713888764679;0.33002775804696716;0.524388049875421;0.6888338278859607
aliked_lightglue_upright_true_nfeat_8000_resize_1024_model_aliked-n16rot;consensusclustering_th_7_max_tanimoto_similarity_0.75_cluster_assignment_hard;;;0.17269653932060272;0.8612096905708313;0.8293240666389465;0.2911388047852058;0.43197578432674727;0.5738755292095131;0.38418007732335346;0.5536821116161261;0.6870679635322112
aliked_lightglue_upright_true_nfeat_8000_resize_1024_model_aliked-n16rot;consensusclustering_th_7_max_tanimoto_similarity_0.75_cluster_assignment_hard;opencv_magsac_fundamental_matrix_th_1.0_conf_0.9999_max_iters_100000;;0.2940432493129685;0.881425142288208;0.7286279797554016;0.34559936802204994;0.4895857420493141;0.6161134237607749;0.3895463824043671;0.5638287830027473;0.6948327959219205
aliked_lightglue_upright_true_nfeat_8000_resize_1024_model_aliked-n16rot;dematch_outdoor_true_inlier_threshold_0.0;;;0.6453975805221162;0.9335160851478577;0.3558593690395355;0.11898611673787711;0.23606446753537824;0.38967176685471666;0.23412990154005947;0.41143294376947664;0.5906678941943817
aliked_lightglue_upright_true_nfeat_8000_resize_1024_model_aliked-n16rot;dematch_outdoor_true_inlier_threshold_0.0;opencv_magsac_fundamental_matrix_th_1.0_conf_0.9999_max_iters_100000;;0.6846148208975179;0.946318507194519;0.3234131336212158;0.14617617649239173;0.26226301667757174;0.40488631629072813;0.23728464462960294;0.4195132592246372;0.6044070628237449
aliked_lightglue_upright_true_nfeat_8000_resize_1024_model_aliked-n16rot;convmatch_outdoor_true_inlier_threshold_0.0;;;0.6642301126010551;0.9296886324882507;0.3365037143230438;0.14028694163662378;0.25566215041483753;0.40872365705013924;0.23987483273453608;0.41329672127002465;0.5898497819276503
aliked_lightglue_upright_true_nfeat_8000_resize_1024_model_aliked-n16rot;convmatch_outdoor_true_inlier_threshold_0.0;opencv_magsac_fundamental_matrix_th_1.0_conf_0.9999_max_iters_100000;;0.702047058289417;0.9398183226585388;0.305758535861969;0.1581482324007635;0.272369086890231;0.43137259436829617;0.25135376361118067;0.42590550974550767;0.6030939602813866
aliked_lightglue_upright_true_nfeat_8000_resize_1024_model_aliked-n16rot;fcgnn;;;0.1394963571562005;0.9681403040885925;0.9051772356033325;0.505284375838924;0.6553802963941086;0.7746188708776292;0.4894676299455506;0.6680443880321214;0.7935348812743147
aliked_lightglue_upright_true_nfeat_8000_resize_1024_model_aliked-n16rot;fcgnn;opencv_magsac_fundamental_matrix_th_1.0_conf_0.9999_max_iters_100000;;0.15880501016674375;0.971633791923523;0.8901665210723877;0.5293627922215575;0.674607093353319;0.7886263419290143;0.5014911767662081;0.6725758947780305;0.7952495240990287
aliked_lightglue_upright_true_nfeat_8000_resize_1024_model_aliked-n16rot;clnet_inlier_threshold_0.0001;;;0.14710885959033085;0.9337297081947327;0.8554440140724182;0.20525748104701674;0.34119059336170043;0.5048989476069071;0.35872904855482685;0.5443655995363404;0.6986433698276379
aliked_lightglue_upright_true_nfeat_8000_resize_1024_model_aliked-n16rot;clnet_inlier_threshold_0.0001;opencv_magsac_fundamental_matrix_th_1.0_conf_0.9999_max_iters_100000;;0.2632866223265586;0.9532789587974548;0.7593846917152405;0.264798376081842;0.40881218316578594;0.5677314205423831;0.36828150561146783;0.5586081121245555;0.7171421185416584
aliked_lightglue_upright_true_nfeat_8000_resize_1024_model_aliked-n16rot;ms2dgnet;;;0.7093417365084658;0.9378663897514343;0.2920059859752655;0.2227257822123762;0.36249940131801084;0.5319631672031242;0.2305174418991749;0.38060024595234104;0.543567333231283
aliked_lightglue_upright_true_nfeat_8000_resize_1024_model_aliked-n16rot;ms2dgnet;opencv_magsac_fundamental_matrix_th_1.0_conf_0.9999_max_iters_100000;;0.7478430148699194;0.9551669955253601;0.26154401898384094;0.2348233532966275;0.37596536398889907;0.5304352550856407;0.22085976156960233;0.3841274400447495;0.560668061594646
aliked_lightglue_upright_true_nfeat_8000_resize_1024_model_aliked-n16rot;ncmnet_obj_geod_th_0.0001;;;0.13270782192565614;0.9342571496963501;0.8704378008842468;0.2255285997476988;0.3629317674206417;0.5245168414590896;0.362904684699721;0.5567402425749935;0.7098743732626207
aliked_lightglue_upright_true_nfeat_8000_resize_1024_model_aliked-n16rot;ncmnet_obj_geod_th_0.0001;opencv_magsac_fundamental_matrix_th_1.0_conf_0.9999_max_iters_100000;;0.25163863325996266;0.9536388516426086;0.7716443538665771;0.2754185624743587;0.4224103095705221;0.5759019680369188;0.3632635747190683;0.5494732588157575;0.7106070234607359
aliked_lightglue_upright_true_nfeat_8000_resize_1024_model_aliked-n16rot;miho_duplex_max_iter_500;opencv_magsac_fundamental_matrix_th_0.75_conf_0.9999_max_iters_100000;;0.2370294065101401;0.9611347317695618;0.7937390804290771;0.4946118821624951;0.6439592637913678;0.7649796815552545;0.4742995832859814;0.6549087374676497;0.7882246379512218
aliked_lightglue_upright_true_nfeat_8000_resize_1024_model_aliked-n16rot;miho_duplex_max_iter_500;nnc_subpix_true_w_10_w_big_none_ref_images_both_scales_5_angles_5;opencv_magsac_fundamental_matrix_th_0.75_conf_0.9999_max_iters_100000;0.2556475360831885;0.9654479622840881;0.7829053997993469;0.4466729579117219;0.5950348840541995;0.7290285281233772;0.4800683130422148;0.6574536177183496;0.7873191608937333
aliked_lightglue_upright_true_nfeat_8000_resize_1024_model_aliked-n16rot;miho_unduplex_max_iter_500;opencv_magsac_fundamental_matrix_th_0.75_conf_0.9999_max_iters_100000;;0.24058674328597712;0.9610793590545654;0.7918367385864258;0.48908072598466096;0.6418006742425162;0.7617959186422019;0.4728599790950939;0.6491180376700496;0.7838495360937267
aliked_lightglue_upright_true_nfeat_8000_resize_1024_model_aliked-n16rot;miho_unduplex_max_iter_500;nnc_subpix_true_w_10_w_big_none_ref_images_both_scales_5_angles_5;opencv_magsac_fundamental_matrix_th_0.75_conf_0.9999_max_iters_100000;0.2627550467823776;0.9639108180999756;0.7757257223129272;0.4414994797509778;0.5823160186960712;0.7099968556035535;0.4733587922046458;0.6533811971656827;0.7893225138029576
aliked_lightglue_upright_true_nfeat_8000_resize_1024_model_aliked-n16rot;miho_duplex_max_iter_1000;opencv_magsac_fundamental_matrix_th_0.75_conf_0.9999_max_iters_100000;;0.2365956040461995;0.9618873000144958;0.7949866652488708;0.4960099447820897;0.6441440177385376;0.7640839649772123;0.4739268797052416;0.6542608804841771;0.7880317424741264
aliked_lightglue_upright_true_nfeat_8000_resize_1024_model_aliked-n16rot;miho_duplex_max_iter_1000;nnc_subpix_true_w_10_w_big_none_ref_images_both_scales_5_angles_5;opencv_magsac_fundamental_matrix_th_0.75_conf_0.9999_max_iters_100000;0.25523244049431704;0.966789722442627;0.7851101756095886;0.4514909635979064;0.5957995503938539;0.7275187879434272;0.48133560987690105;0.6621587294428664;0.7880448974362725
aliked_lightglue_upright_true_nfeat_8000_resize_1024_model_aliked-n16rot;miho_unduplex_max_iter_1000;opencv_magsac_fundamental_matrix_th_0.75_conf_0.9999_max_iters_100000;;0.240107494333987;0.9613779783248901;0.7924814224243164;0.48670581988977996;0.6400316120196489;0.7614700189995678;0.47219209094298664;0.6544142066230488;0.7875435339058352
aliked_lightglue_upright_true_nfeat_8000_resize_1024_model_aliked-n16rot;miho_unduplex_max_iter_1000;nnc_subpix_true_w_10_w_big_none_ref_images_both_scales_5_angles_5;opencv_magsac_fundamental_matrix_th_0.75_conf_0.9999_max_iters_100000;0.2629935386191656;0.9637161493301392;0.7751534581184387;0.4445691642872608;0.5856444240452301;0.7128756051067128;0.4640865351041266;0.6431039528212579;0.7815966847241232
aliked_lightglue_upright_true_nfeat_8000_resize_1024_model_aliked-n16rot;miho_duplex_max_iter_1500;opencv_magsac_fundamental_matrix_th_0.75_conf_0.9999_max_iters_100000;;0.23664675063580956;0.9616579413414001;0.7947347164154053;0.4953918222664305;0.6447956327863925;0.7652615337590765;0.47271307900316106;0.6528436282472211;0.7878104443867441
aliked_lightglue_upright_true_nfeat_8000_resize_1024_model_aliked-n16rot;miho_duplex_max_iter_1500;nnc_subpix_true_w_10_w_big_none_ref_images_both_scales_5_angles_5;opencv_magsac_fundamental_matrix_th_0.75_conf_0.9999_max_iters_100000;0.25509374263616424;0.9664226770401001;0.7849264144897461;0.45302291903674996;0.5980436432360393;0.7295143394195431;0.47188590698443444;0.6541552168252673;0.78201914368194
aliked_lightglue_upright_true_nfeat_8000_resize_1024_model_aliked-n16rot;miho_unduplex_max_iter_1500;opencv_magsac_fundamental_matrix_th_0.75_conf_0.9999_max_iters_100000;;0.24037625754822245;0.9613792300224304;0.7923134565353394;0.490824357039751;0.6431852693230778;0.7613539010633332;0.47164326504936216;0.6478399125383778;0.7818261430887695
aliked_lightglue_upright_true_nfeat_8000_resize_1024_model_aliked-n16rot;miho_unduplex_max_iter_1500;nnc_subpix_true_w_10_w_big_none_ref_images_both_scales_5_angles_5;opencv_magsac_fundamental_matrix_th_0.75_conf_0.9999_max_iters_100000;0.26342746615168117;0.9634326100349426;0.7746790051460266;0.43727890576040374;0.5759591624805662;0.7049656490023228;0.4566407943635772;0.6454874583863179;0.7861982481938228
aliked_lightglue_upright_true_nfeat_8000_resize_1024_model_aliked-n16rot;miho_duplex_max_iter_2000;opencv_magsac_fundamental_matrix_th_0.75_conf_0.9999_max_iters_100000;;0.2365623408298227;0.9617558717727661;0.7949141263961792;0.4957201314187305;0.6441330394338118;0.7642129850182326;0.47702158572728576;0.6550712337089021;0.7883058937002067
aliked_lightglue_upright_true_nfeat_8000_resize_1024_model_aliked-n16rot;miho_duplex_max_iter_2000;nnc_subpix_true_w_10_w_big_none_ref_images_both_scales_5_angles_5;opencv_magsac_fundamental_matrix_th_0.75_conf_0.9999_max_iters_100000;0.2551392009926987;0.965969443321228;0.783725917339325;0.4481535643115572;0.591412600464454;0.7239715338315722;0.4772502746297177;0.6575175643217299;0.7832455780485207
aliked_lightglue_upright_true_nfeat_8000_resize_1024_model_aliked-n16rot;miho_unduplex_max_iter_2000;opencv_magsac_fundamental_matrix_th_0.75_conf_0.9999_max_iters_100000;;0.24010923298064607;0.9613979458808899;0.7925716042518616;0.4908475604656394;0.6435247059653018;0.7631068343488311;0.4757908602039095;0.6517608127421706;0.7844459394466299
aliked_lightglue_upright_true_nfeat_8000_resize_1024_model_aliked-n16rot;miho_unduplex_max_iter_2000;nnc_subpix_true_w_10_w_big_none_ref_images_both_scales_5_angles_5;opencv_magsac_fundamental_matrix_th_0.75_conf_0.9999_max_iters_100000;0.26342109732047614;0.9638293981552124;0.7746586799621582;0.43941389967412964;0.5761964278647989;0.7035153818606343;0.4663234241213729;0.650727599749736;0.7895231519787697
aliked_lightglue_upright_true_nfeat_8000_resize_1024_model_aliked-n16rot;opencv_magsac_fundamental_matrix_th_0.75_conf_0.9999_max_iters_100000;;;0.23555840274487055;0.9617151021957397;0.7953092455863953;0.4953029135079513;0.6459073665174008;0.766392106360575;0.47533272554467976;0.6551602432016532;0.7880120356374339
aliked_lightglue_upright_true_nfeat_8000_resize_1024_model_aliked-n16rot;nnc_subpix_true_w_10_w_big_none_ref_images_both_scales_5_angles_5;opencv_magsac_fundamental_matrix_th_0.75_conf_0.9999_max_iters_100000;;0.42343563702397674;0.8997179269790649;0.570322573184967;0.29547123018384824;0.40458922636387984;0.5259147755114145;0.34431720925094983;0.4929279935185469;0.6344446138836933
aliked_lightglue_upright_true_nfeat_8000_resize_1024_model_aliked-n16rot;gms;opencv_magsac_fundamental_matrix_th_0.75_conf_0.9999_max_iters_100000;;0.36958987027675655;0.919082522392273;0.6527581214904785;0.4430603931665413;0.589695604686655;0.7063057510785663;0.422668970676977;0.5868731546015205;0.7139274552407728
aliked_lightglue_upright_true_nfeat_8000_resize_1024_model_aliked-n16rot;oanet;opencv_magsac_fundamental_matrix_th_0.75_conf_0.9999_max_iters_100000;;0.9112498054888911;0.9492180943489075;0.09183291345834732;0.05383373551089282;0.11708389741296599;0.23263531309177804;0.1021651611831725;0.2180117587193376;0.38442658415821923
aliked_lightglue_upright_true_nfeat_8000_resize_1024_model_aliked-n16rot;adalam_th_0.6400000000000001_scale_th_1.5_ori_th_30;opencv_magsac_fundamental_matrix_th_0.75_conf_0.9999_max_iters_100000;;0.23555840274487055;0.9617151021957397;0.7953092455863953;0.4953029135079513;0.6459073665174008;0.766392106360575;0.47533272554467976;0.6551602432016532;0.7880120356374339
aliked_lightglue_upright_true_nfeat_8000_resize_1024_model_aliked-n16rot;acne_outdoor_true;opencv_magsac_fundamental_matrix_th_0.75_conf_0.9999_max_iters_100000;;0.5146639579206256;0.9596462845802307;0.5047890543937683;0.24455823805592228;0.39550937733964286;0.560084550643054;0.3496109909934355;0.5361243958051395;0.699573092783025
aliked_lightglue_upright_true_nfeat_8000_resize_1024_model_aliked-n16rot;consensusclustering_th_7_max_tanimoto_similarity_0.75_cluster_assignment_hard;opencv_magsac_fundamental_matrix_th_0.75_conf_0.9999_max_iters_100000;;0.3574678896597298;0.8864165544509888;0.6674219369888306;0.3518222137203507;0.4918919743747283;0.6174009628177866;0.39983935495728024;0.5692909577450405;0.6992729210206248
aliked_lightglue_upright_true_nfeat_8000_resize_1024_model_aliked-n16rot;dematch_outdoor_true_inlier_threshold_0.0;opencv_magsac_fundamental_matrix_th_0.75_conf_0.9999_max_iters_100000;;0.709377272438753;0.9504002332687378;0.29961732029914856;0.15030367228056002;0.2663659226023148;0.40101395879779045;0.23028182412027703;0.40927378345387505;0.5879412790183822
aliked_lightglue_upright_true_nfeat_8000_resize_1024_model_aliked-n16rot;convmatch_outdoor_true_inlier_threshold_0.0;opencv_magsac_fundamental_matrix_th_0.75_conf_0.9999_max_iters_100000;;0.7256201666626575;0.9438871741294861;0.2831328213214874;0.16919963193352985;0.2921578646352077;0.44252963147611146;0.24728804101693308;0.42884432705128095;0.6046627516603431
aliked_lightglue_upright_true_nfeat_8000_resize_1024_model_aliked-n16rot;fcgnn;opencv_magsac_fundamental_matrix_th_0.75_conf_0.9999_max_iters_100000;;0.1751364771291666;0.9728963375091553;0.8742063641548157;0.5311523430060724;0.6770761371419243;0.7910287344644349;0.49008441592385144;0.6652870681911663;0.7932073993182228
aliked_lightglue_upright_true_nfeat_8000_resize_1024_model_aliked-n16rot;clnet_inlier_threshold_0.0001;opencv_magsac_fundamental_matrix_th_0.75_conf_0.9999_max_iters_100000;;0.32633332788566966;0.9583804607391357;0.6989706754684448;0.2763335821774211;0.41735461891051573;0.5710848982338229;0.3860608921513953;0.5708505528697475;0.7206817115852653
aliked_lightglue_upright_true_nfeat_8000_resize_1024_model_aliked-n16rot;ms2dgnet;opencv_magsac_fundamental_matrix_th_0.75_conf_0.9999_max_iters_100000;;0.7685219565131522;0.9599095582962036;0.2416786253452301;0.24159798791999548;0.38287402271703636;0.537649562639726;0.2249441886839442;0.3884540837503073;0.5671228898350645
aliked_lightglue_upright_true_nfeat_8000_resize_1024_model_aliked-n16rot;ncmnet_obj_geod_th_0.0001;opencv_magsac_fundamental_matrix_th_0.75_conf_0.9999_max_iters_100000;;0.315988476328207;0.9588350057601929;0.7101832628250122;0.2779874117267166;0.4312943600483763;0.588584404636306;0.37889359292744473;0.5677210720899979;0.7235026747409449
