pipe_module_0;pipe_module_1;pipe_module_2;pipe_module_3;filtered_of_788;F_precision;F_recall;F_AUC@5;F_AUC@10;F_AUC@20;E_AUC@5;E_AUC@10;E_AUC@20
loftr_outdoor_false_upright_true;;;;0.0;0.5833936333656311;0.9897778034210205;0.003190599754156641;0.015623134527401567;0.053044923373538666;0.19671700650575588;0.35866341933847223;0.5204154701986233
loftr_outdoor_false_upright_true;miho_duplex_max_iter_500;;;0.09195022077536145;0.6043882369995117;0.9453432559967041;0.007937338726155574;0.027339452715158648;0.07411820080452217;0.18117364063841762;0.35269563665131787;0.5088381545443588
loftr_outdoor_false_upright_true;miho_duplex_max_iter_500;opencv_magsac_fundamental_matrix_th_1.0_conf_0.9999_max_iters_100000;;0.4984357835048193;0.6982295513153076;0.5874217748641968;0.15231001145993914;0.2901228480719236;0.4343016539588234;0.1884074798789935;0.3500622033207367;0.509717238289855
loftr_outdoor_false_upright_true;miho_duplex_max_iter_500;nnc_subpix_true_w_10_w_big_none_ref_images_both_scales_5_angles_5;;0.09195022077536145;0.5609350800514221;0.9035157561302185;0.0076021669392962645;0.022535084124828665;0.06875730338773009;0.18657833841541632;0.3470866924219048;0.4972529057796189
loftr_outdoor_false_upright_true;miho_duplex_max_iter_500;nnc_subpix_true_w_10_w_big_none_ref_images_both_scales_5_angles_5;opencv_magsac_fundamental_matrix_th_1.0_conf_0.9999_max_iters_100000;0.5859554217194506;0.6912378668785095;0.4885844588279724;0.1401422337390173;0.27560156679716763;0.40993473902128424;0.18850820061970636;0.35989641748689627;0.5108325031753895
loftr_outdoor_false_upright_true;miho_unduplex_max_iter_500;;;0.1733307895432788;0.6281506419181824;0.8935986757278442;0.012947200915638868;0.03993296442347084;0.10661140199517605;0.18214020748836787;0.3551324890622968;0.5195366761822824
loftr_outdoor_false_upright_true;miho_unduplex_max_iter_500;opencv_magsac_fundamental_matrix_th_1.0_conf_0.9999_max_iters_100000;;0.5101690405635411;0.7032229900360107;0.5816743969917297;0.15355079803719382;0.2902229338412042;0.4359561549534038;0.1947732610374746;0.3543773029311482;0.5113450599168402
loftr_outdoor_false_upright_true;miho_unduplex_max_iter_500;nnc_subpix_true_w_10_w_big_none_ref_images_both_scales_5_angles_5;;0.1733307895432788;0.580392599105835;0.8453757762908936;0.012493231802791991;0.03735458609938976;0.09995296464114849;0.16808055817518913;0.3305155839758176;0.48781337865691893
loftr_outdoor_false_upright_true;miho_unduplex_max_iter_500;nnc_subpix_true_w_10_w_big_none_ref_images_both_scales_5_angles_5;opencv_magsac_fundamental_matrix_th_1.0_conf_0.9999_max_iters_100000;0.6016921336435598;0.6933631896972656;0.47258222103118896;0.13629792538971436;0.2615607008952491;0.39357962663457047;0.1921222781893516;0.34844350803483304;0.4977899282500441
loftr_outdoor_false_upright_true;miho_duplex_max_iter_1000;;;0.08659105517550258;0.6028799414634705;0.9485785961151123;0.007114271470672839;0.027383315659192997;0.07782474543369464;0.19111438253184015;0.3601149996306683;0.5142203195806633
loftr_outdoor_false_upright_true;miho_duplex_max_iter_1000;opencv_magsac_fundamental_matrix_th_1.0_conf_0.9999_max_iters_100000;;0.49729596908588475;0.6981862187385559;0.5901715159416199;0.15758862953412733;0.29236299729440557;0.43751336330990886;0.1897528714662941;0.35614164053350594;0.5144202265142834
loftr_outdoor_false_upright_true;miho_duplex_max_iter_1000;nnc_subpix_true_w_10_w_big_none_ref_images_both_scales_5_angles_5;;0.08659105517550258;0.5599751472473145;0.9059420228004456;0.004328299010022027;0.02305275465369353;0.07408928542498855;0.18311636779498433;0.3523461484464018;0.5027488699810047
loftr_outdoor_false_upright_true;miho_duplex_max_iter_1000;nnc_subpix_true_w_10_w_big_none_ref_images_both_scales_5_angles_5;opencv_magsac_fundamental_matrix_th_1.0_conf_0.9999_max_iters_100000;0.5848965413833008;0.6928253769874573;0.48953863978385925;0.139639980741376;0.27219101593041584;0.4133246345192437;0.19400064706713588;0.3606172531124418;0.5144199706667962
loftr_outdoor_false_upright_true;miho_unduplex_max_iter_1000;;;0.16644667140711436;0.6232511401176453;0.8954125046730042;0.01086205743891184;0.04037442686791424;0.10603170115142672;0.1864179295550097;0.3515511420211717;0.5095935009425475
loftr_outdoor_false_upright_true;miho_unduplex_max_iter_1000;opencv_magsac_fundamental_matrix_th_1.0_conf_0.9999_max_iters_100000;;0.5090323865280999;0.6985743641853333;0.5780953168869019;0.1506589109098903;0.28567787028654823;0.427121320089719;0.1917372088342997;0.35133201377081263;0.5101093133046607
loftr_outdoor_false_upright_true;miho_unduplex_max_iter_1000;nnc_subpix_true_w_10_w_big_none_ref_images_both_scales_5_angles_5;;0.16644667140711436;0.576806366443634;0.8508377075195312;0.010809773511278976;0.04019962507727613;0.0998047984506166;0.16937886968254917;0.3365236192507758;0.4945662083021062
loftr_outdoor_false_upright_true;miho_unduplex_max_iter_1000;nnc_subpix_true_w_10_w_big_none_ref_images_both_scales_5_angles_5;opencv_magsac_fundamental_matrix_th_1.0_conf_0.9999_max_iters_100000;0.6010747630744727;0.6929521560668945;0.4720941185951233;0.1388457336714351;0.26317625618257134;0.3957371505041561;0.18566864757046891;0.34861644237240785;0.5036492482502098
loftr_outdoor_false_upright_true;miho_duplex_max_iter_1500;;;0.08338197444783906;0.6022976040840149;0.9519767165184021;0.007470260693458017;0.02690317265548441;0.07536460650960755;0.17793803943813477;0.3519645057607777;0.5156484266626481
loftr_outdoor_false_upright_true;miho_duplex_max_iter_1500;opencv_magsac_fundamental_matrix_th_1.0_conf_0.9999_max_iters_100000;;0.4964655921183293;0.6970173120498657;0.5911918878555298;0.15854505624725337;0.2950021367826437;0.4406671794682356;0.19264682686246612;0.36245522879350456;0.5201509308623158
loftr_outdoor_false_upright_true;miho_duplex_max_iter_1500;nnc_subpix_true_w_10_w_big_none_ref_images_both_scales_5_angles_5;;0.08338197444783906;0.5593727231025696;0.9082980155944824;0.0048676831930782125;0.023090536906047822;0.07014733843644212;0.18485832435065913;0.34973491901172915;0.5026206708444112
loftr_outdoor_false_upright_true;miho_duplex_max_iter_1500;nnc_subpix_true_w_10_w_big_none_ref_images_both_scales_5_angles_5;opencv_magsac_fundamental_matrix_th_1.0_conf_0.9999_max_iters_100000;0.5841328784117013;0.692328929901123;0.4928695559501648;0.13373201113076835;0.263346765848647;0.39903791473885275;0.17893143268644301;0.34828920521657364;0.5056158666230746
loftr_outdoor_false_upright_true;miho_unduplex_max_iter_1500;;;0.16440857799323633;0.6246708631515503;0.9004181027412415;0.011916494220993104;0.0419969333702858;0.11019135959801925;0.19063815721279836;0.3572117781544054;0.5162528447134768
loftr_outdoor_false_upright_true;miho_unduplex_max_iter_1500;opencv_magsac_fundamental_matrix_th_1.0_conf_0.9999_max_iters_100000;;0.5081492175649609;0.699999988079071;0.5799741148948669;0.1557749335407323;0.29159797754055894;0.4337861152778988;0.18752668459900174;0.3508688188973863;0.5077639077103774
loftr_outdoor_false_upright_true;miho_unduplex_max_iter_1500;nnc_subpix_true_w_10_w_big_none_ref_images_both_scales_5_angles_5;;0.16440857799323633;0.5779963135719299;0.8554919958114624;0.011312374681549506;0.04091447760211977;0.10893547686711298;0.18233459893338422;0.3507322338183866;0.5042548164460939
loftr_outdoor_false_upright_true;miho_unduplex_max_iter_1500;nnc_subpix_true_w_10_w_big_none_ref_images_both_scales_5_angles_5;opencv_magsac_fundamental_matrix_th_1.0_conf_0.9999_max_iters_100000;0.6001938634336157;0.6954753398895264;0.47622206807136536;0.13614870047486102;0.2687883936382616;0.4048433344708048;0.1947485705325722;0.34799670258951515;0.5014542149155649
loftr_outdoor_false_upright_true;miho_duplex_max_iter_2000;;;0.08205097303104196;0.6024860143661499;0.9502472877502441;0.008012307730665219;0.027097887898101348;0.0751118149362846;0.19483453330407063;0.3635388672238708;0.5200428001863329
loftr_outdoor_false_upright_true;miho_duplex_max_iter_2000;opencv_magsac_fundamental_matrix_th_1.0_conf_0.9999_max_iters_100000;;0.49649447192691437;0.697927713394165;0.5919102430343628;0.15433136627452643;0.28990692109339405;0.4360931375130631;0.19176445183094826;0.35771907215525095;0.5157716032647087
loftr_outdoor_false_upright_true;miho_duplex_max_iter_2000;nnc_subpix_true_w_10_w_big_none_ref_images_both_scales_5_angles_5;;0.08205097303104196;0.5596117377281189;0.9078600406646729;0.0057311654797105194;0.022826357829004915;0.06890954732272171;0.19407785351863374;0.3537560940993441;0.5021884964992915
loftr_outdoor_false_upright_true;miho_duplex_max_iter_2000;nnc_subpix_true_w_10_w_big_none_ref_images_both_scales_5_angles_5;opencv_magsac_fundamental_matrix_th_1.0_conf_0.9999_max_iters_100000;0.5849350667293856;0.6902183294296265;0.4853084981441498;0.1358642072595984;0.2702179362720533;0.40451653915786556;0.18157361762221122;0.3524086733798259;0.5097379376430031
loftr_outdoor_false_upright_true;miho_unduplex_max_iter_2000;;;0.16179911791028898;0.6244820356369019;0.9024498462677002;0.012716548507733369;0.041076571625512495;0.11190114775770732;0.19231058014711983;0.35929457036380313;0.5176318526307941
loftr_outdoor_false_upright_true;miho_unduplex_max_iter_2000;opencv_magsac_fundamental_matrix_th_1.0_conf_0.9999_max_iters_100000;;0.5075788499880053;0.7004820704460144;0.5804169774055481;0.1574589257209984;0.2960551164193309;0.43873983383223136;0.1922405785610465;0.35987170139389923;0.5173561259115761
loftr_outdoor_false_upright_true;miho_unduplex_max_iter_2000;nnc_subpix_true_w_10_w_big_none_ref_images_both_scales_5_angles_5;;0.16179911791028898;0.5773959159851074;0.855947732925415;0.009057039784502712;0.035752862624440065;0.1046490891045901;0.17353222682076705;0.3383251100322147;0.4925437639615507
loftr_outdoor_false_upright_true;miho_unduplex_max_iter_2000;nnc_subpix_true_w_10_w_big_none_ref_images_both_scales_5_angles_5;opencv_magsac_fundamental_matrix_th_1.0_conf_0.9999_max_iters_100000;0.5991909276819161;0.6954529285430908;0.4791997969150543;0.13208245927117587;0.26259261302691933;0.40138110793326687;0.1765508501704282;0.3355099960736982;0.49544359767745016
loftr_outdoor_false_upright_true;opencv_magsac_fundamental_matrix_th_1.0_conf_0.9999_max_iters_100000;;;0.49414749001702146;0.6951448321342468;0.593147873878479;0.156371514976912;0.2967484642642189;0.4443247869137624;0.19589681865525932;0.3597125840242634;0.5162383825778589
loftr_outdoor_false_upright_true;nnc_subpix_true_w_10_w_big_none_ref_images_both_scales_5_angles_5;;;0.0;0.5274467468261719;0.9347108602523804;0.0030509437669407023;0.01376383345555424;0.0483916706677335;0.14080300863537906;0.301871399057455;0.4586462813733726
loftr_outdoor_false_upright_true;nnc_subpix_true_w_10_w_big_none_ref_images_both_scales_5_angles_5;opencv_magsac_fundamental_matrix_th_1.0_conf_0.9999_max_iters_100000;;0.628695087013075;0.679006814956665;0.43101927638053894;0.10417975469148714;0.21761659749915677;0.3548012784838183;0.15600243978108908;0.30829444164568676;0.4561608522642504
loftr_outdoor_false_upright_true;gms;;;0.3937241517916964;0.6590536236763;0.6710196137428284;0.03814933093040347;0.10264902661638345;0.20167144213198399;0.15865653615570158;0.3083675674441713;0.45721920182342435
loftr_outdoor_false_upright_true;gms;opencv_magsac_fundamental_matrix_th_1.0_conf_0.9999_max_iters_100000;;0.5927026083280854;0.6875565648078918;0.47141316533088684;0.13691779882672697;0.26372135698389476;0.39322087656154525;0.1648189267892623;0.31318792842557114;0.4593978309704686
loftr_outdoor_false_upright_true;oanet;;;0.8421716361491138;0.6490386724472046;0.17769372463226318;0.009758906896400275;0.033974531753104165;0.08623598042893084;0.05110816649161791;0.12371647801119841;0.2308966271616935
loftr_outdoor_false_upright_true;oanet;opencv_magsac_fundamental_matrix_th_1.0_conf_0.9999_max_iters_100000;;0.8781756703700083;0.6656421422958374;0.1407880038022995;0.0201032636158821;0.05985255749176801;0.13245854128004872;0.04387334139697596;0.11564111693623084;0.21682714294278282
loftr_outdoor_false_upright_true;adalam_th_0.6400000000000001_scale_th_1.5_ori_th_30;;;0.0;0.5833936333656311;0.9897778034210205;0.003190599754156641;0.015623134527401567;0.053044923373538666;0.19671700650575588;0.35866341933847223;0.5204154701986233
loftr_outdoor_false_upright_true;adalam_th_0.6400000000000001_scale_th_1.5_ori_th_30;opencv_magsac_fundamental_matrix_th_1.0_conf_0.9999_max_iters_100000;;0.49414749001702146;0.6951448321342468;0.593147873878479;0.156371514976912;0.2967484642642189;0.4443247869137624;0.19589681865525932;0.3597125840242634;0.5162383825778589
loftr_outdoor_false_upright_true;acne_outdoor_false;;;0.4995011243750062;0.6547384262084961;0.5642048120498657;0.017135330601083;0.06076587622661227;0.14338185984219684;0.13309714835888237;0.2667207677589082;0.42213758941930424
loftr_outdoor_false_upright_true;acne_outdoor_false;opencv_magsac_fundamental_matrix_th_1.0_conf_0.9999_max_iters_100000;;0.6679237193567341;0.6964155435562134;0.3929274082183838;0.06672025518150265;0.16143619282393193;0.2981040585460347;0.13161555345569498;0.27090242196601866;0.4265636054479833
loftr_outdoor_false_upright_true;dematch_outdoor_false_inlier_threshold_0.0;;;0.658520414853145;0.6701029539108276;0.4006933569908142;0.014708693273151649;0.047027450896678424;0.13122180886932394;0.09251524024350051;0.20063720563557036;0.33346035521943784
loftr_outdoor_false_upright_true;dematch_outdoor_false_inlier_threshold_0.0;opencv_magsac_fundamental_matrix_th_1.0_conf_0.9999_max_iters_100000;;0.7537652314219282;0.6906121373176575;0.2919486463069916;0.03524573816523253;0.09038025470930848;0.19422813915244713;0.08505968850712523;0.19639393945257963;0.3388970111063622
loftr_outdoor_false_upright_true;convmatch_outdoor_false_inlier_threshold_0.0;;;0.7708980546661548;0.664817750453949;0.2934165298938751;0.014970149873597304;0.056356060301343124;0.14082910908498386;0.059385380441769886;0.1621500232374382;0.29840424853749303
loftr_outdoor_false_upright_true;convmatch_outdoor_false_inlier_threshold_0.0;opencv_magsac_fundamental_matrix_th_1.0_conf_0.9999_max_iters_100000;;0.8354173920120088;0.664523184299469;0.21302784979343414;0.028253375022775286;0.07926626313289167;0.16958920545039255;0.061966341477845834;0.16531095490005968;0.29800639747485597
loftr_outdoor_false_upright_true;fcgnn;;;0.36094803936269454;0.6803472638130188;0.7271131277084351;0.04555853509055332;0.10442316455836875;0.19427193806575668;0.18455783989086433;0.3461681131563167;0.4958436922328553
loftr_outdoor_false_upright_true;fcgnn;opencv_magsac_fundamental_matrix_th_1.0_conf_0.9999_max_iters_100000;;0.5053530531292669;0.7164281606674194;0.5871922373771667;0.14655156120620733;0.28963628747806675;0.4320767355110749;0.18337236658310863;0.34846564280195086;0.49807331283238493
loftr_outdoor_false_upright_true;clnet_inlier_threshold_0.0001;;;0.5142338122021355;0.6761821508407593;0.5561103224754333;0.010760832938006662;0.03308756157057107;0.0851934486787099;0.11442381239209239;0.24297846492435166;0.39043639159180316
loftr_outdoor_false_upright_true;clnet_inlier_threshold_0.0001;opencv_magsac_fundamental_matrix_th_1.0_conf_0.9999_max_iters_100000;;0.6495367134623586;0.6998251676559448;0.40849384665489197;0.03864050922042855;0.1141287133839862;0.22736490538194715;0.10195148399729692;0.22977810826772208;0.372459904834388
loftr_outdoor_false_upright_true;ms2dgnet;;;0.7079444647359733;0.6603542566299438;0.3425077795982361;0.003641666986988244;0.010883306591753659;0.02967408811249746;0.0733939111426986;0.17121018540566274;0.30142651327839304
loftr_outdoor_false_upright_true;ms2dgnet;opencv_magsac_fundamental_matrix_th_1.0_conf_0.9999_max_iters_100000;;0.8099410439027688;0.7057439684867859;0.23483172059059143;0.04796432370041705;0.11904246339581699;0.2282054392709421;0.0783989920009392;0.1807897649885422;0.3102901867707087
loftr_outdoor_false_upright_true;ncmnet_obj_geod_th_0.0001;;;0.4857685276841293;0.6754767894744873;0.5879455208778381;0.021398438600589514;0.05518584517660692;0.12666222864165794;0.1272174608468343;0.26851274553961213;0.4133416571197145
loftr_outdoor_false_upright_true;ncmnet_obj_geod_th_0.0001;opencv_magsac_fundamental_matrix_th_1.0_conf_0.9999_max_iters_100000;;0.627205817078256;0.6967266201972961;0.43394050002098083;0.05882795441406977;0.1431933451108107;0.2587444919477953;0.12903057108779464;0.26347543436249904;0.40798133455084906
loftr_outdoor_false_upright_true;miho_duplex_max_iter_500;opencv_magsac_fundamental_matrix_th_0.75_conf_0.9999_max_iters_100000;;0.5696305542525958;0.699456512928009;0.5033166408538818;0.15592786646329787;0.2907674150729457;0.4400585277253516;0.20225661511359289;0.36802760296241716;0.5215541458229935
loftr_outdoor_false_upright_true;miho_duplex_max_iter_500;nnc_subpix_true_w_10_w_big_none_ref_images_both_scales_5_angles_5;opencv_magsac_fundamental_matrix_th_0.75_conf_0.9999_max_iters_100000;0.6384526724848569;0.6926673650741577;0.42739754915237427;0.13791812295917733;0.2714051006851193;0.41208233053754617;0.18450351897908582;0.3511435191967279;0.5002821713305861
loftr_outdoor_false_upright_true;miho_unduplex_max_iter_500;opencv_magsac_fundamental_matrix_th_0.75_conf_0.9999_max_iters_100000;;0.5798238335029213;0.7048632502555847;0.49803441762924194;0.15610011273964863;0.29343294548277044;0.4378077633477659;0.19103426298899082;0.3546634224572802;0.5155773589147252
loftr_outdoor_false_upright_true;miho_unduplex_max_iter_500;nnc_subpix_true_w_10_w_big_none_ref_images_both_scales_5_angles_5;opencv_magsac_fundamental_matrix_th_0.75_conf_0.9999_max_iters_100000;0.652781432717604;0.6958935260772705;0.41245412826538086;0.13288108358944156;0.2639214868299401;0.4038208537578297;0.17865222161654426;0.33932480991660396;0.48949741396035584
loftr_outdoor_false_upright_true;miho_duplex_max_iter_1000;opencv_magsac_fundamental_matrix_th_0.75_conf_0.9999_max_iters_100000;;0.5692486761163247;0.6994056701660156;0.5045313835144043;0.15779484702428526;0.2903471783349515;0.43700153570201666;0.20470462824353114;0.36932373800468754;0.5242552540972245
loftr_outdoor_false_upright_true;miho_duplex_max_iter_1000;nnc_subpix_true_w_10_w_big_none_ref_images_both_scales_5_angles_5;opencv_magsac_fundamental_matrix_th_0.75_conf_0.9999_max_iters_100000;0.6375196851026994;0.6948480010032654;0.4278946816921234;0.14339879222445623;0.2819372690907828;0.41976127574184474;0.18751875845519006;0.35293786448479236;0.5053881611260209
loftr_outdoor_false_upright_true;miho_unduplex_max_iter_1000;opencv_magsac_fundamental_matrix_th_0.75_conf_0.9999_max_iters_100000;;0.5784200259281231;0.7012467384338379;0.496766597032547;0.15266301735416146;0.2854937484942403;0.4265547225704965;0.18411782019311076;0.35208724571966094;0.5076478664252728
loftr_outdoor_false_upright_true;miho_unduplex_max_iter_1000;nnc_subpix_true_w_10_w_big_none_ref_images_both_scales_5_angles_5;opencv_magsac_fundamental_matrix_th_0.75_conf_0.9999_max_iters_100000;0.6515329636234425;0.6948809623718262;0.4126041531562805;0.13795120244568312;0.2626950748867546;0.3991654103622141;0.17580336424535642;0.340215038561821;0.49474667091603985
loftr_outdoor_false_upright_true;miho_duplex_max_iter_1500;opencv_magsac_fundamental_matrix_th_0.75_conf_0.9999_max_iters_100000;;0.5688980704947113;0.6990577578544617;0.506226658821106;0.1590454277130379;0.29605183843325805;0.4426524464126168;0.1937570175768069;0.35726980976511785;0.5164683019393597
loftr_outdoor_false_upright_true;miho_duplex_max_iter_1500;nnc_subpix_true_w_10_w_big_none_ref_images_both_scales_5_angles_5;opencv_magsac_fundamental_matrix_th_0.75_conf_0.9999_max_iters_100000;0.6377666827934406;0.6944462656974792;0.42879635095596313;0.13737911536545364;0.2739076885475746;0.412292603238951;0.1865523520057698;0.3534581079335286;0.5075743376086628
loftr_outdoor_false_upright_true;miho_unduplex_max_iter_1500;opencv_magsac_fundamental_matrix_th_0.75_conf_0.9999_max_iters_100000;;0.5781540612512763;0.7026443481445312;0.49917739629745483;0.1548099428727235;0.29117225540196245;0.4341431025459902;0.19083174392352933;0.35430071381147077;0.5086739848622908
loftr_outdoor_false_upright_true;miho_unduplex_max_iter_1500;nnc_subpix_true_w_10_w_big_none_ref_images_both_scales_5_angles_5;opencv_magsac_fundamental_matrix_th_0.75_conf_0.9999_max_iters_100000;0.6520663094039599;0.6969680190086365;0.4157419502735138;0.13647778350966222;0.2668106637843718;0.4007779535751915;0.17919769178598086;0.3410116226002594;0.4954979411331325
loftr_outdoor_false_upright_true;miho_duplex_max_iter_2000;opencv_magsac_fundamental_matrix_th_0.75_conf_0.9999_max_iters_100000;;0.5686120382230188;0.6991848945617676;0.5059170126914978;0.15789760388280558;0.2959335285392094;0.4448902754942088;0.19028500589403602;0.3574336470104147;0.5190594032070412
loftr_outdoor_false_upright_true;miho_duplex_max_iter_2000;nnc_subpix_true_w_10_w_big_none_ref_images_both_scales_5_angles_5;opencv_magsac_fundamental_matrix_th_0.75_conf_0.9999_max_iters_100000;0.6378996505493104;0.6921990513801575;0.4232449531555176;0.13632982078804762;0.2771739704670232;0.41498241764656474;0.1860217133735529;0.3516233415706233;0.5041705132533105
loftr_outdoor_false_upright_true;miho_unduplex_max_iter_2000;opencv_magsac_fundamental_matrix_th_0.75_conf_0.9999_max_iters_100000;;0.5772332142713483;0.7026157379150391;0.49869295954704285;0.16457687400954218;0.3016513761814535;0.4431561532743421;0.1880604378594837;0.35367071335077543;0.5119135356247676
loftr_outdoor_false_upright_true;miho_unduplex_max_iter_2000;nnc_subpix_true_w_10_w_big_none_ref_images_both_scales_5_angles_5;opencv_magsac_fundamental_matrix_th_0.75_conf_0.9999_max_iters_100000;0.6506032485814962;0.6957303881645203;0.41662830114364624;0.1334015037693346;0.26461384962005263;0.3993352470701085;0.17340716875813036;0.3364494619047626;0.4893326050480769
loftr_outdoor_false_upright_true;opencv_magsac_fundamental_matrix_th_0.75_conf_0.9999_max_iters_100000;;;0.5665396292346727;0.697053074836731;0.5083305239677429;0.1619239171821965;0.2990034213774647;0.44668159086436665;0.19403656947930403;0.35759005730015386;0.5209843663852685
loftr_outdoor_false_upright_true;nnc_subpix_true_w_10_w_big_none_ref_images_both_scales_5_angles_5;opencv_magsac_fundamental_matrix_th_0.75_conf_0.9999_max_iters_100000;;0.6845192476543404;0.6803855895996094;0.3667888939380646;0.10681980186926769;0.22982003840126483;0.3669806864536501;0.15577147224526738;0.3071234659955263;0.45768848869453793
loftr_outdoor_false_upright_true;gms;opencv_magsac_fundamental_matrix_th_0.75_conf_0.9999_max_iters_100000;;0.6482301769479659;0.6875078678131104;0.4064784348011017;0.12864682695757967;0.2541641037604749;0.3871018549554211;0.1673242326611704;0.3129326393684364;0.4552421372155349
loftr_outdoor_false_upright_true;oanet;opencv_magsac_fundamental_matrix_th_0.75_conf_0.9999_max_iters_100000;;0.8909576487168535;0.6658096313476562;0.12504838407039642;0.02152024573764209;0.058659749981794795;0.12908068312448856;0.037258483813448526;0.10511702589736101;0.21438976652308384
loftr_outdoor_false_upright_true;adalam_th_0.6400000000000001_scale_th_1.5_ori_th_30;opencv_magsac_fundamental_matrix_th_0.75_conf_0.9999_max_iters_100000;;0.5665396292346727;0.697053074836731;0.5083305239677429;0.1619239171821965;0.2990034213774647;0.44668159086436665;0.19403656947930403;0.35759005730015386;0.5209843663852685
loftr_outdoor_false_upright_true;acne_outdoor_false;opencv_magsac_fundamental_matrix_th_0.75_conf_0.9999_max_iters_100000;;0.7113655564974536;0.6976386904716492;0.3410883843898773;0.06900202360695996;0.16303004491407433;0.29998246959502084;0.12993587493922973;0.26634729874384977;0.42615050647933506
loftr_outdoor_false_upright_true;dematch_outdoor_false_inlier_threshold_0.0;opencv_magsac_fundamental_matrix_th_0.75_conf_0.9999_max_iters_100000;;0.784816065024719;0.6903842687606812;0.2542998492717743;0.037294264502489766;0.09879092946987504;0.20322517888568553;0.07809042728290501;0.19058512013759774;0.3302875518501191
loftr_outdoor_false_upright_true;convmatch_outdoor_false_inlier_threshold_0.0;opencv_magsac_fundamental_matrix_th_0.75_conf_0.9999_max_iters_100000;;0.8550847552710507;0.6657207608222961;0.18645501136779785;0.03090328253850589;0.08176940054491347;0.1753549885401021;0.06692804447140935;0.1697663545004821;0.30602539020312025
loftr_outdoor_false_upright_true;fcgnn;opencv_magsac_fundamental_matrix_th_0.75_conf_0.9999_max_iters_100000;;0.5509878181075064;0.7172600626945496;0.5329406261444092;0.15401299093448947;0.2914809928018499;0.4302156024345839;0.182726847055652;0.34298785449490454;0.49538985541756675
loftr_outdoor_false_upright_true;clnet_inlier_threshold_0.0001;opencv_magsac_fundamental_matrix_th_0.75_conf_0.9999_max_iters_100000;;0.6955373625270889;0.699897289276123;0.3546939194202423;0.039477622154657846;0.1111014849742872;0.2237688747591715;0.11363919336814984;0.23859067299519504;0.38055906140806417
loftr_outdoor_false_upright_true;ms2dgnet;opencv_magsac_fundamental_matrix_th_0.75_conf_0.9999_max_iters_100000;;0.8323086699801037;0.7067596912384033;0.20621313154697418;0.046658087485536806;0.1157612093041402;0.22094157717819982;0.07193974099716943;0.17362091872844304;0.3123218977010837
loftr_outdoor_false_upright_true;ncmnet_obj_geod_th_0.0001;opencv_magsac_fundamental_matrix_th_0.75_conf_0.9999_max_iters_100000;;0.675913989804766;0.6974205374717712;0.3768758773803711;0.06050161930605376;0.1423264431244554;0.2609995450387061;0.12084812947314574;0.25394216203090336;0.3979109695215784
loftr_outdoor_false_upright_true;consensusclustering_th_7_max_tanimoto_similarity_0.75_cluster_assignment_hard;;;0.2688231143818864;0.6667693853378296;0.8052031993865967;0.047061263759600645;0.12262826033730331;0.2371188356977249;0.15693500252420933;0.3136746239325322;0.46641089154408133
loftr_outdoor_false_upright_true;consensusclustering_th_7_max_tanimoto_similarity_0.75_cluster_assignment_hard;opencv_magsac_fundamental_matrix_th_1.0_conf_0.9999_max_iters_100000;;0.5446532473677065;0.702782392501831;0.5329771041870117;0.12764922513610585;0.25294352946311965;0.3862982131875541;0.16236800697685924;0.31280094757184673;0.4653505889132
loftr_outdoor_false_upright_true;consensusclustering_th_7_max_tanimoto_similarity_0.75_cluster_assignment_hard;opencv_magsac_fundamental_matrix_th_0.75_conf_0.9999_max_iters_100000;;0.606582510048334;0.704491376876831;0.4602673351764679;0.13619859745336446;0.25690882593901526;0.3899527425245727;0.16117857365253158;0.3120927791605767;0.4652429821944956
