pipe_module_0;pipe_module_1;pipe_module_2;pipe_module_3;filtered_of_794;F_precision;F_recall;F_AUC@5;F_AUC@10;F_AUC@20;E_AUC@5;E_AUC@10;E_AUC@20
disk_lightglue_upright_true_nfeat_8000_resize_1024;;;;0.0;0.6284908652305603;0.8922666907310486;0.049196974477531644;0.10890061631177299;0.20581997223479265;0.12327627846771869;0.24722390097118926;0.37479890655676773
disk_lightglue_upright_true_nfeat_8000_resize_1024;miho_duplex_max_iter_500;;;0.20181718192277276;0.6075005531311035;0.7885634899139404;0.0490047118424076;0.10902060114381613;0.2086737914586508;0.11988358254017761;0.24508529465353304;0.37437632979566027
disk_lightglue_upright_true_nfeat_8000_resize_1024;miho_duplex_max_iter_500;opencv_magsac_fundamental_matrix_th_1.0_conf_0.9999_max_iters_100000;;0.44264542264314066;0.6261280179023743;0.5550240278244019;0.08890726012200756;0.1804410381476356;0.28201581913995166;0.12513106201940075;0.2491983120839162;0.3755929203792986
disk_lightglue_upright_true_nfeat_8000_resize_1024;miho_duplex_max_iter_500;nnc_subpix_true_w_10_w_big_none_ref_images_both_scales_5_angles_5;;0.20181718192277276;0.5734572410583496;0.7887435555458069;0.025736396740803896;0.06891911666662505;0.14741133890570193;0.11598078906643591;0.2375502076565385;0.36940724496717514
disk_lightglue_upright_true_nfeat_8000_resize_1024;miho_duplex_max_iter_500;nnc_subpix_true_w_10_w_big_none_ref_images_both_scales_5_angles_5;opencv_magsac_fundamental_matrix_th_1.0_conf_0.9999_max_iters_100000;0.48990988394150947;0.6245073676109314;0.5149850249290466;0.08054291836747027;0.17158255246446055;0.2765775044748783;0.12607421130017826;0.2465859894777457;0.3674441928365151
disk_lightglue_upright_true_nfeat_8000_resize_1024;miho_unduplex_max_iter_500;;;0.24269034741491335;0.5939104557037354;0.7500662207603455;0.05130788113162906;0.11063932896816794;0.21165969512800023;0.1131985699545149;0.2393818742240942;0.37083411022875684
disk_lightglue_upright_true_nfeat_8000_resize_1024;miho_unduplex_max_iter_500;opencv_magsac_fundamental_matrix_th_1.0_conf_0.9999_max_iters_100000;;0.4707504759643802;0.6113907098770142;0.5295302867889404;0.08718586674037987;0.1771253564680368;0.27819504047098353;0.12697646525235595;0.24620413892375342;0.3707308703965291
disk_lightglue_upright_true_nfeat_8000_resize_1024;miho_unduplex_max_iter_500;nnc_subpix_true_w_10_w_big_none_ref_images_both_scales_5_angles_5;;0.24269034741491335;0.5592095255851746;0.7460360527038574;0.02634579740745549;0.07101848678551659;0.14397707342407579;0.11841299633462195;0.24038501319376118;0.364522560458436
disk_lightglue_upright_true_nfeat_8000_resize_1024;miho_unduplex_max_iter_500;nnc_subpix_true_w_10_w_big_none_ref_images_both_scales_5_angles_5;opencv_magsac_fundamental_matrix_th_1.0_conf_0.9999_max_iters_100000;0.514951649607081;0.6081559062004089;0.48938870429992676;0.08162474251878413;0.1698228218714333;0.27216130935418564;0.12476170073853884;0.24207635273854908;0.3666616540355675
disk_lightglue_upright_true_nfeat_8000_resize_1024;miho_duplex_max_iter_1000;;;0.2000494014952708;0.6088237762451172;0.7904415726661682;0.04991968856247127;0.1082177074652633;0.20796333995952;0.11932306747749899;0.24482784974441776;0.37286700523051436
disk_lightglue_upright_true_nfeat_8000_resize_1024;miho_duplex_max_iter_1000;opencv_magsac_fundamental_matrix_th_1.0_conf_0.9999_max_iters_100000;;0.4413510441366897;0.6271103620529175;0.5562120079994202;0.08821712381428497;0.1808261590798746;0.2825649824690416;0.1235173115270323;0.25126705909441016;0.3773318698402188
disk_lightglue_upright_true_nfeat_8000_resize_1024;miho_duplex_max_iter_1000;nnc_subpix_true_w_10_w_big_none_ref_images_both_scales_5_angles_5;;0.2000494014952708;0.5742592811584473;0.7889387011528015;0.027534314971866796;0.06909545526889367;0.14889251769090056;0.11459813996500023;0.23561491540320018;0.3680449109883025
disk_lightglue_upright_true_nfeat_8000_resize_1024;miho_duplex_max_iter_1000;nnc_subpix_true_w_10_w_big_none_ref_images_both_scales_5_angles_5;opencv_magsac_fundamental_matrix_th_1.0_conf_0.9999_max_iters_100000;0.48888318473725256;0.6249123215675354;0.5152567625045776;0.07846815018357162;0.1714491791369474;0.27255782061513184;0.1232842062084305;0.24641978262768047;0.36839187883783486
disk_lightglue_upright_true_nfeat_8000_resize_1024;miho_unduplex_max_iter_1000;;;0.23961635212975943;0.5947017669677734;0.7526273727416992;0.052598437549481826;0.11336551793555798;0.2139615343386329;0.11263226968804799;0.23943361616086634;0.3693049775928182
disk_lightglue_upright_true_nfeat_8000_resize_1024;miho_unduplex_max_iter_1000;opencv_magsac_fundamental_matrix_th_1.0_conf_0.9999_max_iters_100000;;0.4687205121199328;0.6115162968635559;0.5295597910881042;0.08407509923285572;0.17430510076275443;0.27382273746341496;0.12116239889526295;0.24020423412231745;0.36709382081482056
disk_lightglue_upright_true_nfeat_8000_resize_1024;miho_unduplex_max_iter_1000;nnc_subpix_true_w_10_w_big_none_ref_images_both_scales_5_angles_5;;0.23961635212975943;0.5601861476898193;0.7480480074882507;0.02806031030342354;0.07015693315122055;0.1423680694553572;0.1182852424541522;0.2379311423754947;0.3648651581885173
disk_lightglue_upright_true_nfeat_8000_resize_1024;miho_unduplex_max_iter_1000;nnc_subpix_true_w_10_w_big_none_ref_images_both_scales_5_angles_5;opencv_magsac_fundamental_matrix_th_1.0_conf_0.9999_max_iters_100000;0.5127390908509141;0.609285831451416;0.4910428822040558;0.07990918169708945;0.17070153631793344;0.27177005553573463;0.11710315023946465;0.2360639626687726;0.35941195660736536
disk_lightglue_upright_true_nfeat_8000_resize_1024;miho_duplex_max_iter_1500;;;0.19822151688199524;0.6098172068595886;0.7935251593589783;0.04889410687485204;0.1078420309985536;0.20674508977476283;0.114702457591768;0.24352002187661687;0.3748611395258581
disk_lightglue_upright_true_nfeat_8000_resize_1024;miho_duplex_max_iter_1500;opencv_magsac_fundamental_matrix_th_1.0_conf_0.9999_max_iters_100000;;0.4399515160685363;0.6288320422172546;0.559577465057373;0.09096913132417454;0.18358254885766256;0.2854693672965032;0.12576298692034735;0.2496400559109874;0.3779764746530093
disk_lightglue_upright_true_nfeat_8000_resize_1024;miho_duplex_max_iter_1500;nnc_subpix_true_w_10_w_big_none_ref_images_both_scales_5_angles_5;;0.19822151688199524;0.5749972462654114;0.789208173751831;0.027501176213446155;0.06919548081455942;0.14657151765288132;0.11981675791183335;0.23556704770580414;0.3639966807699683
disk_lightglue_upright_true_nfeat_8000_resize_1024;miho_duplex_max_iter_1500;nnc_subpix_true_w_10_w_big_none_ref_images_both_scales_5_angles_5;opencv_magsac_fundamental_matrix_th_1.0_conf_0.9999_max_iters_100000;0.48787703565604;0.6256690621376038;0.5158255100250244;0.07647813779207131;0.17136757058890772;0.27481501052479496;0.12695458724363745;0.2487992739107272;0.37369797866432525
disk_lightglue_upright_true_nfeat_8000_resize_1024;miho_unduplex_max_iter_1500;;;0.23879747146888178;0.5946816205978394;0.7533577680587769;0.05423367966513006;0.11551804184992025;0.21437898203945763;0.1168627663195783;0.24290501791540375;0.3716823445442266
disk_lightglue_upright_true_nfeat_8000_resize_1024;miho_unduplex_max_iter_1500;opencv_magsac_fundamental_matrix_th_1.0_conf_0.9999_max_iters_100000;;0.4681826490090513;0.6119531393051147;0.531323254108429;0.08789369181251384;0.1762145510478978;0.27792579682246676;0.12933063559182398;0.24645313543983302;0.3679503879818083
disk_lightglue_upright_true_nfeat_8000_resize_1024;miho_unduplex_max_iter_1500;nnc_subpix_true_w_10_w_big_none_ref_images_both_scales_5_angles_5;;0.23879747146888178;0.5600828528404236;0.7490600347518921;0.02927230376127902;0.07122469340340004;0.14428689596774213;0.11967466265345257;0.24016649974479592;0.36759480932559235
disk_lightglue_upright_true_nfeat_8000_resize_1024;miho_unduplex_max_iter_1500;nnc_subpix_true_w_10_w_big_none_ref_images_both_scales_5_angles_5;opencv_magsac_fundamental_matrix_th_1.0_conf_0.9999_max_iters_100000;0.5122709853883283;0.6096861362457275;0.4922017753124237;0.07722765641365484;0.16951322938991673;0.27317187125863573;0.114331025150642;0.2371873098333855;0.3652548928773657
disk_lightglue_upright_true_nfeat_8000_resize_1024;miho_duplex_max_iter_2000;;;0.1981173582612167;0.6096100211143494;0.7928627133369446;0.049301374046678205;0.10736419803135004;0.20565448055986826;0.11618214509857894;0.2432107030992209;0.37198967998409876
disk_lightglue_upright_true_nfeat_8000_resize_1024;miho_duplex_max_iter_2000;opencv_magsac_fundamental_matrix_th_1.0_conf_0.9999_max_iters_100000;;0.4397269082811273;0.6279078125953674;0.5582531094551086;0.08784393608124832;0.18082622703568027;0.2825215634426376;0.12787312660841263;0.2526025794779772;0.3790234639061115
disk_lightglue_upright_true_nfeat_8000_resize_1024;miho_duplex_max_iter_2000;nnc_subpix_true_w_10_w_big_none_ref_images_both_scales_5_angles_5;;0.1981173582612167;0.5744121074676514;0.7879214882850647;0.02662002616867883;0.0683848377392666;0.14627566813022974;0.11885812252352719;0.23722322231361387;0.3665998632256669
disk_lightglue_upright_true_nfeat_8000_resize_1024;miho_duplex_max_iter_2000;nnc_subpix_true_w_10_w_big_none_ref_images_both_scales_5_angles_5;opencv_magsac_fundamental_matrix_th_1.0_conf_0.9999_max_iters_100000;0.4879568892640902;0.6251881718635559;0.5146379470825195;0.07555992705046895;0.16722092597199212;0.2677500346583213;0.12330769419026968;0.2433745501903854;0.36477554164397846
disk_lightglue_upright_true_nfeat_8000_resize_1024;miho_unduplex_max_iter_2000;;;0.23912014316024716;0.5948664546012878;0.7529547214508057;0.053931768965559346;0.11503225103142571;0.21265721103382104;0.11554317659266293;0.24151991782777013;0.37041188978868533
disk_lightglue_upright_true_nfeat_8000_resize_1024;miho_unduplex_max_iter_2000;opencv_magsac_fundamental_matrix_th_1.0_conf_0.9999_max_iters_100000;;0.46857754821858194;0.6122620105743408;0.531132698059082;0.08652960343302027;0.17501265611027728;0.2776822591128917;0.12869301260965177;0.2491434726321672;0.3699417575032217
disk_lightglue_upright_true_nfeat_8000_resize_1024;miho_unduplex_max_iter_2000;nnc_subpix_true_w_10_w_big_none_ref_images_both_scales_5_angles_5;;0.23912014316024716;0.560078501701355;0.747265636920929;0.03047462483971377;0.0721980800905866;0.1441940845349704;0.1176963169581019;0.2412728134978283;0.36872738800862437
disk_lightglue_upright_true_nfeat_8000_resize_1024;miho_unduplex_max_iter_2000;nnc_subpix_true_w_10_w_big_none_ref_images_both_scales_5_angles_5;opencv_magsac_fundamental_matrix_th_1.0_conf_0.9999_max_iters_100000;0.5126959521097714;0.6094080805778503;0.490215539932251;0.08181344062955517;0.17286084984676542;0.27920345557886805;0.12016881882034118;0.2416153935559664;0.36734922904314726
disk_lightglue_upright_true_nfeat_8000_resize_1024;opencv_magsac_fundamental_matrix_th_1.0_conf_0.9999_max_iters_100000;;;0.3784754442753835;0.6348242163658142;0.5923490524291992;0.0902317836037871;0.1850264716327059;0.28630832167978765;0.12884456900265057;0.25105279113128137;0.37634158359496855
disk_lightglue_upright_true_nfeat_8000_resize_1024;nnc_subpix_true_w_10_w_big_none_ref_images_both_scales_5_angles_5;;;0.0;0.5800433158874512;0.8984678983688354;0.021799067450828945;0.060791142788445995;0.1341181099388618;0.09991482746251171;0.21615392755896928;0.34201871167655495
disk_lightglue_upright_true_nfeat_8000_resize_1024;nnc_subpix_true_w_10_w_big_none_ref_images_both_scales_5_angles_5;opencv_magsac_fundamental_matrix_th_1.0_conf_0.9999_max_iters_100000;;0.47506630743914185;0.6277252435684204;0.500249445438385;0.06387830769169969;0.1432519091526097;0.24727365153548325;0.10201637569494734;0.2151417568866747;0.3399331397324939
disk_lightglue_upright_true_nfeat_8000_resize_1024;gms;;;0.34478864181817676;0.6000974178314209;0.6470298767089844;0.05164870858124561;0.11594211258093205;0.21685178110546383;0.11488334393596226;0.23299615896496104;0.35538222228918326
disk_lightglue_upright_true_nfeat_8000_resize_1024;gms;opencv_magsac_fundamental_matrix_th_1.0_conf_0.9999_max_iters_100000;;0.5362082953013781;0.5915378928184509;0.45809245109558105;0.07881677551631452;0.16748803089564787;0.26632605526396425;0.11439421646215457;0.2278838729331285;0.3521549704772993
disk_lightglue_upright_true_nfeat_8000_resize_1024;oanet;;;0.8677758583999082;0.6349439024925232;0.10388574004173279;0.008026647955804609;0.025799481183852502;0.07807381076813015;0.02211671868539549;0.06533662583440474;0.14303468475386266
disk_lightglue_upright_true_nfeat_8000_resize_1024;oanet;opencv_magsac_fundamental_matrix_th_1.0_conf_0.9999_max_iters_100000;;0.9258170102805489;0.562071681022644;0.06781499832868576;0.008280784609759733;0.03018060579515288;0.08263148365978344;0.019530827186004605;0.06304660926873168;0.14169745531442796
disk_lightglue_upright_true_nfeat_8000_resize_1024;adalam_th_0.6400000000000001_scale_th_1.5_ori_th_30;;;0.0;0.6284908652305603;0.8922666907310486;0.049196974477531644;0.10890061631177299;0.20581997223479265;0.12327627846771869;0.24722390097118926;0.37479890655676773
disk_lightglue_upright_true_nfeat_8000_resize_1024;adalam_th_0.6400000000000001_scale_th_1.5_ori_th_30;opencv_magsac_fundamental_matrix_th_1.0_conf_0.9999_max_iters_100000;;0.3784754442753835;0.6348064541816711;0.5923252701759338;0.0902317836037871;0.1850264716327059;0.28630832167978765;0.12884456900265057;0.25105279113128137;0.37634158359496855
disk_lightglue_upright_true_nfeat_8000_resize_1024;acne_outdoor_false;;;0.4862427318061673;0.6468784213066101;0.4592546224594116;0.03414967209889907;0.07473925599142348;0.15182516961140607;0.06733666769626459;0.15308613904874674;0.2677573551485718
disk_lightglue_upright_true_nfeat_8000_resize_1024;acne_outdoor_false;opencv_magsac_fundamental_matrix_th_1.0_conf_0.9999_max_iters_100000;;0.6758765186409987;0.6309080123901367;0.3163798451423645;0.04193852018890169;0.09832358520736603;0.1891787383124066;0.07074590340235817;0.1591318631518003;0.27879855189033453
disk_lightglue_upright_true_nfeat_8000_resize_1024;consensusclustering_th_7_max_tanimoto_similarity_0.75_cluster_assignment_hard;;;0.2346768647558631;0.5213353633880615;0.6630893349647522;0.04152269461960964;0.09519335030448361;0.17268436215834618;0.09678326107665591;0.1931833389009459;0.29740122950447245
disk_lightglue_upright_true_nfeat_8000_resize_1024;consensusclustering_th_7_max_tanimoto_similarity_0.75_cluster_assignment_hard;opencv_magsac_fundamental_matrix_th_1.0_conf_0.9999_max_iters_100000;;0.5278483870380807;0.5181303024291992;0.4424175024032593;0.06636572271877852;0.14014989167021846;0.22558713912557926;0.09356995276562492;0.19818060440300983;0.302538990109399
disk_lightglue_upright_true_nfeat_8000_resize_1024;dematch_outdoor_false_inlier_threshold_0.0;;;0.6760804234977548;0.6460745930671692;0.2967528998851776;0.014273356983777869;0.0432747577570657;0.10367499985346407;0.041627024536504215;0.11056873132567449;0.20686530887781446
disk_lightglue_upright_true_nfeat_8000_resize_1024;dematch_outdoor_false_inlier_threshold_0.0;opencv_magsac_fundamental_matrix_th_1.0_conf_0.9999_max_iters_100000;;0.7901946635722473;0.6075024604797363;0.21022267639636993;0.016989339025697214;0.04855415302734489;0.1113711764383675;0.04413327483245627;0.10972200116636277;0.2078356562676466
disk_lightglue_upright_true_nfeat_8000_resize_1024;convmatch_outdoor_false_inlier_threshold_0.0;;;0.6550779846462051;0.6528418660163879;0.31832826137542725;0.01849161261104125;0.05960081084443072;0.13573313524560235;0.0661994547676405;0.15432274334055113;0.2601888455190431
disk_lightglue_upright_true_nfeat_8000_resize_1024;convmatch_outdoor_false_inlier_threshold_0.0;opencv_magsac_fundamental_matrix_th_1.0_conf_0.9999_max_iters_100000;;0.7818435083184802;0.6075714230537415;0.22403548657894135;0.024958285126794204;0.0768780733793348;0.15838254459155338;0.05614850447015669;0.1434175758088397;0.26181537441007163
disk_lightglue_upright_true_nfeat_8000_resize_1024;fcgnn;;;0.20880840680637125;0.6652806997299194;0.7222965359687805;0.07641352712807149;0.1604045757581173;0.2656768544517316;0.12189182401016947;0.2445390016075813;0.3784135802048173
disk_lightglue_upright_true_nfeat_8000_resize_1024;fcgnn;opencv_magsac_fundamental_matrix_th_1.0_conf_0.9999_max_iters_100000;;0.3578689685514405;0.6525387167930603;0.6278474926948547;0.09702683794482017;0.1981011661638749;0.3072537635630627;0.12729867873213824;0.24896408008300677;0.3774872587619048
disk_lightglue_upright_true_nfeat_8000_resize_1024;clnet_inlier_threshold_0.0001;;;0.35364437407677196;0.6525824666023254;0.5766754746437073;0.02260332362008618;0.05385580107903535;0.11436841876135029;0.09021661494479633;0.18505849497242027;0.29555721088398185
disk_lightglue_upright_true_nfeat_8000_resize_1024;clnet_inlier_threshold_0.0001;opencv_magsac_fundamental_matrix_th_1.0_conf_0.9999_max_iters_100000;;0.5895649781885645;0.6056374311447144;0.3929120600223541;0.0340422351914533;0.08338774060385443;0.16763664765271408;0.08622228511289687;0.1774050697789985;0.29751122124076135
disk_lightglue_upright_true_nfeat_8000_resize_1024;ms2dgnet;;;0.5683955145904365;0.6441694498062134;0.33253923058509827;0.024734217877775827;0.0649589353710093;0.1428303423723755;0.04781832037688975;0.1147089752777832;0.21625485857041254
disk_lightglue_upright_true_nfeat_8000_resize_1024;ms2dgnet;opencv_magsac_fundamental_matrix_th_1.0_conf_0.9999_max_iters_100000;;0.7342393065142463;0.631409764289856;0.22589965164661407;0.04358087552024874;0.09211800876624546;0.16778069132133527;0.05701156249805121;0.12593229011310092;0.22336206783957993
disk_lightglue_upright_true_nfeat_8000_resize_1024;ncmnet_obj_geod_th_0.0001;;;0.3106490781501533;0.6468454599380493;0.6191304922103882;0.025102986106471287;0.07053370395576138;0.1490247883782411;0.07999877464772398;0.18142585572670353;0.302209186137381
disk_lightglue_upright_true_nfeat_8000_resize_1024;ncmnet_obj_geod_th_0.0001;opencv_magsac_fundamental_matrix_th_1.0_conf_0.9999_max_iters_100000;;0.5593515470581267;0.5992114543914795;0.42365792393684387;0.04075492374603113;0.0933951920354151;0.180079924271126;0.08154873904966156;0.18246476986691149;0.3057026962533764
disk_lightglue_upright_true_nfeat_8000_resize_1024;miho_duplex_max_iter_500;opencv_magsac_fundamental_matrix_th_0.75_conf_0.9999_max_iters_100000;;0.5251682191394621;0.6274383068084717;0.471270352602005;0.09197755370642;0.18548487939051267;0.2885374064348552;0.12137373035395331;0.2445784262048149;0.3701425894514775
disk_lightglue_upright_true_nfeat_8000_resize_1024;miho_duplex_max_iter_500;nnc_subpix_true_w_10_w_big_none_ref_images_both_scales_5_angles_5;opencv_magsac_fundamental_matrix_th_0.75_conf_0.9999_max_iters_100000;0.5393384821981506;0.6256702542304993;0.4641929566860199;0.08691789429015664;0.18041599960430868;0.2819134386836487;0.12369783394592451;0.24290179488969077;0.3694920015916489
disk_lightglue_upright_true_nfeat_8000_resize_1024;miho_unduplex_max_iter_500;opencv_magsac_fundamental_matrix_th_0.75_conf_0.9999_max_iters_100000;;0.5520558917277737;0.6127830743789673;0.4468435049057007;0.09174238760848182;0.18266084271874536;0.2840386488762211;0.13086851818544754;0.25070182180463146;0.3706268835534734
disk_lightglue_upright_true_nfeat_8000_resize_1024;miho_unduplex_max_iter_500;nnc_subpix_true_w_10_w_big_none_ref_images_both_scales_5_angles_5;opencv_magsac_fundamental_matrix_th_0.75_conf_0.9999_max_iters_100000;0.5621749773368607;0.6093454360961914;0.4413408935070038;0.07847046424122836;0.16997199897600368;0.27005662781770884;0.11902088289395245;0.24486606657991059;0.3728643941001757
disk_lightglue_upright_true_nfeat_8000_resize_1024;miho_duplex_max_iter_1000;opencv_magsac_fundamental_matrix_th_0.75_conf_0.9999_max_iters_100000;;0.5242809780037306;0.6283149123191833;0.4714849293231964;0.09317194012298531;0.18726124408392403;0.2904032028712396;0.12045312892268376;0.24760472747368908;0.37186913646395964
disk_lightglue_upright_true_nfeat_8000_resize_1024;miho_duplex_max_iter_1000;nnc_subpix_true_w_10_w_big_none_ref_images_both_scales_5_angles_5;opencv_magsac_fundamental_matrix_th_0.75_conf_0.9999_max_iters_100000;0.5383199941495309;0.6259169578552246;0.4637422561645508;0.08693596976602605;0.17730229519306415;0.2764756233067236;0.1159774041624276;0.23583851265923678;0.3626339592905409
disk_lightglue_upright_true_nfeat_8000_resize_1024;miho_unduplex_max_iter_1000;opencv_magsac_fundamental_matrix_th_0.75_conf_0.9999_max_iters_100000;;0.5496847451374465;0.6130837798118591;0.447817862033844;0.0861671344992226;0.17755718424623484;0.2790995534682175;0.12372828989109089;0.2450496732223158;0.3688073212714417
disk_lightglue_upright_true_nfeat_8000_resize_1024;miho_unduplex_max_iter_1000;nnc_subpix_true_w_10_w_big_none_ref_images_both_scales_5_angles_5;opencv_magsac_fundamental_matrix_th_0.75_conf_0.9999_max_iters_100000;0.560576233746468;0.6102613806724548;0.44093888998031616;0.08007351677818828;0.17013662047373068;0.26981699232231426;0.12493348634222881;0.24229759663161352;0.36726478048089145
disk_lightglue_upright_true_nfeat_8000_resize_1024;miho_duplex_max_iter_1500;opencv_magsac_fundamental_matrix_th_0.75_conf_0.9999_max_iters_100000;;0.5231642361862004;0.6300260424613953;0.47415533661842346;0.09224352307667398;0.18577830788513772;0.2899584356147867;0.12401028405603047;0.2518258491206797;0.37695160582509357
disk_lightglue_upright_true_nfeat_8000_resize_1024;miho_duplex_max_iter_1500;nnc_subpix_true_w_10_w_big_none_ref_images_both_scales_5_angles_5;opencv_magsac_fundamental_matrix_th_0.75_conf_0.9999_max_iters_100000;0.5363706879480504;0.6272881627082825;0.4679320454597473;0.08514299274659254;0.17697979701465877;0.2767854806351;0.1234784077574905;0.24201215319391373;0.36849231087615475
disk_lightglue_upright_true_nfeat_8000_resize_1024;miho_unduplex_max_iter_1500;opencv_magsac_fundamental_matrix_th_0.75_conf_0.9999_max_iters_100000;;0.5493957940555743;0.6132431030273438;0.4484075605869293;0.08825942700249338;0.18056786473039907;0.28286635966259477;0.1198204994633048;0.24190423124319035;0.36766095507437685
disk_lightglue_upright_true_nfeat_8000_resize_1024;miho_unduplex_max_iter_1500;nnc_subpix_true_w_10_w_big_none_ref_images_both_scales_5_angles_5;opencv_magsac_fundamental_matrix_th_0.75_conf_0.9999_max_iters_100000;0.5595224806610599;0.6110470294952393;0.4431684613227844;0.07960888519472605;0.17314941377689722;0.27794357003317005;0.12170025060349676;0.2500911558119174;0.3766332969562476
disk_lightglue_upright_true_nfeat_8000_resize_1024;miho_duplex_max_iter_2000;opencv_magsac_fundamental_matrix_th_0.75_conf_0.9999_max_iters_100000;;0.5223376306658274;0.629470944404602;0.4740121066570282;0.09108229689627134;0.1839827595037461;0.28675297887738904;0.12393466746930733;0.2510994719794869;0.3749538016367537
disk_lightglue_upright_true_nfeat_8000_resize_1024;miho_duplex_max_iter_2000;nnc_subpix_true_w_10_w_big_none_ref_images_both_scales_5_angles_5;opencv_magsac_fundamental_matrix_th_0.75_conf_0.9999_max_iters_100000;0.5369962329063906;0.6261470913887024;0.466084748506546;0.08442173391951892;0.1748568318246824;0.27320969516069626;0.12322436751416806;0.23918363104232032;0.36476460120397797
disk_lightglue_upright_true_nfeat_8000_resize_1024;miho_unduplex_max_iter_2000;opencv_magsac_fundamental_matrix_th_0.75_conf_0.9999_max_iters_100000;;0.5492640575595522;0.612817645072937;0.44805315136909485;0.0884550190517972;0.18061340079658753;0.2810619532039277;0.11736606268325364;0.23827880859205025;0.36372424804352455
disk_lightglue_upright_true_nfeat_8000_resize_1024;miho_unduplex_max_iter_2000;nnc_subpix_true_w_10_w_big_none_ref_images_both_scales_5_angles_5;opencv_magsac_fundamental_matrix_th_0.75_conf_0.9999_max_iters_100000;0.5595238090303012;0.6107550263404846;0.4428475797176361;0.08050350345485899;0.1742882092816095;0.2774343324018689;0.1252053343511294;0.2481486856257213;0.3754408563333853
disk_lightglue_upright_true_nfeat_8000_resize_1024;opencv_magsac_fundamental_matrix_th_0.75_conf_0.9999_max_iters_100000;;;0.4635098857589349;0.6359906196594238;0.5066987872123718;0.09420476778788062;0.18502394281015383;0.2880808930055093;0.12523727945218519;0.24658407498510168;0.36813765490325057
disk_lightglue_upright_true_nfeat_8000_resize_1024;nnc_subpix_true_w_10_w_big_none_ref_images_both_scales_5_angles_5;opencv_magsac_fundamental_matrix_th_0.75_conf_0.9999_max_iters_100000;;0.5300834170881444;0.6291526556015015;0.44866302609443665;0.06820299517636061;0.14664654749133968;0.24893342333814178;0.106191558322364;0.2175979699304548;0.34521507220822023
disk_lightglue_upright_true_nfeat_8000_resize_1024;gms;opencv_magsac_fundamental_matrix_th_0.75_conf_0.9999_max_iters_100000;;0.6075847561297646;0.5936337113380432;0.38681355118751526;0.08002609080043228;0.1668561382583727;0.2681604943982677;0.11047914659068758;0.2291224305570921;0.3526670026661841
disk_lightglue_upright_true_nfeat_8000_resize_1024;oanet;opencv_magsac_fundamental_matrix_th_0.75_conf_0.9999_max_iters_100000;;0.9324947543351747;0.562207818031311;0.06104611977934837;0.009323092680481423;0.034098150067365815;0.08969209782303655;0.021934000186246905;0.06664542406020679;0.1464573816732257
disk_lightglue_upright_true_nfeat_8000_resize_1024;adalam_th_0.6400000000000001_scale_th_1.5_ori_th_30;opencv_magsac_fundamental_matrix_th_0.75_conf_0.9999_max_iters_100000;;0.4635098857589349;0.6359906196594238;0.5066987872123718;0.09420476778788062;0.18502394281015383;0.2880808930055093;0.12523727945218519;0.24658407498510168;0.36813765490325057
disk_lightglue_upright_true_nfeat_8000_resize_1024;acne_outdoor_false;opencv_magsac_fundamental_matrix_th_0.75_conf_0.9999_max_iters_100000;;0.7162442206179372;0.6317887902259827;0.2744919955730438;0.039826647893078916;0.09633669537337086;0.19018292568792172;0.0766930056613711;0.1658955149596851;0.27878534884891826
disk_lightglue_upright_true_nfeat_8000_resize_1024;consensusclustering_th_7_max_tanimoto_similarity_0.75_cluster_assignment_hard;opencv_magsac_fundamental_matrix_th_0.75_conf_0.9999_max_iters_100000;;0.5884458948704391;0.5200388431549072;0.3828796446323395;0.06931056415165261;0.13632020208520435;0.2195959623964014;0.09481612299335981;0.19236099108195912;0.2921919614138121
disk_lightglue_upright_true_nfeat_8000_resize_1024;dematch_outdoor_false_inlier_threshold_0.0;opencv_magsac_fundamental_matrix_th_0.75_conf_0.9999_max_iters_100000;;0.8158607061740283;0.6078112721443176;0.18300467729568481;0.014739763188440003;0.04954982145000085;0.11427351799790705;0.05233367063875236;0.12116807619265839;0.22183171423128348
disk_lightglue_upright_true_nfeat_8000_resize_1024;convmatch_outdoor_false_inlier_threshold_0.0;opencv_magsac_fundamental_matrix_th_0.75_conf_0.9999_max_iters_100000;;0.8087210897854706;0.60831218957901;0.19529405236244202;0.030298480390553256;0.08133165586663312;0.16580053136872047;0.0598615287602447;0.15220842155128472;0.26918287953559095
disk_lightglue_upright_true_nfeat_8000_resize_1024;fcgnn;opencv_magsac_fundamental_matrix_th_0.75_conf_0.9999_max_iters_100000;;0.389099432990745;0.6530422568321228;0.5957242250442505;0.09945409777053335;0.19671892775974548;0.30260347547212263;0.12696260392635275;0.25637060479523194;0.38040685288106174
disk_lightglue_upright_true_nfeat_8000_resize_1024;clnet_inlier_threshold_0.0001;opencv_magsac_fundamental_matrix_th_0.75_conf_0.9999_max_iters_100000;;0.6449475730663017;0.6066889762878418;0.3374406397342682;0.029773136013993968;0.07596455469235708;0.16003248140619028;0.07755377764566487;0.16997929359979158;0.29077206230106556
disk_lightglue_upright_true_nfeat_8000_resize_1024;ms2dgnet;opencv_magsac_fundamental_matrix_th_0.75_conf_0.9999_max_iters_100000;;0.7586964731852234;0.6334561109542847;0.20251749455928802;0.038417199394694686;0.08606341803039977;0.16261687821681173;0.045241010572124415;0.11862679824432724;0.21233766773412494
disk_lightglue_upright_true_nfeat_8000_resize_1024;ncmnet_obj_geod_th_0.0001;opencv_magsac_fundamental_matrix_th_0.75_conf_0.9999_max_iters_100000;;0.6196474764517921;0.6007243394851685;0.3632180094718933;0.04351132850213981;0.10249213218852979;0.18708152819802798;0.08924545056289215;0.1911567470320307;0.3102238931220351
