pipe_module_0;pipe_module_1;pipe_module_2;pipe_module_3;filtered_of_1190;H_precision;H_recall;H_AUC@5;H_AUC@10;H_AUC@15
keynetaffnethardnet_upright_true_th_0.99_nfeat_8000;;;;0.0;0.6139253973960876;0.9767901301383972;0.009491000705295138;0.02254101311718976;0.0429451941266472
keynetaffnethardnet_upright_true_th_0.99_nfeat_8000;opencv_magsac_homography_th_1.0_conf_0.9999_max_iters_100000;;;0.6937757808549352;0.846301257610321;0.4366965591907501;0.44304036036685657;0.5775966330038177;0.6458953605537061
keynetaffnethardnet_upright_true_th_0.99_nfeat_8000;nnc_subpix_true_w_10_w_big_none_ref_images_both_scales_5_angles_5;;;0.0;0.619097113609314;0.9926170110702515;0.009775987554479528;0.022685644185101543;0.04417638460795084
keynetaffnethardnet_upright_true_th_0.99_nfeat_8000;nnc_subpix_true_w_10_w_big_none_ref_images_both_scales_5_angles_5;opencv_magsac_homography_th_1.0_conf_0.9999_max_iters_100000;;0.5894334066814537;0.8417230844497681;0.5908885598182678;0.4251151818037033;0.5724184710118506;0.6401535690640225
keynetaffnethardnet_upright_true_th_0.99_nfeat_8000;miho_default_duplex;;;0.24301607381393936;0.7387998104095459;0.934856116771698;0.27184571472582997;0.3836902607535874;0.44389219729620744
keynetaffnethardnet_upright_true_th_0.99_nfeat_8000;miho_default_duplex;opencv_magsac_homography_th_1.0_conf_0.9999_max_iters_100000;;0.6954875014833468;0.8550412654876709;0.4395579397678375;0.44066447659775065;0.5741178726929206;0.6347045565681693
keynetaffnethardnet_upright_true_th_0.99_nfeat_8000;miho_default_duplex;nnc_subpix_true_w_10_w_big_none_ref_images_both_scales_5_angles_5;;0.24301607381393936;0.7776467800140381;1.033113956451416;0.2781995618619301;0.3887284305719314;0.45396028509294545
keynetaffnethardnet_upright_true_th_0.99_nfeat_8000;miho_default_duplex;nnc_subpix_true_w_10_w_big_none_ref_images_both_scales_5_angles_5;opencv_magsac_homography_th_1.0_conf_0.9999_max_iters_100000;0.47427193233601095;0.8508102893829346;0.7833255529403687;0.4196811780940604;0.5698702733963728;0.6370427778859934
keynetaffnethardnet_upright_true_th_0.99_nfeat_8000;miho_default_unduplex;;;0.2664222743440373;0.7528247833251953;0.917248010635376;0.367108927876861;0.503774387770229;0.5754220160878736
keynetaffnethardnet_upright_true_th_0.99_nfeat_8000;miho_default_unduplex;opencv_magsac_homography_th_1.0_conf_0.9999_max_iters_100000;;0.6949746471639247;0.8436412811279297;0.430562287569046;0.43650431179338034;0.5747268752974494;0.6380450313657889
keynetaffnethardnet_upright_true_th_0.99_nfeat_8000;miho_default_unduplex;nnc_subpix_true_w_10_w_big_none_ref_images_both_scales_5_angles_5;;0.2664222743440373;0.7853896617889404;0.9949570298194885;0.36824941726746385;0.5046328224241734;0.5784292313603708
keynetaffnethardnet_upright_true_th_0.99_nfeat_8000;miho_default_unduplex;nnc_subpix_true_w_10_w_big_none_ref_images_both_scales_5_angles_5;opencv_magsac_homography_th_1.0_conf_0.9999_max_iters_100000;0.4810090613086644;0.8423619866371155;0.7470144629478455;0.41967895418405526;0.5668175230147663;0.6358407281320773
keynetaffnethardnet_upright_true_th_0.99_nfeat_8000;gms;;;0.5028334449182608;0.7206042408943176;0.5696786046028137;0.3304064658725704;0.4619724648031924;0.5221811299228374
keynetaffnethardnet_upright_true_th_0.99_nfeat_8000;gms;opencv_magsac_homography_th_1.0_conf_0.9999_max_iters_100000;;0.766673356004865;0.7605195641517639;0.2942264676094055;0.3786742591637152;0.4918026876339206;0.5449890695898622
keynetaffnethardnet_upright_true_th_0.99_nfeat_8000;oanet;;;0.8186792758819639;0.7554652094841003;0.2875482439994812;0.11504092190000748;0.20233745597026967;0.24900560323102977
keynetaffnethardnet_upright_true_th_0.99_nfeat_8000;oanet;opencv_magsac_homography_th_1.0_conf_0.9999_max_iters_100000;;0.9060965083239163;0.8360850214958191;0.15806856751441956;0.2297343712382846;0.3834522022582867;0.473188080581618
keynetaffnethardnet_upright_true_th_0.99_nfeat_8000;adalam_th_0.6400000000000001_scale_th_1.5_ori_th_30;;;0.8724265230485923;0.6975132822990417;0.14919888973236084;0.25114905141018057;0.3691493148936166;0.4338549421893225
keynetaffnethardnet_upright_true_th_0.99_nfeat_8000;adalam_th_0.6400000000000001_scale_th_1.5_ori_th_30;opencv_magsac_homography_th_1.0_conf_0.9999_max_iters_100000;;0.9209577520070571;0.6711293458938599;0.09692631661891937;0.28723062233240515;0.40589290248299087;0.47518486623594797
keynetaffnethardnet_upright_true_th_0.99_nfeat_8000;acne_outdoor_true;;;0.3988315498895436;0.7503218054771423;0.7635876536369324;0.241412419003469;0.3488523054840388;0.4015281003088127
keynetaffnethardnet_upright_true_th_0.99_nfeat_8000;acne_outdoor_true;opencv_magsac_homography_th_1.0_conf_0.9999_max_iters_100000;;0.734114860506662;0.8484712839126587;0.3812907934188843;0.38583920264685595;0.534765525382978;0.601141536846573
keynetaffnethardnet_upright_true_th_0.99_nfeat_8000;dematch_outdoor_true_inlier_threshold_0.0;;;0.6152295477096645;0.7609953284263611;0.5204052925109863;0.24730314521877855;0.3896695586597478;0.4692122161020467
keynetaffnethardnet_upright_true_th_0.99_nfeat_8000;dematch_outdoor_true_inlier_threshold_0.0;opencv_magsac_homography_th_1.0_conf_0.9999_max_iters_100000;;0.8202601636741798;0.8359962701797485;0.26965224742889404;0.3199828282109014;0.4871146258601436;0.5688729286193848
keynetaffnethardnet_upright_true_th_0.99_nfeat_8000;convmatch_outdoor_true_inlier_threshold_0.0;;;0.7604757679662363;0.6997622847557068;0.37414228916168213;0.17871932674337315;0.30024959162429526;0.36501877387364706
keynetaffnethardnet_upright_true_th_0.99_nfeat_8000;convmatch_outdoor_true_inlier_threshold_0.0;opencv_magsac_homography_th_1.0_conf_0.9999_max_iters_100000;;0.8964941702665773;0.71939617395401;0.18210087716579437;0.20110986621291552;0.3395174131570039;0.4109815641685769
keynetaffnethardnet_upright_true_th_0.99_nfeat_8000;fcgnn;;;0.36222737237557867;0.8178178668022156;0.8589357733726501;0.3734362677733104;0.501982110231011;0.5691264837023654
keynetaffnethardnet_upright_true_th_0.99_nfeat_8000;fcgnn;opencv_magsac_homography_th_1.0_conf_0.9999_max_iters_100000;;0.5289144157195389;0.8457827568054199;0.6555455327033997;0.4089385918776195;0.546489285517622;0.6188573301427158
keynetaffnethardnet_upright_true_th_0.99_nfeat_8000;clnet_inlier_threshold_0.0001;;;0.3170444981458073;0.7653343081474304;0.860308825969696;0.28223460963478797;0.41817852367957437;0.48495398835635484
keynetaffnethardnet_upright_true_th_0.99_nfeat_8000;clnet_inlier_threshold_0.0001;opencv_magsac_homography_th_1.0_conf_0.9999_max_iters_100000;;0.699450156050183;0.8407520055770874;0.4217568635940552;0.43110483805338545;0.5651963452939633;0.6228598601729782
keynetaffnethardnet_upright_true_th_0.99_nfeat_8000;ms2dgnet;;;0.7255336449803416;0.701073944568634;0.36565330624580383;0.0;0.0;0.0
keynetaffnethardnet_upright_true_th_0.99_nfeat_8000;ms2dgnet;opencv_magsac_homography_th_1.0_conf_0.9999_max_iters_100000;;0.889521857537766;0.8371421694755554;0.18200194835662842;0.2544914635463997;0.43549725963009733;0.523942075467404
keynetaffnethardnet_upright_true_th_0.99_nfeat_8000;ncmnet_obj_geod_th_0.0001;;;0.3196126852251428;0.7636275291442871;0.8587157726287842;0.2962351250206983;0.42177956009352646;0.4866125525515756
keynetaffnethardnet_upright_true_th_0.99_nfeat_8000;ncmnet_obj_geod_th_0.0001;opencv_magsac_homography_th_1.0_conf_0.9999_max_iters_100000;;0.6995851566601623;0.840462327003479;0.4236046373844147;0.4331130549090879;0.5646640649713852;0.6272359746289842
keynetaffnethardnet_upright_true_th_0.99_nfeat_8000;opencv_magsac_homography_th_0.75_conf_0.9999_max_iters_100000;;;0.7855067605669547;0.8516764044761658;0.3071102499961853;0.43417730872277865;0.5622289094770399;0.6285626243441194
keynetaffnethardnet_upright_true_th_0.99_nfeat_8000;nnc_subpix_true_w_10_w_big_none_ref_images_both_scales_5_angles_5;opencv_magsac_homography_th_0.75_conf_0.9999_max_iters_100000;;0.6800940325818062;0.8463812470436096;0.4677817225456238;0.42623201317809245;0.565614909686976;0.6314241955033791
keynetaffnethardnet_upright_true_th_0.99_nfeat_8000;miho_default_duplex;opencv_magsac_homography_th_0.75_conf_0.9999_max_iters_100000;;0.7864815327857314;0.8601168394088745;0.31351155042648315;0.430985544456376;0.5630768034745146;0.6245021632056178
keynetaffnethardnet_upright_true_th_0.99_nfeat_8000;miho_default_duplex;nnc_subpix_true_w_10_w_big_none_ref_images_both_scales_5_angles_5;opencv_magsac_homography_th_0.75_conf_0.9999_max_iters_100000;0.5555053208631284;0.854243278503418;0.6693616509437561;0.42292704729570285;0.570178353905126;0.6364818270614855
keynetaffnethardnet_upright_true_th_0.99_nfeat_8000;miho_default_unduplex;opencv_magsac_homography_th_0.75_conf_0.9999_max_iters_100000;;0.7871903990459699;0.8471373915672302;0.301577091217041;0.4313697005201269;0.5721871103622296;0.6377233182353738
keynetaffnethardnet_upright_true_th_0.99_nfeat_8000;miho_default_unduplex;nnc_subpix_true_w_10_w_big_none_ref_images_both_scales_5_angles_5;opencv_magsac_homography_th_0.75_conf_0.9999_max_iters_100000;0.5651168559625662;0.8473894000053406;0.6300991177558899;0.4157518559252774;0.5706104938741083;0.6415096358090271
keynetaffnethardnet_upright_true_th_0.99_nfeat_8000;gms;opencv_magsac_homography_th_0.75_conf_0.9999_max_iters_100000;;0.8344886568090814;0.7657321095466614;0.21165746450424194;0.37820760199317227;0.4910738095641136;0.5453352861124792
keynetaffnethardnet_upright_true_th_0.99_nfeat_8000;oanet;opencv_magsac_homography_th_0.75_conf_0.9999_max_iters_100000;;0.930553407458775;0.8395624756813049;0.1162383034825325;0.2302587980694241;0.38182710108933626;0.4675952237329365
keynetaffnethardnet_upright_true_th_0.99_nfeat_8000;adalam_th_0.6400000000000001_scale_th_1.5_ori_th_30;opencv_magsac_homography_th_0.75_conf_0.9999_max_iters_100000;;0.9410803930813072;0.675525426864624;0.073111891746521;0.2794550728135638;0.40055745682230703;0.4659946843797778
keynetaffnethardnet_upright_true_th_0.99_nfeat_8000;acne_outdoor_true;opencv_magsac_homography_th_0.75_conf_0.9999_max_iters_100000;;0.8124611289472642;0.8517537713050842;0.2690897583961487;0.3810807464409758;0.5275356767630136;0.5977428354929994
keynetaffnethardnet_upright_true_th_0.99_nfeat_8000;dematch_outdoor_true_inlier_threshold_0.0;opencv_magsac_homography_th_0.75_conf_0.9999_max_iters_100000;;0.8696886844396509;0.8394466638565063;0.19238664209842682;0.3124559662077162;0.4878006999580949;0.5702637960292676
keynetaffnethardnet_upright_true_th_0.99_nfeat_8000;convmatch_outdoor_true_inlier_threshold_0.0;opencv_magsac_homography_th_0.75_conf_0.9999_max_iters_100000;;0.9245923553955794;0.722149670124054;0.1321226954460144;0.19444874357294153;0.3390332138096845;0.41182884363480554
keynetaffnethardnet_upright_true_th_0.99_nfeat_8000;fcgnn;opencv_magsac_homography_th_0.75_conf_0.9999_max_iters_100000;;0.6148757751197107;0.8502121567726135;0.5393059849739075;0.40727727763078825;0.5446666582259867;0.616460758657367
keynetaffnethardnet_upright_true_th_0.99_nfeat_8000;clnet_inlier_threshold_0.0001;opencv_magsac_homography_th_0.75_conf_0.9999_max_iters_100000;;0.7898705613973446;0.8488727807998657;0.2977857291698456;0.4301079806795827;0.5605455755414785;0.6199196448223091
keynetaffnethardnet_upright_true_th_0.99_nfeat_8000;ms2dgnet;opencv_magsac_homography_th_0.75_conf_0.9999_max_iters_100000;;0.9188520433571454;0.8413673043251038;0.13583789765834808;0.2401382635257862;0.439969208770328;0.5281096025749489
keynetaffnethardnet_upright_true_th_0.99_nfeat_8000;ncmnet_obj_geod_th_0.0001;opencv_magsac_homography_th_0.75_conf_0.9999_max_iters_100000;;0.7904804903654338;0.8462346792221069;0.29902228713035583;0.4297770329426836;0.5645319494770632;0.6279452289364955
keynetaffnethardnet_upright_true_th_0.99_nfeat_8000;consensusclustering_th_7_max_tanimoto_similarity_0.75_cluster_assignment_hard;;;0.18878828634969513;0.7506058812141418;0.9655892848968506;0.3787732712869291;0.5170639765041846;0.5903271180170554
keynetaffnethardnet_upright_true_th_0.99_nfeat_8000;consensusclustering_th_7_max_tanimoto_similarity_0.75_cluster_assignment_hard;opencv_magsac_homography_th_1.0_conf_0.9999_max_iters_100000;;0.692439071738474;0.8446747064590454;0.43376296758651733;0.434113287738076;0.5753574309470478;0.6415781672170133
keynetaffnethardnet_upright_true_th_0.99_nfeat_8000;consensusclustering_th_7_max_tanimoto_similarity_0.75_cluster_assignment_hard;opencv_magsac_homography_th_0.75_conf_0.9999_max_iters_100000;;0.7860269232000016;0.8503442406654358;0.3041023910045624;0.4347584859971648;0.5709495875349753;0.6362908320220899
