pipe_module_0;pipe_module_1;pipe_module_2;pipe_module_3;filtered_of_192;runtime_increment_from_0.073_s;F_precision;F_recall;F_AUC@5;F_AUC@10;F_AUC@20;E_AUC@5;E_AUC@10;E_AUC@20
superpoint_lightglue_upright_true_nfeat_8000_resize_1024;;;;0.0;0.0;0.6884745955467224;0.9416888952255249;0.0641625983398754;0.15830862313100744;0.29214608777559564;0.17197161515020415;0.3429505155821522;0.5079107877611608
superpoint_lightglue_upright_true_nfeat_8000_resize_1024;miho_duplex_max_iter_500;;;0.07540479022374956;19.267995610322654;0.6851035356521606;0.9089331030845642;0.0671667432091321;0.16530211908327166;0.30255432847731384;0.1699631249673914;0.33775294292711916;0.5017007918451315
superpoint_lightglue_upright_true_nfeat_8000_resize_1024;miho_duplex_max_iter_500;opencv_magsac_fundamental_matrix_th_1.0_conf_0.9999_max_iters_100000;;0.3669517994138819;19.301550475151842;0.7108669281005859;0.6397945284843445;0.10587716963514837;0.2342983000346433;0.3871227863705527;0.1747265496808154;0.3416884336250503;0.5075051956874034
superpoint_lightglue_upright_true_nfeat_8000_resize_1024;miho_duplex_max_iter_500;nnc_subpix_true_w_10_w_big_none_ref_images_both_scales_5_angles_5;;0.07540479022374956;21.816389831164095;0.6548041701316833;0.8810235261917114;0.05135364308690119;0.12829776390048248;0.2502131627382072;0.1857732207227786;0.363179607354827;0.5231246856944219
superpoint_lightglue_upright_true_nfeat_8000_resize_1024;miho_duplex_max_iter_500;nnc_subpix_true_w_10_w_big_none_ref_images_both_scales_5_angles_5;opencv_magsac_fundamental_matrix_th_1.0_conf_0.9999_max_iters_100000;0.39503725039299237;21.859812823064658;0.7092456817626953;0.6139984130859375;0.14573772794541065;0.2805070920863394;0.4245915703261406;0.19063291766275411;0.35169366738461644;0.512741904561498
superpoint_lightglue_upright_true_nfeat_8000_resize_1024;miho_unduplex_max_iter_500;;;0.11750370046307851;26.931735000098886;0.6847649812698364;0.8786981701850891;0.06955036680517725;0.16769795383785718;0.3068314726935518;0.1637362963564221;0.3280075089755894;0.4927834984181552
superpoint_lightglue_upright_true_nfeat_8000_resize_1024;miho_unduplex_max_iter_500;opencv_magsac_fundamental_matrix_th_1.0_conf_0.9999_max_iters_100000;;0.3907407260868426;26.964328132386534;0.7073778510093689;0.6214897036552429;0.10712135607143221;0.23736231199651447;0.3847411155081067;0.17235412043565118;0.33817548634588296;0.5056748787929861
superpoint_lightglue_upright_true_nfeat_8000_resize_1024;miho_unduplex_max_iter_500;nnc_subpix_true_w_10_w_big_none_ref_images_both_scales_5_angles_5;;0.11750370046307851;29.416745172931712;0.65346759557724;0.8527328968048096;0.052023408732508415;0.12848342805379923;0.24804490723510075;0.1863616954027441;0.3511218711361586;0.5100711055832722
superpoint_lightglue_upright_true_nfeat_8000_resize_1024;miho_unduplex_max_iter_500;nnc_subpix_true_w_10_w_big_none_ref_images_both_scales_5_angles_5;opencv_magsac_fundamental_matrix_th_1.0_conf_0.9999_max_iters_100000;0.41551239670748524;29.45654514916968;0.7072198987007141;0.6032993197441101;0.13979769339549658;0.2786985415188581;0.4243015562400384;0.1912261297899788;0.35823483266682166;0.5200774405951889
superpoint_lightglue_upright_true_nfeat_8000_resize_1024;miho_duplex_max_iter_1000;;;0.07507076195956106;34.421557765788805;0.6846012473106384;0.9087787866592407;0.06667428721673982;0.16251989758092059;0.3019170489877328;0.17271022903905509;0.3387938821440882;0.5012352675798636
superpoint_lightglue_upright_true_nfeat_8000_resize_1024;miho_duplex_max_iter_1000;opencv_magsac_fundamental_matrix_th_1.0_conf_0.9999_max_iters_100000;;0.36675552525475463;34.455087731583916;0.7101847529411316;0.6389005184173584;0.10423655948953865;0.2365185737652276;0.38893356429147585;0.17515549995664334;0.34566034517046196;0.5121689473919329
superpoint_lightglue_upright_true_nfeat_8000_resize_1024;miho_duplex_max_iter_1000;nnc_subpix_true_w_10_w_big_none_ref_images_both_scales_5_angles_5;;0.07507076195956106;36.956795038228954;0.653954803943634;0.8801863789558411;0.05061663741435538;0.12584947819577166;0.24600700710981585;0.178134365273309;0.35142214857068554;0.5142373924959713
superpoint_lightglue_upright_true_nfeat_8000_resize_1024;miho_duplex_max_iter_1000;nnc_subpix_true_w_10_w_big_none_ref_images_both_scales_5_angles_5;opencv_magsac_fundamental_matrix_th_1.0_conf_0.9999_max_iters_100000;0.39520657444821305;37.000762930021146;0.7086077928543091;0.6134615540504456;0.14467194039321735;0.2777995884396177;0.42334157184621135;0.19093976888282144;0.35741254575281284;0.5186601189943605
superpoint_lightglue_upright_true_nfeat_8000_resize_1024;miho_unduplex_max_iter_1000;;;0.11414389149616913;48.585534842935516;0.684453547000885;0.8809433579444885;0.0725449188299107;0.17146977568714186;0.30594951631894823;0.16595290216460334;0.33023295645621015;0.49572283590856153
superpoint_lightglue_upright_true_nfeat_8000_resize_1024;miho_unduplex_max_iter_1000;opencv_magsac_fundamental_matrix_th_1.0_conf_0.9999_max_iters_100000;;0.38876990450250604;48.618433759186516;0.7064509987831116;0.6218657493591309;0.10310074072384123;0.23325767555075622;0.38499014139469656;0.17025616106037542;0.3345233239822969;0.5041491093750576
superpoint_lightglue_upright_true_nfeat_8000_resize_1024;miho_unduplex_max_iter_1000;nnc_subpix_true_w_10_w_big_none_ref_images_both_scales_5_angles_5;;0.11414389149616913;51.06467798728966;0.6532042622566223;0.8546198606491089;0.051751992550281255;0.12859895324305784;0.24521608522710717;0.17921455541255166;0.34448970897359144;0.5054048934880938
superpoint_lightglue_upright_true_nfeat_8000_resize_1024;miho_unduplex_max_iter_1000;nnc_subpix_true_w_10_w_big_none_ref_images_both_scales_5_angles_5;opencv_magsac_fundamental_matrix_th_1.0_conf_0.9999_max_iters_100000;0.4135244500024333;51.106789417407555;0.7073478102684021;0.604492723941803;0.14495730228843448;0.29142399406019714;0.4356965918210653;0.1878757794816998;0.3576664901916383;0.5155034942093204
superpoint_lightglue_upright_true_nfeat_8000_resize_1024;miho_duplex_max_iter_1500;;;0.07501183191914376;46.55886330788529;0.6845752000808716;0.9079179763793945;0.0692274271104742;0.16780441190100664;0.30568704325141705;0.17109469776139696;0.33744618139182503;0.5015385547569546
superpoint_lightglue_upright_true_nfeat_8000_resize_1024;miho_duplex_max_iter_1500;opencv_magsac_fundamental_matrix_th_1.0_conf_0.9999_max_iters_100000;;0.36693159600644626;46.592777328651856;0.7104648947715759;0.6390389800071716;0.1046875507625206;0.23794073700658194;0.38708721928908296;0.1794772213549564;0.3507298270833198;0.5147546944509696
superpoint_lightglue_upright_true_nfeat_8000_resize_1024;miho_duplex_max_iter_1500;nnc_subpix_true_w_10_w_big_none_ref_images_both_scales_5_angles_5;;0.07501183191914376;49.10034657817801;0.6538967490196228;0.8802905082702637;0.053828903270962826;0.1307910476411542;0.24860832514493328;0.1871967107031863;0.3567666373996726;0.5154761507850407
superpoint_lightglue_upright_true_nfeat_8000_resize_1024;miho_duplex_max_iter_1500;nnc_subpix_true_w_10_w_big_none_ref_images_both_scales_5_angles_5;opencv_magsac_fundamental_matrix_th_1.0_conf_0.9999_max_iters_100000;0.3950067881769007;49.143597561562295;0.7102824449539185;0.6167771220207214;0.14021982974327776;0.2798681554554986;0.4269898395190981;0.18996986767768378;0.35182642508475054;0.5155317041610884
superpoint_lightglue_upright_true_nfeat_8000_resize_1024;miho_unduplex_max_iter_1500;;;0.11329446762222205;66.4331989152884;0.6841027140617371;0.8817353248596191;0.07174114039372773;0.16712401558378365;0.30081832701988;0.16061592445402956;0.3269952992326464;0.49101990666908985
superpoint_lightglue_upright_true_nfeat_8000_resize_1024;miho_unduplex_max_iter_1500;opencv_magsac_fundamental_matrix_th_1.0_conf_0.9999_max_iters_100000;;0.38816622822337604;66.46640046489941;0.7074700593948364;0.6245041489601135;0.10352122889864454;0.23362524745507024;0.3812842340155733;0.1660779643707145;0.33029432755227495;0.4987104911287542
superpoint_lightglue_upright_true_nfeat_8000_resize_1024;miho_unduplex_max_iter_1500;nnc_subpix_true_w_10_w_big_none_ref_images_both_scales_5_angles_5;;0.11329446762222205;68.87172737995085;0.6528614163398743;0.8565854430198669;0.05054456147724201;0.12509738915373528;0.24095106829859853;0.18018520444985414;0.34630898897884327;0.5118155477758989
superpoint_lightglue_upright_true_nfeat_8000_resize_1024;miho_unduplex_max_iter_1500;nnc_subpix_true_w_10_w_big_none_ref_images_both_scales_5_angles_5;opencv_magsac_fundamental_matrix_th_1.0_conf_0.9999_max_iters_100000;0.4143052214858442;68.91445218828966;0.7066783905029297;0.6035401821136475;0.14347030327969185;0.2837523408438084;0.42189918897622325;0.17520233755661502;0.3473550796783643;0.5140579995603867
superpoint_lightglue_upright_true_nfeat_8000_resize_1024;miho_duplex_max_iter_2000;;;0.0754054504741154;58.52295469160821;0.6845847368240356;0.9077558517456055;0.06943640941469215;0.1653000707903161;0.30116457674474706;0.17315529485495387;0.3385756273983561;0.501812471692525
superpoint_lightglue_upright_true_nfeat_8000_resize_1024;miho_duplex_max_iter_2000;opencv_magsac_fundamental_matrix_th_1.0_conf_0.9999_max_iters_100000;;0.366876368480181;58.55765771903289;0.7104077339172363;0.6391465067863464;0.10544892718501975;0.2371560445473378;0.38831168682900064;0.17960325605029637;0.3496826742033755;0.513876730883888
superpoint_lightglue_upright_true_nfeat_8000_resize_1024;miho_duplex_max_iter_2000;nnc_subpix_true_w_10_w_big_none_ref_images_both_scales_5_angles_5;;0.0754054504741154;62.01131207652108;0.6539151668548584;0.8793815970420837;0.05189945890680749;0.1277207461171404;0.24368156362434013;0.18551255769807354;0.35615179419735254;0.5175485365488383
superpoint_lightglue_upright_true_nfeat_8000_resize_1024;miho_duplex_max_iter_2000;nnc_subpix_true_w_10_w_big_none_ref_images_both_scales_5_angles_5;opencv_magsac_fundamental_matrix_th_1.0_conf_0.9999_max_iters_100000;0.39517252112344187;62.05545546029581;0.7094576954841614;0.6147993803024292;0.14496131749942598;0.28281465969410624;0.42647794749120227;0.19297104472079055;0.3594984862457228;0.5171967827963875
superpoint_lightglue_upright_true_nfeat_8000_resize_1024;miho_unduplex_max_iter_2000;;;0.1130718480618711;82.57375526467108;0.6842941045761108;0.8820231556892395;0.07072594937612162;0.1661012251644301;0.30145320392140895;0.1679345438746335;0.32896220006807886;0.49109780588522833
superpoint_lightglue_upright_true_nfeat_8000_resize_1024;miho_unduplex_max_iter_2000;opencv_magsac_fundamental_matrix_th_1.0_conf_0.9999_max_iters_100000;;0.38846001332155267;82.60752984364437;0.7077316045761108;0.624191164970398;0.105982831968036;0.23720432574178218;0.3842653962649051;0.17271709562240117;0.3365905468986421;0.5016476172811353
superpoint_lightglue_upright_true_nfeat_8000_resize_1024;miho_unduplex_max_iter_2000;nnc_subpix_true_w_10_w_big_none_ref_images_both_scales_5_angles_5;;0.1130718480618711;85.99770262754387;0.6527206301689148;0.8555229306221008;0.047639864181732126;0.12323125950595659;0.24012464222926955;0.1824376655429938;0.3466779491070592;0.5120464423172081
superpoint_lightglue_upright_true_nfeat_8000_resize_1024;miho_unduplex_max_iter_2000;nnc_subpix_true_w_10_w_big_none_ref_images_both_scales_5_angles_5;opencv_magsac_fundamental_matrix_th_1.0_conf_0.9999_max_iters_100000;0.414816306171002;86.04133651572636;0.7060603499412537;0.6015175580978394;0.14525722886196943;0.2823107113835857;0.42014490271152694;0.18160244056004218;0.34649779901981353;0.5075506303882815
superpoint_lightglue_upright_true_nfeat_8000_resize_1024;opencv_magsac_fundamental_matrix_th_1.0_conf_0.9999_max_iters_100000;;;0.3398540206255009;0.03342386986335533;0.71182781457901;0.6504243612289429;0.10639843799173151;0.2372467733997367;0.3885290915418548;0.1753671780267595;0.34731478824986534;0.5170191373394752
superpoint_lightglue_upright_true_nfeat_8000_resize_1024;nnc_subpix_true_w_10_w_big_none_ref_images_both_scales_5_angles_5;;;0.0;3.5351403272646786;0.6470416784286499;0.9034014940261841;0.04797454111005038;0.11429502858374899;0.22967365629673298;0.17244725378212825;0.3460214966690496;0.5067942251745826
superpoint_lightglue_upright_true_nfeat_8000_resize_1024;nnc_subpix_true_w_10_w_big_none_ref_images_both_scales_5_angles_5;opencv_magsac_fundamental_matrix_th_1.0_conf_0.9999_max_iters_100000;;0.407234200449705;3.60033137217514;0.7090046405792236;0.5852458477020264;0.1291424254484656;0.2600278872410067;0.40182523695415506;0.17862778691771777;0.34888314385805447;0.5130725171105075
superpoint_lightglue_upright_true_nfeat_8000_resize_1024;gms;;;0.5196460160603307;0.789701766756389;0.6785112023353577;0.48248645663261414;0.05406278889607461;0.13599748799887615;0.24548168218981706;0.10650696767876086;0.22914615900737262;0.3725633829689357
superpoint_lightglue_upright_true_nfeat_8000_resize_1024;gms;opencv_magsac_fundamental_matrix_th_1.0_conf_0.9999_max_iters_100000;;0.636311139495385;0.8162945375393098;0.6718440055847168;0.3703731298446655;0.06798832504409344;0.1605799978877768;0.27944156582658985;0.10574969732647524;0.2355947751221962;0.38198843857608566
superpoint_lightglue_upright_true_nfeat_8000_resize_1024;oanet;;;0.8825711837356287;0.6549241168772204;0.6967166066169739;0.10772524029016495;0.011424211475377971;0.033859770880283725;0.08831744524908156;0.01506765739507281;0.05651621421971964;0.13737198197032235
superpoint_lightglue_upright_true_nfeat_8000_resize_1024;oanet;opencv_magsac_fundamental_matrix_th_1.0_conf_0.9999_max_iters_100000;;0.9194882482232738;0.6708875315602709;0.6188066601753235;0.0795767530798912;0.009625805142292785;0.03011439582713087;0.08097491689843561;0.020261104982374767;0.06204852981412031;0.14223464909593703
superpoint_lightglue_upright_true_nfeat_8000_resize_1024;adalam_th_0.6400000000000001_scale_th_1.5_ori_th_30;;;0.0;0.013796906130944198;0.6884745955467224;0.9416888952255249;0.0641625983398754;0.15830862313100744;0.29214608777559564;0.17197161515020415;0.3429505155821522;0.5079107877611608
superpoint_lightglue_upright_true_nfeat_8000_resize_1024;adalam_th_0.6400000000000001_scale_th_1.5_ori_th_30;opencv_magsac_fundamental_matrix_th_1.0_conf_0.9999_max_iters_100000;;0.3398540206255009;0.0479035128070564;0.71182781457901;0.6504243612289429;0.10639843799173151;0.2372467733997367;0.3885290915418548;0.1753671780267595;0.34731478824986534;0.5170191373394752
superpoint_lightglue_upright_true_nfeat_8000_resize_1024;acne_outdoor_false;;;0.4495849136058958;0.0803138955985383;0.7054800391197205;0.5254412889480591;0.042824328261055415;0.12238451113806907;0.24977639143504266;0.10641254489698944;0.23871047641843912;0.3925095951884527
superpoint_lightglue_upright_true_nfeat_8000_resize_1024;acne_outdoor_false;opencv_magsac_fundamental_matrix_th_1.0_conf_0.9999_max_iters_100000;;0.6176603000107099;0.10678190584827463;0.711635410785675;0.3841906189918518;0.05279224823598709;0.1414549852370021;0.2718289204883445;0.10446211382087278;0.24154874824631173;0.3977503782927307
superpoint_lightglue_upright_true_nfeat_8000_resize_1024;consensusclustering_th_7_max_tanimoto_similarity_0.75_cluster_assignment_hard;;;0.3126325224562359;14.468010282616696;0.6126039028167725;0.6426697373390198;0.05442755604201427;0.1351739650364796;0.25357864629983845;0.13189295198915482;0.26193065371853474;0.3966729188660867
superpoint_lightglue_upright_true_nfeat_8000_resize_1024;consensusclustering_th_7_max_tanimoto_similarity_0.75_cluster_assignment_hard;opencv_magsac_fundamental_matrix_th_1.0_conf_0.9999_max_iters_100000;;0.5244702483437806;14.494795082236939;0.6231629252433777;0.4656206965446472;0.07213090290854739;0.16838107130417312;0.29013902740384173;0.13585174069089456;0.2677992056093723;0.39955448064707244
superpoint_lightglue_upright_true_nfeat_8000_resize_1024;dematch_outdoor_false_inlier_threshold_0.0;;;0.6789425868395516;0.6980615145602485;0.7110018730163574;0.31379902362823486;0.015339430075141875;0.05461323881806055;0.13447634393956923;0.05909725581460214;0.14963378896959859;0.2738586932451848
superpoint_lightglue_upright_true_nfeat_8000_resize_1024;dematch_outdoor_false_inlier_threshold_0.0;opencv_magsac_fundamental_matrix_th_1.0_conf_0.9999_max_iters_100000;;0.759833115283009;0.7266347441458132;0.7006720304489136;0.24900522828102112;0.02042425704798665;0.06280398462830757;0.15275526566296244;0.053824428183630604;0.15368364939293938;0.28161036860898797
superpoint_lightglue_upright_true_nfeat_8000_resize_1024;convmatch_outdoor_false_inlier_threshold_0.0;;;0.6424034995185687;0.5950109751316204;0.7104594707489014;0.349277138710022;0.03132132980670042;0.0896242486368017;0.20449636839324095;0.08130919499631;0.19025633160512695;0.32966221309083654
superpoint_lightglue_upright_true_nfeat_8000_resize_1024;convmatch_outdoor_false_inlier_threshold_0.0;opencv_magsac_fundamental_matrix_th_1.0_conf_0.9999_max_iters_100000;;0.7397329264952562;0.6147186785930847;0.6933736801147461;0.2699035406112671;0.03644029000570208;0.1003669206706657;0.21365577210729958;0.08265316863097708;0.19090817713003266;0.32970445460984976
superpoint_lightglue_upright_true_nfeat_8000_resize_1024;fcgnn;;;0.28652366080990105;0.214373646381802;0.7228909134864807;0.6886115074157715;0.09497589080305605;0.2027570201215981;0.3484325978979026;0.16213912896094795;0.3167306861517449;0.47891026686602567
superpoint_lightglue_upright_true_nfeat_8000_resize_1024;fcgnn;opencv_magsac_fundamental_matrix_th_1.0_conf_0.9999_max_iters_100000;;0.38191403176303934;0.23426583081736574;0.7276207804679871;0.6206585168838501;0.11511270863904521;0.2454130210561809;0.38868113234866863;0.16557001302752555;0.324296136226228;0.48352563189710807
superpoint_lightglue_upright_true_nfeat_8000_resize_1024;clnet_inlier_threshold_0.0001;;;0.45981096302159485;0.14466705065054186;0.713861346244812;0.5140272378921509;0.03425807055409094;0.08302014110983894;0.16301398981733023;0.08268154821682239;0.19274770808588676;0.33499741893366153
superpoint_lightglue_upright_true_nfeat_8000_resize_1024;clnet_inlier_threshold_0.0001;opencv_magsac_fundamental_matrix_th_1.0_conf_0.9999_max_iters_100000;;0.609379038260292;0.1737921187763407;0.6997232437133789;0.39003661274909973;0.03624034935275587;0.0938073091108278;0.19785094988054608;0.07924541912837708;0.19232967836287446;0.33192105102137515
superpoint_lightglue_upright_true_nfeat_8000_resize_1024;ms2dgnet;;;0.6119394927440822;0.4746797025961038;0.7124379873275757;0.34947818517684937;0.04373904443750706;0.11125167006108479;0.22408906766894116;0.07226959822671074;0.17036430579145637;0.30190318015795314
superpoint_lightglue_upright_true_nfeat_8000_resize_1024;ms2dgnet;opencv_magsac_fundamental_matrix_th_1.0_conf_0.9999_max_iters_100000;;0.7203211607443586;0.4950973258038127;0.7200319170951843;0.26895958185195923;0.04612514690011023;0.11950693335949111;0.23269866427404443;0.06674964435716035;0.17098605673743125;0.300753582820195
superpoint_lightglue_upright_true_nfeat_8000_resize_1024;ncmnet_obj_geod_th_0.0001;;;0.42149754190451766;1.523303412876829;0.7093807458877563;0.5482509732246399;0.02834899958650624;0.07872938938109977;0.16760346641112084;0.08981206027525539;0.2074792232444541;0.3513133547237484
superpoint_lightglue_upright_true_nfeat_8000_resize_1024;ncmnet_obj_geod_th_0.0001;opencv_magsac_fundamental_matrix_th_1.0_conf_0.9999_max_iters_100000;;0.5804524280182761;1.5502394346563593;0.6934912204742432;0.4189610183238983;0.045715747361169935;0.1142708896345842;0.21958150480918598;0.09117263515563083;0.209670139153718;0.35012528319458736
superpoint_lightglue_upright_true_nfeat_8000_resize_1024;miho_duplex_max_iter_500;opencv_magsac_fundamental_matrix_th_0.75_conf_0.9999_max_iters_100000;;0.4619574756648952;19.32600257054235;0.7130755186080933;0.5446537733078003;0.10759079219390737;0.24364489040549264;0.3964027549204263;0.17455638528847528;0.3469748833770304;0.5061043901148565
superpoint_lightglue_upright_true_nfeat_8000_resize_1024;miho_duplex_max_iter_500;nnc_subpix_true_w_10_w_big_none_ref_images_both_scales_5_angles_5;opencv_magsac_fundamental_matrix_th_0.75_conf_0.9999_max_iters_100000;0.4539749402464582;21.897869388287905;0.7109686732292175;0.5558984279632568;0.15399198877493017;0.2879367992261027;0.43219069533976295;0.1985464962919074;0.36911048085210096;0.5255571124690274
superpoint_lightglue_upright_true_nfeat_8000_resize_1024;miho_unduplex_max_iter_500;opencv_magsac_fundamental_matrix_th_0.75_conf_0.9999_max_iters_100000;;0.4842407293504784;26.98589005091834;0.709514319896698;0.5263210535049438;0.11023202666833884;0.237073703393161;0.38747530941224484;0.17431057998980662;0.34009167209081526;0.5000664544437988
superpoint_lightglue_upright_true_nfeat_8000_resize_1024;miho_unduplex_max_iter_500;nnc_subpix_true_w_10_w_big_none_ref_images_both_scales_5_angles_5;opencv_magsac_fundamental_matrix_th_0.75_conf_0.9999_max_iters_100000;0.471771043090372;29.49026252608676;0.7084110975265503;0.5464881062507629;0.14273946119965314;0.28387297749682244;0.4290102049025884;0.1944728727520107;0.35786013869267497;0.5185746873702852
superpoint_lightglue_upright_true_nfeat_8000_resize_1024;miho_duplex_max_iter_1000;opencv_magsac_fundamental_matrix_th_0.75_conf_0.9999_max_iters_100000;;0.46144316765915677;34.47775854166045;0.7122871279716492;0.5438772439956665;0.11091057639889731;0.24594444012031333;0.39570544561728244;0.17526137975628825;0.34664783808345556;0.5052408221246336
superpoint_lightglue_upright_true_nfeat_8000_resize_1024;miho_duplex_max_iter_1000;nnc_subpix_true_w_10_w_big_none_ref_images_both_scales_5_angles_5;opencv_magsac_fundamental_matrix_th_0.75_conf_0.9999_max_iters_100000;0.45415844505836084;37.03896570239548;0.7103097438812256;0.5556772351264954;0.15345563357502004;0.288385429096045;0.43280658305411873;0.19861396760008201;0.36869076820592883;0.5266799588624952
superpoint_lightglue_upright_true_nfeat_8000_resize_1024;miho_unduplex_max_iter_1000;opencv_magsac_fundamental_matrix_th_0.75_conf_0.9999_max_iters_100000;;0.48210378133562215;48.639578458692206;0.7088320255279541;0.5268831849098206;0.1058656921631728;0.24019691982184416;0.38844282012681597;0.1730933914988496;0.3413801905329073;0.502497261098013
superpoint_lightglue_upright_true_nfeat_8000_resize_1024;miho_unduplex_max_iter_1000;nnc_subpix_true_w_10_w_big_none_ref_images_both_scales_5_angles_5;opencv_magsac_fundamental_matrix_th_0.75_conf_0.9999_max_iters_100000;0.4716776217063616;51.14437338692215;0.7086983323097229;0.5460658073425293;0.1406297162668118;0.2820925725160975;0.4243587414552046;0.1878893511233438;0.35495580636143104;0.5182556666615118
superpoint_lightglue_upright_true_nfeat_8000_resize_1024;miho_duplex_max_iter_1500;opencv_magsac_fundamental_matrix_th_0.75_conf_0.9999_max_iters_100000;;0.46113860461209744;46.61560916354223;0.7121161818504333;0.5429838299751282;0.11206398954389711;0.2464873063365433;0.39640106688278065;0.1785754605871286;0.34794634067562685;0.5062064748840057
superpoint_lightglue_upright_true_nfeat_8000_resize_1024;miho_duplex_max_iter_1500;nnc_subpix_true_w_10_w_big_none_ref_images_both_scales_5_angles_5;opencv_magsac_fundamental_matrix_th_0.75_conf_0.9999_max_iters_100000;0.45447928495101847;49.18535904124788;0.711432933807373;0.5573922991752625;0.1496117287654372;0.2882053413388196;0.4324072163118492;0.1921842304706324;0.36103051336231806;0.5204556797820719
superpoint_lightglue_upright_true_nfeat_8000_resize_1024;miho_unduplex_max_iter_1500;opencv_magsac_fundamental_matrix_th_0.75_conf_0.9999_max_iters_100000;;0.4814244668961868;66.48759379290776;0.7090198397636414;0.5283060073852539;0.10588627353612168;0.2409957737436433;0.39109806677055875;0.17049146823562283;0.3338011131139044;0.49320851532083027
superpoint_lightglue_upright_true_nfeat_8000_resize_1024;miho_unduplex_max_iter_1500;nnc_subpix_true_w_10_w_big_none_ref_images_both_scales_5_angles_5;opencv_magsac_fundamental_matrix_th_0.75_conf_0.9999_max_iters_100000;0.4724720425622413;68.95433219709598;0.7086992263793945;0.544219970703125;0.1420234726713327;0.2790222354939603;0.41957602098719154;0.18045206840674774;0.3596164164852368;0.5241507595255042
superpoint_lightglue_upright_true_nfeat_8000_resize_1024;miho_duplex_max_iter_2000;opencv_magsac_fundamental_matrix_th_0.75_conf_0.9999_max_iters_100000;;0.4615319659590887;58.58031937967401;0.7129409313201904;0.5437988042831421;0.11076109493940675;0.24492224430514295;0.39537301265228286;0.18124587653964044;0.3521073379406684;0.5105098245668306
superpoint_lightglue_upright_true_nfeat_8000_resize_1024;miho_duplex_max_iter_2000;nnc_subpix_true_w_10_w_big_none_ref_images_both_scales_5_angles_5;opencv_magsac_fundamental_matrix_th_0.75_conf_0.9999_max_iters_100000;0.45459714666496287;62.09631957119887;0.7110055088996887;0.5553608536720276;0.1525435861131379;0.2900083348433474;0.43125702723882997;0.19775125430236334;0.36557452430707615;0.5234674676258414
superpoint_lightglue_upright_true_nfeat_8000_resize_1024;miho_unduplex_max_iter_2000;opencv_magsac_fundamental_matrix_th_0.75_conf_0.9999_max_iters_100000;;0.4808718973171346;82.62767626693494;0.7095390558242798;0.5293073654174805;0.10917805392597942;0.24249621320978737;0.3939152147146062;0.1672114686080695;0.3336362630255162;0.4935377708897046
superpoint_lightglue_upright_true_nfeat_8000_resize_1024;miho_unduplex_max_iter_2000;nnc_subpix_true_w_10_w_big_none_ref_images_both_scales_5_angles_5;opencv_magsac_fundamental_matrix_th_0.75_conf_0.9999_max_iters_100000;0.47270341259669324;86.07817261803001;0.7074207067489624;0.5422227382659912;0.14039036539951755;0.2821570039216739;0.4226459943818478;0.1856780484091547;0.3574768450363216;0.5206500810327079
superpoint_lightglue_upright_true_nfeat_8000_resize_1024;opencv_magsac_fundamental_matrix_th_0.75_conf_0.9999_max_iters_100000;;;0.43551158862776673;0.05815560963490385;0.7141892910003662;0.5556064248085022;0.11223796176511314;0.25034068657427866;0.40198522680427173;0.17469301534566956;0.3466202425282719;0.5099356434553638
superpoint_lightglue_upright_true_nfeat_8000_resize_1024;nnc_subpix_true_w_10_w_big_none_ref_images_both_scales_5_angles_5;opencv_magsac_fundamental_matrix_th_0.75_conf_0.9999_max_iters_100000;;0.47234728125736614;3.6883909818884417;0.7117500901222229;0.5218266248703003;0.1306876202923665;0.2599520238389436;0.4020849457031629;0.18764448885448254;0.3485198283803627;0.5119307848567703
superpoint_lightglue_upright_true_nfeat_8000_resize_1024;gms;opencv_magsac_fundamental_matrix_th_0.75_conf_0.9999_max_iters_100000;;0.6871202578886633;0.8261897576135047;0.6730789542198181;0.3185804486274719;0.06781780088383722;0.15620289283041472;0.26881214309359264;0.10295429437125854;0.22237897040450488;0.3682510308764102
superpoint_lightglue_upright_true_nfeat_8000_resize_1024;oanet;opencv_magsac_fundamental_matrix_th_0.75_conf_0.9999_max_iters_100000;;0.9243800212292763;0.672412198497125;0.6193179488182068;0.0748617872595787;0.008816144282573156;0.029455703186779834;0.0812968183048274;0.023371591070174235;0.06781431083252808;0.14675578795218241
superpoint_lightglue_upright_true_nfeat_8000_resize_1024;adalam_th_0.6400000000000001_scale_th_1.5_ori_th_30;opencv_magsac_fundamental_matrix_th_0.75_conf_0.9999_max_iters_100000;;0.43551158862776673;0.07200115730152468;0.7141892910003662;0.5556064248085022;0.11223796176511314;0.25034068657427866;0.40198522680427173;0.17469301534566956;0.3466202425282719;0.5099356434553638
superpoint_lightglue_upright_true_nfeat_8000_resize_1024;acne_outdoor_false;opencv_magsac_fundamental_matrix_th_0.75_conf_0.9999_max_iters_100000;;0.6671915121195973;0.12222671161313703;0.7114742994308472;0.3324265778064728;0.05659132353884226;0.1449710014070128;0.2719370358849377;0.10959532868640016;0.24174377997446136;0.398524241335488
superpoint_lightglue_upright_true_nfeat_8000_resize_1024;consensusclustering_th_7_max_tanimoto_similarity_0.75_cluster_assignment_hard;opencv_magsac_fundamental_matrix_th_0.75_conf_0.9999_max_iters_100000;;0.5881144691313666;14.506586646025497;0.6254044771194458;0.40336090326309204;0.07211693485872563;0.16824904369178445;0.2914522348497752;0.13015536232513636;0.2684606612443537;0.40678626460017914
superpoint_lightglue_upright_true_nfeat_8000_resize_1024;dematch_outdoor_false_inlier_threshold_0.0;opencv_magsac_fundamental_matrix_th_0.75_conf_0.9999_max_iters_100000;;0.786900525040885;0.7318071202513678;0.7020029425621033;0.22069139778614044;0.016520706103801654;0.05966520717277192;0.152339861001209;0.06281321404837284;0.15828904521394732;0.28714307881232326
superpoint_lightglue_upright_true_nfeat_8000_resize_1024;convmatch_outdoor_false_inlier_threshold_0.0;opencv_magsac_fundamental_matrix_th_0.75_conf_0.9999_max_iters_100000;;0.7700446419133109;0.6204671841346823;0.6936255097389221;0.2385590374469757;0.03288446524035045;0.09797035627598985;0.21349996173661365;0.08258799056149639;0.1937294907239568;0.3265924378948374
superpoint_lightglue_upright_true_nfeat_8000_resize_1024;fcgnn;opencv_magsac_fundamental_matrix_th_0.75_conf_0.9999_max_iters_100000;;0.41654408181699865;0.2382504084876007;0.7286447882652283;0.5851728916168213;0.11906395079645529;0.2467829430253265;0.3920260211109677;0.16790484491948393;0.33127344427726746;0.4886607573489707
superpoint_lightglue_upright_true_nfeat_8000_resize_1024;clnet_inlier_threshold_0.0001;opencv_magsac_fundamental_matrix_th_0.75_conf_0.9999_max_iters_100000;;0.6589661736721388;0.18315312267921335;0.7004644870758057;0.33944568037986755;0.03537748763346353;0.09464042564129035;0.19276914879738719;0.08609915640840037;0.19502220322446487;0.3379469836877944
superpoint_lightglue_upright_true_nfeat_8000_resize_1024;ms2dgnet;opencv_magsac_fundamental_matrix_th_0.75_conf_0.9999_max_iters_100000;;0.7494190669063702;0.5073053457107113;0.7200732231140137;0.2396954745054245;0.04267183542382181;0.11586360990784791;0.23570520485536317;0.06971336163818163;0.1714226871390358;0.30103496477318215
superpoint_lightglue_upright_true_nfeat_8000_resize_1024;ncmnet_obj_geod_th_0.0001;opencv_magsac_fundamental_matrix_th_0.75_conf_0.9999_max_iters_100000;;0.6358605917196786;1.559976462384859;0.694538414478302;0.3634539246559143;0.04326368211284193;0.11556131719377645;0.2270300422151585;0.09541971096981422;0.21532029493246801;0.3624085511519917
