pipe_module_0;pipe_module_1;pipe_module_2;pipe_module_3;filtered_of_279;runtime_increment_from_0.508_s;F_precision;F_recall;F_AUC@5;F_AUC@10;F_AUC@20;E_AUC@5;E_AUC@10;E_AUC@20
keynetaffnethardnet_upright_true_th_0.99_nfeat_8000;;;;0.0;0.0;0.3481074273586273;0.9913777709007263;0.0;0.0015877204453615718;0.010442971719691923;0.10966925138501823;0.22160539775370527;0.35108534136196734
keynetaffnethardnet_upright_true_th_0.99_nfeat_8000;miho_duplex_max_iter_500;;;0.43479897447090243;1.8710243643711637;0.5024101138114929;0.8268882632255554;0.003752101962060277;0.00948510017792656;0.03809410148449026;0.11547566862590322;0.2384691033655603;0.3795270114459547
keynetaffnethardnet_upright_true_th_0.99_nfeat_8000;miho_duplex_max_iter_500;opencv_magsac_fundamental_matrix_th_1.0_conf_0.9999_max_iters_100000;;0.7288359942160012;1.9050874796961215;0.6341772079467773;0.4904113709926605;0.06919838370359424;0.15596029183198074;0.27673567186701364;0.12321664337068208;0.2467837513122134;0.3865952733185914
keynetaffnethardnet_upright_true_th_0.99_nfeat_8000;miho_duplex_max_iter_500;nnc_subpix_true_w_10_w_big_none_ref_images_both_scales_5_angles_5;;0.43479897447090243;2.290988533370793;0.5038717985153198;0.8380013108253479;0.0022498334406245704;0.007989398219372801;0.03696697184029097;0.1386314162461606;0.2723231593041304;0.4198182857581666
keynetaffnethardnet_upright_true_th_0.99_nfeat_8000;miho_duplex_max_iter_500;nnc_subpix_true_w_10_w_big_none_ref_images_both_scales_5_angles_5;opencv_magsac_fundamental_matrix_th_1.0_conf_0.9999_max_iters_100000;0.6975962200311331;2.31811593662816;0.6438742876052856;0.5604273080825806;0.0843501059774006;0.183597774753477;0.3008189165081343;0.1398027900477974;0.28208996221495114;0.42786344891086603
keynetaffnethardnet_upright_true_th_0.99_nfeat_8000;miho_unduplex_max_iter_500;;;0.5588097232179912;1.3166666833705012;0.5542886257171631;0.7052494287490845;0.009436374976903262;0.02797424413879402;0.08077095884950428;0.11590376681637955;0.237621993129419;0.37409686710189854
keynetaffnethardnet_upright_true_th_0.99_nfeat_8000;miho_unduplex_max_iter_500;opencv_magsac_fundamental_matrix_th_1.0_conf_0.9999_max_iters_100000;;0.7524518187829701;1.3261465830832022;0.6262831091880798;0.4477144181728363;0.06384439100470019;0.1453433226629209;0.2592516774569603;0.11600814060567899;0.23818028153812273;0.3728170831188346
keynetaffnethardnet_upright_true_th_0.99_nfeat_8000;miho_unduplex_max_iter_500;nnc_subpix_true_w_10_w_big_none_ref_images_both_scales_5_angles_5;;0.5588097232179912;1.6811660031038986;0.5534183979034424;0.7135332822799683;0.010598292037796678;0.025888539449769293;0.07423463180855276;0.13178013845859415;0.26404285104013603;0.40264319406818877
keynetaffnethardnet_upright_true_th_0.99_nfeat_8000;miho_unduplex_max_iter_500;nnc_subpix_true_w_10_w_big_none_ref_images_both_scales_5_angles_5;opencv_magsac_fundamental_matrix_th_1.0_conf_0.9999_max_iters_100000;0.7207364599932101;1.6884229015668866;0.6334216594696045;0.5130068063735962;0.08148615891126801;0.17766854654089098;0.2865339218562219;0.1323411511299132;0.2651344210912145;0.40014030606911516
keynetaffnethardnet_upright_true_th_0.99_nfeat_8000;miho_duplex_max_iter_1000;;;0.4229140409183398;3.122423749325991;0.49968159198760986;0.8419417142868042;0.002056725821744247;0.0067799799478718975;0.03586083503668011;0.1256268373164323;0.25170019141749717;0.3934501427408982
keynetaffnethardnet_upright_true_th_0.99_nfeat_8000;miho_duplex_max_iter_1000;opencv_magsac_fundamental_matrix_th_1.0_conf_0.9999_max_iters_100000;;0.7272728720082833;3.1605696885688825;0.6351954936981201;0.4972505569458008;0.07729756465081672;0.1696370974789108;0.288314614279879;0.12599045985969454;0.24872145276861665;0.39244368221774145
keynetaffnethardnet_upright_true_th_0.99_nfeat_8000;miho_duplex_max_iter_1000;nnc_subpix_true_w_10_w_big_none_ref_images_both_scales_5_angles_5;;0.4229140409183398;3.5372343970414466;0.5023151636123657;0.8606318235397339;0.0020059203825724876;0.0064758297391710835;0.03313964189087458;0.13401019705426992;0.2779370192113123;0.4234406354423573
keynetaffnethardnet_upright_true_th_0.99_nfeat_8000;miho_duplex_max_iter_1000;nnc_subpix_true_w_10_w_big_none_ref_images_both_scales_5_angles_5;opencv_magsac_fundamental_matrix_th_1.0_conf_0.9999_max_iters_100000;0.694735422476765;3.569459271228558;0.6464757323265076;0.5697641372680664;0.09342492653275529;0.1920722214669383;0.3056583614293257;0.13601388780064297;0.2677006562715011;0.4130220689351313
keynetaffnethardnet_upright_true_th_0.99_nfeat_8000;miho_unduplex_max_iter_1000;;;0.5519395157525415;2.1530895098233462;0.5567291378974915;0.7203547954559326;0.011978843064903665;0.03305470061945716;0.07974513953428207;0.11569439930102468;0.24298310212025975;0.3783411803687743
keynetaffnethardnet_upright_true_th_0.99_nfeat_8000;miho_unduplex_max_iter_1000;opencv_magsac_fundamental_matrix_th_1.0_conf_0.9999_max_iters_100000;;0.7500686437669547;2.1630703750581683;0.6309504508972168;0.45547834038734436;0.07582001904638933;0.16058741704797538;0.2684704303325905;0.11554090730340509;0.2377134752314974;0.3777928142753943
keynetaffnethardnet_upright_true_th_0.99_nfeat_8000;miho_unduplex_max_iter_1000;nnc_subpix_true_w_10_w_big_none_ref_images_both_scales_5_angles_5;;0.5519395157525415;2.523873355046008;0.5570310950279236;0.7307040691375732;0.008744728449261132;0.02809082259360874;0.07573383973438111;0.12971447524935295;0.259999302477858;0.40336920959544004
keynetaffnethardnet_upright_true_th_0.99_nfeat_8000;miho_unduplex_max_iter_1000;nnc_subpix_true_w_10_w_big_none_ref_images_both_scales_5_angles_5;opencv_magsac_fundamental_matrix_th_1.0_conf_0.9999_max_iters_100000;0.7186640485669364;2.5317012917169293;0.6385523676872253;0.5230329632759094;0.08507202448340931;0.17970831967809228;0.2928514437684263;0.13554953051028235;0.2676351183586277;0.41186994985569214
keynetaffnethardnet_upright_true_th_0.99_nfeat_8000;miho_duplex_max_iter_1500;;;0.4149594078956114;4.409109312543469;0.4944519102573395;0.8474360108375549;0.0025301356626814117;0.008074118295936683;0.04061507699906337;0.11952054732077952;0.24137475428598262;0.38574561056881046
keynetaffnethardnet_upright_true_th_0.99_nfeat_8000;miho_duplex_max_iter_1500;opencv_magsac_fundamental_matrix_th_1.0_conf_0.9999_max_iters_100000;;0.7260825735028439;4.4499347299735055;0.635303258895874;0.49819839000701904;0.07850227013670327;0.16610692162370638;0.2839841592418465;0.11732870586258123;0.24338130102715652;0.3846204178344439
keynetaffnethardnet_upright_true_th_0.99_nfeat_8000;miho_duplex_max_iter_1500;nnc_subpix_true_w_10_w_big_none_ref_images_both_scales_5_angles_5;;0.4149594078956114;4.827687807506796;0.49656909704208374;0.8641097545623779;0.0019726508979871758;0.00721394587988877;0.0424012853200738;0.13923513768218415;0.2775724762622244;0.42532489683608377
keynetaffnethardnet_upright_true_th_0.99_nfeat_8000;miho_duplex_max_iter_1500;nnc_subpix_true_w_10_w_big_none_ref_images_both_scales_5_angles_5;opencv_magsac_fundamental_matrix_th_1.0_conf_0.9999_max_iters_100000;0.6937170260099054;4.861053379985727;0.6443065404891968;0.5693758726119995;0.08228998325699191;0.1791227805306178;0.29499400306873536;0.13234888775573111;0.2655652631925459;0.41557550947594857
keynetaffnethardnet_upright_true_th_0.99_nfeat_8000;miho_unduplex_max_iter_1500;;;0.5485501676288811;2.8238381394963326;0.5556564331054688;0.7276453971862793;0.01104955814741478;0.02996934524464302;0.08312422476958298;0.11353828246958919;0.24045527197805164;0.3745511652903632
keynetaffnethardnet_upright_true_th_0.99_nfeat_8000;miho_unduplex_max_iter_1500;opencv_magsac_fundamental_matrix_th_1.0_conf_0.9999_max_iters_100000;;0.7491288254057341;2.834105224005239;0.6304347515106201;0.4577804207801819;0.07373816173306919;0.1618363963791891;0.2735154734748145;0.12090616520647812;0.2377105118559549;0.3763814929243025
keynetaffnethardnet_upright_true_th_0.99_nfeat_8000;miho_unduplex_max_iter_1500;nnc_subpix_true_w_10_w_big_none_ref_images_both_scales_5_angles_5;;0.5485501676288811;3.1946278148375784;0.554952085018158;0.7348847389221191;0.006894625217539208;0.025164015052895606;0.07518896534910727;0.13518189866579539;0.26438174060267644;0.41268754981067557
keynetaffnethardnet_upright_true_th_0.99_nfeat_8000;miho_unduplex_max_iter_1500;nnc_subpix_true_w_10_w_big_none_ref_images_both_scales_5_angles_5;opencv_magsac_fundamental_matrix_th_1.0_conf_0.9999_max_iters_100000;0.7166049834150571;3.202146578233318;0.6386182308197021;0.5268919467926025;0.07953595085261286;0.17322155590723579;0.2903346608731783;0.1400797375814292;0.2665691145124257;0.4067173528370529
keynetaffnethardnet_upright_true_th_0.99_nfeat_8000;miho_duplex_max_iter_2000;;;0.41005811497624634;5.317160176551386;0.4949612617492676;0.8548060059547424;0.0017016846316818437;0.00654943794359774;0.03511373108438634;0.12234759057508042;0.2499778241016354;0.3951001167888168
keynetaffnethardnet_upright_true_th_0.99_nfeat_8000;miho_duplex_max_iter_2000;opencv_magsac_fundamental_matrix_th_1.0_conf_0.9999_max_iters_100000;;0.7251620776800437;5.360911174849385;0.6372607350349426;0.5025432109832764;0.07091243284698685;0.15763137472081457;0.2763340125626181;0.11819196888138503;0.24473333609493314;0.3854823569072815
keynetaffnethardnet_upright_true_th_0.99_nfeat_8000;miho_duplex_max_iter_2000;nnc_subpix_true_w_10_w_big_none_ref_images_both_scales_5_angles_5;;0.41005811497624634;5.899420958646141;0.4973178207874298;0.8717896938323975;0.0009248045960329965;0.004341844400039119;0.03329296374678193;0.14258000126871379;0.27547210387688403;0.4234018397887441
keynetaffnethardnet_upright_true_th_0.99_nfeat_8000;miho_duplex_max_iter_2000;nnc_subpix_true_w_10_w_big_none_ref_images_both_scales_5_angles_5;opencv_magsac_fundamental_matrix_th_1.0_conf_0.9999_max_iters_100000;0.6924232646744786;5.933483416514074;0.6455187797546387;0.5714367032051086;0.08727968484286504;0.18154506307995752;0.2982760051104957;0.1374492157399026;0.27294647879122996;0.41800123830300817
keynetaffnethardnet_upright_true_th_0.99_nfeat_8000;miho_unduplex_max_iter_2000;;;0.5465845928229544;3.440661861450881;0.557081401348114;0.7296514511108398;0.0051840361150306425;0.02629910363155266;0.08036000530654089;0.1145587773190329;0.2427186021312849;0.37553751643828914
keynetaffnethardnet_upright_true_th_0.99_nfeat_8000;miho_unduplex_max_iter_2000;opencv_magsac_fundamental_matrix_th_1.0_conf_0.9999_max_iters_100000;;0.7478068505148256;3.4514030028678597;0.6315139532089233;0.4577315151691437;0.07403663219756287;0.1553910397213977;0.27107746334132715;0.1217531061323498;0.23947147932543672;0.37360784935273517
keynetaffnethardnet_upright_true_th_0.99_nfeat_8000;miho_unduplex_max_iter_2000;nnc_subpix_true_w_10_w_big_none_ref_images_both_scales_5_angles_5;;0.5465845928229544;3.9566780598884153;0.5566831231117249;0.7377398014068604;0.006433139683233884;0.024034999442666915;0.07750909038445115;0.14072483898130686;0.26838176310157646;0.4120232452492959
keynetaffnethardnet_upright_true_th_0.99_nfeat_8000;miho_unduplex_max_iter_2000;nnc_subpix_true_w_10_w_big_none_ref_images_both_scales_5_angles_5;opencv_magsac_fundamental_matrix_th_1.0_conf_0.9999_max_iters_100000;0.7153879746947998;3.964712890499154;0.6417787671089172;0.5300830006599426;0.08633927685390255;0.1799030965208834;0.29474863365704923;0.13572442941889123;0.268236798118761;0.4062873278068304
keynetaffnethardnet_upright_true_th_0.99_nfeat_8000;opencv_magsac_fundamental_matrix_th_1.0_conf_0.9999_max_iters_100000;;;0.711575262099686;0.1643124641545659;0.6023432612419128;0.49424681067466736;0.06697335535925329;0.1538035685285759;0.26415140644339424;0.115652249763829;0.23725755156665632;0.3746769263769749
keynetaffnethardnet_upright_true_th_0.99_nfeat_8000;nnc_subpix_true_w_10_w_big_none_ref_images_both_scales_5_angles_5;;;0.0;0.5767907265266436;0.3454742729663849;1.0004247426986694;0.0007301143342814195;0.0018276063833602147;0.010754572379908315;0.10869423127172737;0.230803195767122;0.3694810629510462
keynetaffnethardnet_upright_true_th_0.99_nfeat_8000;nnc_subpix_true_w_10_w_big_none_ref_images_both_scales_5_angles_5;opencv_magsac_fundamental_matrix_th_1.0_conf_0.9999_max_iters_100000;;0.6930288904645858;0.7278538716592051;0.6072872877120972;0.534631073474884;0.07320266593676081;0.16745377947310353;0.2839154901405009;0.12244618028806849;0.25278777750230963;0.39382841253569606
keynetaffnethardnet_upright_true_th_0.99_nfeat_8000;gms;;;0.7938601156163267;0.17928198418221375;0.565057635307312;0.33543530106544495;0.011300409074631576;0.03832295617755624;0.08767230086677515;0.05465365577053525;0.12105625491921165;0.21953724029991414
keynetaffnethardnet_upright_true_th_0.99_nfeat_8000;gms;opencv_magsac_fundamental_matrix_th_1.0_conf_0.9999_max_iters_100000;;0.8566707451846132;0.1837510080555127;0.5502263307571411;0.24387802183628082;0.028361703015133327;0.07649981703131259;0.1466222591143756;0.051639534130416484;0.12626277976931574;0.22115892986830915
keynetaffnethardnet_upright_true_th_0.99_nfeat_8000;oanet;;;0.8100912257984777;0.11385953592141407;0.5955236554145813;0.35424235463142395;0.01826422613989766;0.05876575142332855;0.130832520386471;0.04819761262178439;0.1285401251822911;0.24843181747289642
keynetaffnethardnet_upright_true_th_0.99_nfeat_8000;oanet;opencv_magsac_fundamental_matrix_th_1.0_conf_0.9999_max_iters_100000;;0.8621955635295817;0.11772639259885143;0.6167725920677185;0.26286253333091736;0.028975674044258926;0.08008285151711511;0.16836211221928782;0.06335049314176258;0.15071407832820835;0.26249875120378346
keynetaffnethardnet_upright_true_th_0.99_nfeat_8000;adalam_th_0.6400000000000001_scale_th_1.5_ori_th_30;;;0.9694583518378792;0.004057923197287705;0.43290990591049194;0.042877648025751114;0.006504290859940589;0.018861446615136206;0.04228946658405308;0.013256249377898734;0.03396360276588517;0.07233870703594236
keynetaffnethardnet_upright_true_th_0.99_nfeat_8000;adalam_th_0.6400000000000001_scale_th_1.5_ori_th_30;opencv_magsac_fundamental_matrix_th_1.0_conf_0.9999_max_iters_100000;;0.9779371231216263;0.0054368029326068434;0.2670046091079712;0.031225791200995445;0.011737223868657496;0.026138311949911064;0.05214922423268854;0.013358402799814099;0.03167068131628221;0.06128749282013908
keynetaffnethardnet_upright_true_th_0.99_nfeat_8000;acne_outdoor_false;;;0.5762476659689917;0.02968995890360615;0.5827798843383789;0.7155042886734009;0.02152164090369982;0.0760856382033822;0.19597530735903573;0.10042289034222289;0.22652619511473765;0.3766931270321665
keynetaffnethardnet_upright_true_th_0.99_nfeat_8000;acne_outdoor_false;opencv_magsac_fundamental_matrix_th_1.0_conf_0.9999_max_iters_100000;;0.7471022510561773;0.04713891030777195;0.6438491344451904;0.4667229652404785;0.06391088325007463;0.1603772157230548;0.2960694645658895;0.11141675171256087;0.24056466035241203;0.3868159982431463
keynetaffnethardnet_upright_true_th_0.99_nfeat_8000;consensusclustering_th_7_max_tanimoto_similarity_0.75_cluster_assignment_hard;;;0.4457342835727327;2.3121649399671993;0.5813097953796387;0.7447522878646851;0.01463118394113507;0.04697201194891313;0.11138250475236726;0.0831874667159691;0.17801710559663392;0.2984467657336272
keynetaffnethardnet_upright_true_th_0.99_nfeat_8000;consensusclustering_th_7_max_tanimoto_similarity_0.75_cluster_assignment_hard;opencv_magsac_fundamental_matrix_th_1.0_conf_0.9999_max_iters_100000;;0.7655285624973786;2.3855701229920983;0.6423743367195129;0.4208325445652008;0.04813835681859073;0.11019284960520592;0.20180790506825558;0.07894529226188356;0.18141210852874629;0.3036802142903669
keynetaffnethardnet_upright_true_th_0.99_nfeat_8000;dematch_outdoor_false_inlier_threshold_0.0;;;0.6607219526183977;0.43470894622670686;0.6086570620536804;0.6201633810997009;0.013857587433462434;0.04958700140256337;0.12753969744664304;0.07578470178078414;0.18642003940039914;0.3229497258475179
keynetaffnethardnet_upright_true_th_0.99_nfeat_8000;dematch_outdoor_false_inlier_threshold_0.0;opencv_magsac_fundamental_matrix_th_1.0_conf_0.9999_max_iters_100000;;0.7863323811843608;0.4487808892692038;0.6480912566184998;0.40889182686805725;0.04444432595489171;0.10489742779874592;0.2173672328589551;0.08806168530435007;0.20054618925927087;0.3398159647987463
keynetaffnethardnet_upright_true_th_0.99_nfeat_8000;convmatch_outdoor_false_inlier_threshold_0.0;;;0.6508375767134239;0.2722921147260666;0.6246751546859741;0.657159149646759;0.01840303705445033;0.06395416204969138;0.164300287829775;0.08566523673274438;0.21113039274231085;0.35537341854657034
keynetaffnethardnet_upright_true_th_0.99_nfeat_8000;convmatch_outdoor_false_inlier_threshold_0.0;opencv_magsac_fundamental_matrix_th_1.0_conf_0.9999_max_iters_100000;;0.7798283249380247;0.28468497167782814;0.665499746799469;0.43325284123420715;0.04744443434008702;0.12089717380948668;0.23979355076605416;0.10654589223366306;0.22733148911178863;0.36980444057576495
keynetaffnethardnet_upright_true_th_0.99_nfeat_8000;fcgnn;;;0.7292065750602991;0.03652991805721095;0.6711643934249878;0.4945746660232544;0.037675138254688115;0.0901752705763523;0.17740700244697477;0.12845356006344702;0.25960570118749926;0.39826018857189116
keynetaffnethardnet_upright_true_th_0.99_nfeat_8000;fcgnn;opencv_magsac_fundamental_matrix_th_1.0_conf_0.9999_max_iters_100000;;0.7626225999797346;0.04299613670686542;0.68985515832901;0.44505441188812256;0.08154263581477916;0.1735431083970606;0.29144068060866724;0.12527667387297076;0.2504523522294418;0.39346022462809854
keynetaffnethardnet_upright_true_th_0.99_nfeat_8000;clnet_inlier_threshold_0.0001;;;0.7051978723065616;0.04123455330292147;0.6197193264961243;0.5249660015106201;0.0066047275749769015;0.021805972023529303;0.06922774345547617;0.06879639463557614;0.1707056551567089;0.30155309550580967
keynetaffnethardnet_upright_true_th_0.99_nfeat_8000;clnet_inlier_threshold_0.0001;opencv_magsac_fundamental_matrix_th_1.0_conf_0.9999_max_iters_100000;;0.7983888578502908;0.045831738916855436;0.6501399874687195;0.37519440054893494;0.02404555012087688;0.06950426416403398;0.15086466389560038;0.06764990978285927;0.16207206906799904;0.28472442077744897
keynetaffnethardnet_upright_true_th_0.99_nfeat_8000;ms2dgnet;;;0.641458077747974;0.13883230951687509;0.5171528458595276;0.5598464012145996;0.0;0.001187610296273414;0.007412301874011819;0.06519749919220638;0.15575405979841558;0.26943140311139946
keynetaffnethardnet_upright_true_th_0.99_nfeat_8000;ms2dgnet;opencv_magsac_fundamental_matrix_th_1.0_conf_0.9999_max_iters_100000;;0.8201195692455115;0.18343015635014792;0.6327236890792847;0.3444376289844513;0.030387197292330793;0.08652588231106748;0.17478515168140646;0.06429376062697502;0.15418216499268095;0.2726217887922319
keynetaffnethardnet_upright_true_th_0.99_nfeat_8000;ncmnet_obj_geod_th_0.0001;;;0.70136147944682;0.3380115923085638;0.6141930818557739;0.5198265910148621;0.010630365840860788;0.03393823250406491;0.08558223177103264;0.07730165133544842;0.16977708136095507;0.2958396499883518
keynetaffnethardnet_upright_true_th_0.99_nfeat_8000;ncmnet_obj_geod_th_0.0001;opencv_magsac_fundamental_matrix_th_1.0_conf_0.9999_max_iters_100000;;0.7941655756403082;0.3423459479884625;0.643399178981781;0.3746183216571808;0.029941496234927662;0.0811851394569327;0.16376212343738986;0.07033148875714802;0.1723265918901503;0.2958167861428863
keynetaffnethardnet_upright_true_th_0.99_nfeat_8000;miho_duplex_max_iter_500;opencv_magsac_fundamental_matrix_th_0.75_conf_0.9999_max_iters_100000;;0.7670899714129135;1.9371655908952259;0.6333450675010681;0.4209650456905365;0.08022849455606279;0.1720892507751169;0.29017662870947597;0.1292171612038724;0.2524441468880973;0.39304894989434624
keynetaffnethardnet_upright_true_th_0.99_nfeat_8000;miho_duplex_max_iter_500;nnc_subpix_true_w_10_w_big_none_ref_images_both_scales_5_angles_5;opencv_magsac_fundamental_matrix_th_0.75_conf_0.9999_max_iters_100000;0.7262265432665341;2.3366188485595885;0.6452581882476807;0.5078604817390442;0.08774371925242407;0.1859639017376809;0.30223620369889126;0.13403824604946782;0.2656169038567843;0.41091259856042894
keynetaffnethardnet_upright_true_th_0.99_nfeat_8000;miho_unduplex_max_iter_500;opencv_magsac_fundamental_matrix_th_0.75_conf_0.9999_max_iters_100000;;0.7870407356119931;1.3383086159787263;0.6246407628059387;0.38518422842025757;0.06946846698242759;0.14865596337368475;0.2605842543727387;0.11326586443239858;0.23261887003046194;0.3701231810888557
keynetaffnethardnet_upright_true_th_0.99_nfeat_8000;miho_unduplex_max_iter_500;nnc_subpix_true_w_10_w_big_none_ref_images_both_scales_5_angles_5;opencv_magsac_fundamental_matrix_th_0.75_conf_0.9999_max_iters_100000;0.7454825473443073;1.6946290941013955;0.6345949769020081;0.4681629240512848;0.08504905578000531;0.18176394141392932;0.29137512556760287;0.1300035605756657;0.2566410449287523;0.3918294880365759
keynetaffnethardnet_upright_true_th_0.99_nfeat_8000;miho_duplex_max_iter_1000;opencv_magsac_fundamental_matrix_th_0.75_conf_0.9999_max_iters_100000;;0.7651283941701498;3.193861079428787;0.6338038444519043;0.42783617973327637;0.07539466503252974;0.166319757679691;0.2826299270399142;0.1282116447452639;0.2566063818176441;0.39926535939974966
keynetaffnethardnet_upright_true_th_0.99_nfeat_8000;miho_duplex_max_iter_1000;nnc_subpix_true_w_10_w_big_none_ref_images_both_scales_5_angles_5;opencv_magsac_fundamental_matrix_th_0.75_conf_0.9999_max_iters_100000;0.7238705428807786;3.5879290651349107;0.6463434100151062;0.5141541957855225;0.08681028368018383;0.19046352971202307;0.3037107421288813;0.13759367210437667;0.26408259241127213;0.4051718494945475
keynetaffnethardnet_upright_true_th_0.99_nfeat_8000;miho_unduplex_max_iter_1000;opencv_magsac_fundamental_matrix_th_0.75_conf_0.9999_max_iters_100000;;0.7849995280657635;2.1756437133235376;0.6300581097602844;0.39277228713035583;0.06930541297220119;0.15085101539294923;0.2662941344737529;0.11539862445031024;0.23371365946189462;0.36280868791201853
keynetaffnethardnet_upright_true_th_0.99_nfeat_8000;miho_unduplex_max_iter_1000;nnc_subpix_true_w_10_w_big_none_ref_images_both_scales_5_angles_5;opencv_magsac_fundamental_matrix_th_0.75_conf_0.9999_max_iters_100000;0.7442107644984477;2.5380109952196084;0.6393061280250549;0.4755083918571472;0.08506919937750958;0.18188317333668472;0.29179822797406074;0.14106776536870003;0.26938246649252096;0.40966576968042484
keynetaffnethardnet_upright_true_th_0.99_nfeat_8000;miho_duplex_max_iter_1500;opencv_magsac_fundamental_matrix_th_0.75_conf_0.9999_max_iters_100000;;0.7637517793885709;4.481553724496732;0.6370072960853577;0.43100714683532715;0.07892831886324318;0.1670405580571477;0.2854896295768531;0.12220627560122359;0.2513847381674993;0.39366327719526817
keynetaffnethardnet_upright_true_th_0.99_nfeat_8000;miho_duplex_max_iter_1500;nnc_subpix_true_w_10_w_big_none_ref_images_both_scales_5_angles_5;opencv_magsac_fundamental_matrix_th_0.75_conf_0.9999_max_iters_100000;0.7227054065819665;4.879524069537698;0.6453670859336853;0.5157008171081543;0.0885764074442993;0.18742205549646423;0.3038691947274042;0.1378564414942023;0.27931388255751655;0.42571964239307647
keynetaffnethardnet_upright_true_th_0.99_nfeat_8000;miho_unduplex_max_iter_1500;opencv_magsac_fundamental_matrix_th_0.75_conf_0.9999_max_iters_100000;;0.784125817278363;2.84749049431493;0.6301521062850952;0.3950439393520355;0.07604265150470065;0.16525082428466858;0.27212683287460065;0.1123109148367007;0.24319713291421746;0.3833492234100985
keynetaffnethardnet_upright_true_th_0.99_nfeat_8000;miho_unduplex_max_iter_1500;nnc_subpix_true_w_10_w_big_none_ref_images_both_scales_5_angles_5;opencv_magsac_fundamental_matrix_th_0.75_conf_0.9999_max_iters_100000;0.7429629755502696;3.208679711239853;0.6407350301742554;0.4783251881599426;0.08495566823903175;0.17894583380335474;0.29294118381193285;0.13128608338793293;0.263942385077374;0.40466726657184865
keynetaffnethardnet_upright_true_th_0.99_nfeat_8000;miho_duplex_max_iter_2000;opencv_magsac_fundamental_matrix_th_0.75_conf_0.9999_max_iters_100000;;0.7634287556003579;5.396925728495727;0.6362271904945374;0.43214017152786255;0.07213954828246039;0.1564528438482538;0.27619965199884017;0.12187608024651748;0.25292352588139994;0.3927801048391865
keynetaffnethardnet_upright_true_th_0.99_nfeat_8000;miho_duplex_max_iter_2000;nnc_subpix_true_w_10_w_big_none_ref_images_both_scales_5_angles_5;opencv_magsac_fundamental_matrix_th_0.75_conf_0.9999_max_iters_100000;0.7214568902037262;5.953474935892205;0.6466755270957947;0.5174689292907715;0.08296356142021855;0.1803692189943333;0.29502063610332796;0.13950405311707312;0.27411558665081526;0.4181534489056261
keynetaffnethardnet_upright_true_th_0.99_nfeat_8000;miho_unduplex_max_iter_2000;opencv_magsac_fundamental_matrix_th_0.75_conf_0.9999_max_iters_100000;;0.7840673446079545;3.4649673288396343;0.6333959698677063;0.39448022842407227;0.07167642065414041;0.15394550125522272;0.26742677270630555;0.12622383711307963;0.2461009338883547;0.37531648919668137
keynetaffnethardnet_upright_true_th_0.99_nfeat_8000;miho_unduplex_max_iter_2000;nnc_subpix_true_w_10_w_big_none_ref_images_both_scales_5_angles_5;opencv_magsac_fundamental_matrix_th_0.75_conf_0.9999_max_iters_100000;0.7418967834885516;3.9711365803727423;0.6430813670158386;0.4812473952770233;0.08692855171220044;0.184250035725735;0.3017189187213334;0.13138904201652335;0.2594023174790622;0.3974192207183467
keynetaffnethardnet_upright_true_th_0.99_nfeat_8000;opencv_magsac_fundamental_matrix_th_0.75_conf_0.9999_max_iters_100000;;;0.7527157005303922;0.1968301937438921;0.6014458537101746;0.42192426323890686;0.07383652529701733;0.15485585324042134;0.26187968582259696;0.11890818709621953;0.2388855887635458;0.3700597514603995
keynetaffnethardnet_upright_true_th_0.99_nfeat_8000;nnc_subpix_true_w_10_w_big_none_ref_images_both_scales_5_angles_5;opencv_magsac_fundamental_matrix_th_0.75_conf_0.9999_max_iters_100000;;0.7287807810164483;0.7535833903748634;0.6065602898597717;0.470390260219574;0.07605317172262074;0.1670160333775526;0.2790138253444166;0.11959895002848857;0.2447973494957114;0.3865026839772245
keynetaffnethardnet_upright_true_th_0.99_nfeat_8000;gms;opencv_magsac_fundamental_matrix_th_0.75_conf_0.9999_max_iters_100000;;0.8742702223753986;0.18465185085054014;0.5495578050613403;0.21490338444709778;0.027567771987005735;0.07524276117390764;0.13957371460444348;0.049555473131244344;0.12255604685593965;0.21267209027732664
keynetaffnethardnet_upright_true_th_0.99_nfeat_8000;oanet;opencv_magsac_fundamental_matrix_th_0.75_conf_0.9999_max_iters_100000;;0.8765857520223611;0.11878529929447357;0.6153923869132996;0.23550687730312347;0.0310744056714853;0.0811605968578379;0.1714525046795679;0.053765054289870995;0.141545642292169;0.2587930442683417
keynetaffnethardnet_upright_true_th_0.99_nfeat_8000;adalam_th_0.6400000000000001_scale_th_1.5_ori_th_30;opencv_magsac_fundamental_matrix_th_0.75_conf_0.9999_max_iters_100000;;0.9794717480236489;0.0060624034403464755;0.2659841477870941;0.028947727754712105;0.01054267942087673;0.027563752775004724;0.05420378727504729;0.013943917042540999;0.031697321290019224;0.06545962655607643
keynetaffnethardnet_upright_true_th_0.99_nfeat_8000;acne_outdoor_false;opencv_magsac_fundamental_matrix_th_0.75_conf_0.9999_max_iters_100000;;0.7806458820410014;0.058139637495997265;0.6427552103996277;0.4035888612270355;0.06651876503691477;0.16134772686780335;0.29183008999016374;0.11903858447093311;0.24603526125912617;0.3967921692247586
keynetaffnethardnet_upright_true_th_0.99_nfeat_8000;consensusclustering_th_7_max_tanimoto_similarity_0.75_cluster_assignment_hard;opencv_magsac_fundamental_matrix_th_0.75_conf_0.9999_max_iters_100000;;0.7959711590837735;2.3889585733928302;0.6420914530754089;0.36630576848983765;0.04664844759593065;0.10853143792262195;0.1995334151061326;0.08382199526975412;0.17776935301548819;0.29692689452602145
keynetaffnethardnet_upright_true_th_0.99_nfeat_8000;dematch_outdoor_false_inlier_threshold_0.0;opencv_magsac_fundamental_matrix_th_0.75_conf_0.9999_max_iters_100000;;0.814635875321734;0.4559948564068781;0.6473134160041809;0.3531723916530609;0.044955916179528224;0.11188714233599054;0.21708534829548692;0.08295535859171925;0.19513013769253845;0.33851420234862106
keynetaffnethardnet_upright_true_th_0.99_nfeat_8000;convmatch_outdoor_false_inlier_threshold_0.0;opencv_magsac_fundamental_matrix_th_0.75_conf_0.9999_max_iters_100000;;0.8088777866056502;0.2915122122427507;0.6638473272323608;0.3751339614391327;0.05309885195234336;0.12662232493110856;0.243831834933584;0.10407931138966911;0.22555921010464544;0.36947134132061155
keynetaffnethardnet_upright_true_th_0.99_nfeat_8000;fcgnn;opencv_magsac_fundamental_matrix_th_0.75_conf_0.9999_max_iters_100000;;0.7757354391034652;0.042844765609991065;0.6907063722610474;0.4213446378707886;0.0869384040639807;0.17888460759382205;0.29765972502770555;0.12579129073234452;0.25695427825164757;0.3977598578817646
keynetaffnethardnet_upright_true_th_0.99_nfeat_8000;clnet_inlier_threshold_0.0001;opencv_magsac_fundamental_matrix_th_0.75_conf_0.9999_max_iters_100000;;0.8242337574135895;0.04712115939502981;0.6499301195144653;0.3275941014289856;0.02295122637125265;0.0681963657727129;0.14987582997026866;0.07374280330352882;0.16747491514535898;0.2883989644660806
keynetaffnethardnet_upright_true_th_0.99_nfeat_8000;ms2dgnet;opencv_magsac_fundamental_matrix_th_0.75_conf_0.9999_max_iters_100000;;0.8412397648574188;0.1992448917548011;0.6312206387519836;0.30261245369911194;0.03679412596875824;0.09165076471737074;0.17460641393666476;0.06776909832009936;0.1573320493480407;0.2686445084815684
keynetaffnethardnet_upright_true_th_0.99_nfeat_8000;ncmnet_obj_geod_th_0.0001;opencv_magsac_fundamental_matrix_th_0.75_conf_0.9999_max_iters_100000;;0.8195005225982045;0.3442742569874484;0.6440463662147522;0.3293686509132385;0.036735036435066516;0.08455676261337772;0.16589187966870825;0.07432841542365597;0.16921214831623774;0.2918023956440498
