pipe_module_0;pipe_module_1;filtered_of_910;F_precision;F_recall;F_AUC@5;F_AUC@10;F_AUC@20;E_AUC@5;E_AUC@10;E_AUC@20
aliked_lightglue_upright_true_nfeat_8000_resize_1024_model_aliked-n16rot;;0.0;0.9295097589492798;0.9971556067466736;0.39435565711063686;0.5542834759256492;0.6988193768107026;0.4517567281343952;0.6262304944195486;0.7641485891948989
aliked_lightglue_upright_true_nfeat_8000_resize_1024_model_aliked-n16rot;opencv_magsac_fundamental_matrix_th_5.0_conf_0.9999_max_iters_100000;0.006230103757686748;0.931525468826294;0.994515597820282;0.4287316391477236;0.5864315837215972;0.7202033132428094;0.45499734556360594;0.6275101556463076;0.7649289439741364
aliked_lightglue_upright_true_nfeat_8000_resize_1024_model_aliked-n16rot;opencv_magsac_fundamental_matrix_th_3.0_conf_0.9999_max_iters_100000;0.017274816838564255;0.9355794191360474;0.9882268905639648;0.4477967749873482;0.6015386062064195;0.7318881498915906;0.4443242238430086;0.6213430466409987;0.7589112584130813
aliked_lightglue_upright_true_nfeat_8000_resize_1024_model_aliked-n16rot;opencv_magsac_fundamental_matrix_th_1.0_conf_0.9999_max_iters_100000;0.15869221068463363;0.9562729597091675;0.8689864873886108;0.4757552281567604;0.6320173706574674;0.752765849304214;0.4649642369839624;0.639056326349029;0.7738696447187208
aliked_lightglue_upright_true_nfeat_8000_resize_1024_model_aliked-n16rot;opencv_magsac_fundamental_matrix_th_0.75_conf_0.9999_max_iters_100000;0.236840770662237;0.9622588753700256;0.7943588495254517;0.47430696337328493;0.6300312271838313;0.7538311106755627;0.4659924441514659;0.6452977953997701;0.7797302729859268
aliked_lightglue_upright_true_nfeat_8000_resize_1024_model_aliked-n16rot;opencv_magsac_fundamental_matrix_th_0.5_conf_0.9999_max_iters_100000;0.371879204367466;0.9683341383934021;0.658410370349884;0.46967115149757743;0.624770386927991;0.7494348558274011;0.4732523984242549;0.6464759359532343;0.7788886328287846
aliked_lightglue_upright_true_nfeat_8000_resize_1024_model_aliked-n16rot;poselib_fundamental_matrix_th_5.0_conf_0.9999_max_iters_100000_min_iters_100000;0.0050785941455776225;0.9311114549636841;0.9945458769798279;0.42760395174720234;0.5858436225584766;0.7207533193728951;0.45719276595880587;0.6306662675334784;0.7688950206770617
aliked_lightglue_upright_true_nfeat_8000_resize_1024_model_aliked-n16rot;poselib_fundamental_matrix_th_3.0_conf_0.9999_max_iters_100000_min_iters_100000;0.015085076440114102;0.9351027011871338;0.9894934892654419;0.44830903231605734;0.6045669872859335;0.7379784240563206;0.4604365793875237;0.6326796216623946;0.7645685831781578
aliked_lightglue_upright_true_nfeat_8000_resize_1024_model_aliked-n16rot;poselib_fundamental_matrix_th_1.0_conf_0.9999_max_iters_100000_min_iters_100000;0.15609871466586508;0.9562162756919861;0.8712753057479858;0.4702909671555212;0.6179158486449132;0.7418653775841285;0.4629636267563234;0.634744206130007;0.7671773204849996
aliked_lightglue_upright_true_nfeat_8000_resize_1024_model_aliked-n16rot;poselib_fundamental_matrix_th_0.75_conf_0.9999_max_iters_100000_min_iters_100000;0.23217767606598771;0.9609508514404297;0.7981756329536438;0.4480872173547712;0.5974740914360055;0.7204021299497014;0.4557831148715453;0.624185338097357;0.7566090761014596
aliked_lightglue_upright_true_nfeat_8000_resize_1024_model_aliked-n16rot;poselib_fundamental_matrix_th_0.5_conf_0.9999_max_iters_100000_min_iters_100000;0.36020229117601027;0.9654992818832397;0.6687538027763367;0.4174342450085148;0.5626644853805463;0.690703631738948;0.45073506318018275;0.6156274445002767;0.7469150053987266
aliked_lightglue_upright_true_nfeat_8000_resize_1024_model_aliked-n16rot;pydegensac_fundamental_matrix_th_5.0_conf_0.9999_max_iters_100000;0.009476962096733332;0.9321695566177368;0.9917892217636108;0.4222036419460988;0.5805288583123632;0.7179719895942729;0.4605997896897476;0.6315606308330646;0.7674944795080252
aliked_lightglue_upright_true_nfeat_8000_resize_1024_model_aliked-n16rot;pydegensac_fundamental_matrix_th_3.0_conf_0.9999_max_iters_100000;0.031862167898223576;0.9360212087631226;0.9741455912590027;0.4446916796537893;0.5993227836165025;0.7308567762691844;0.4565396999102652;0.6263780760955887;0.7649203981805794
aliked_lightglue_upright_true_nfeat_8000_resize_1024_model_aliked-n16rot;pydegensac_fundamental_matrix_th_1.0_conf_0.9999_max_iters_100000;0.21316587982881577;0.9557221531867981;0.811143696308136;0.4644133258747699;0.6180540905095249;0.7456733905705626;0.4574718008852015;0.628869509760141;0.7609670293926786
aliked_lightglue_upright_true_nfeat_8000_resize_1024_model_aliked-n16rot;pydegensac_fundamental_matrix_th_0.75_conf_0.9999_max_iters_100000;0.2897463247399262;0.9609254598617554;0.7366430759429932;0.45687275376320846;0.6070985285641033;0.7338330398903684;0.4597207234120785;0.6325300750082394;0.7669844421669145
aliked_lightglue_upright_true_nfeat_8000_resize_1024_model_aliked-n16rot;pydegensac_fundamental_matrix_th_0.5_conf_0.9999_max_iters_100000;0.41113664620000423;0.9662643074989319;0.6159137487411499;0.4318903663147644;0.5832220839862832;0.7119627602371935;0.44768759828008237;0.6245281830280648;0.7597022586517784
