pipe_module_0;pipe_module_1;filtered_of_171;F_precision;F_recall;F_AUC@5;F_AUC@10;F_AUC@20;E_AUC@5;E_AUC@10;E_AUC@20
aliked_lightglue_upright_true_nfeat_8000_resize_1024_model_aliked-n16rot;;0.0;0.6550466418266296;0.9305333495140076;0.04781963935074813;0.11558754928095852;0.22099016896392842;0.1253376249355902;0.2612989716976523;0.40534501613247886
aliked_lightglue_upright_true_nfeat_8000_resize_1024_model_aliked-n16rot;opencv_magsac_fundamental_matrix_th_5.0_conf_0.9999_max_iters_100000;0.10710117614604014;0.6693316102027893;0.8731896877288818;0.07725848014677923;0.16968574504604514;0.29231718797141504;0.1279558559269796;0.26265427647309986;0.40879376895188474
aliked_lightglue_upright_true_nfeat_8000_resize_1024_model_aliked-n16rot;opencv_magsac_fundamental_matrix_th_3.0_conf_0.9999_max_iters_100000;0.15442149556887358;0.6761922240257263;0.8318759799003601;0.08273341234954783;0.18400299552862343;0.3062667648975355;0.1237421723903475;0.25478625006428257;0.4015786023643858
aliked_lightglue_upright_true_nfeat_8000_resize_1024_model_aliked-n16rot;opencv_magsac_fundamental_matrix_th_1.0_conf_0.9999_max_iters_100000;0.3349537123683619;0.6849768161773682;0.6542232036590576;0.08863298300933128;0.19150408967816204;0.31919150525145606;0.12887248490119302;0.26479362195678546;0.4097523194473953
aliked_lightglue_upright_true_nfeat_8000_resize_1024_model_aliked-n16rot;opencv_magsac_fundamental_matrix_th_0.75_conf_0.9999_max_iters_100000;0.4060328987894912;0.6836845874786377;0.5781626105308533;0.08886952242786125;0.19236504304907168;0.31580830355317463;0.13210875112098666;0.270104597728827;0.41233336883258065
aliked_lightglue_upright_true_nfeat_8000_resize_1024_model_aliked-n16rot;opencv_magsac_fundamental_matrix_th_0.5_conf_0.9999_max_iters_100000;0.5161532130171215;0.6855435371398926;0.4681219458580017;0.08945564763013635;0.19317163744344212;0.32072052233091836;0.1354516636232171;0.2699908002620649;0.4106873464203488
aliked_lightglue_upright_true_nfeat_8000_resize_1024_model_aliked-n16rot;poselib_fundamental_matrix_th_5.0_conf_0.9999_max_iters_100000_min_iters_100000;0.08842176729637864;0.6663222312927246;0.8868230581283569;0.07497422542419525;0.16948756867129397;0.2926971375671444;0.12611222738084077;0.26284653960730425;0.4033752343662771
aliked_lightglue_upright_true_nfeat_8000_resize_1024_model_aliked-n16rot;poselib_fundamental_matrix_th_3.0_conf_0.9999_max_iters_100000_min_iters_100000;0.1327476277949542;0.6741286516189575;0.8524793386459351;0.08291589495746621;0.18983699521580005;0.3118441686446207;0.13225410588117692;0.26721671675262254;0.4104647487307863
aliked_lightglue_upright_true_nfeat_8000_resize_1024_model_aliked-n16rot;poselib_fundamental_matrix_th_1.0_conf_0.9999_max_iters_100000_min_iters_100000;0.32833120618165906;0.6839172840118408;0.6594958305358887;0.08267160678855039;0.17561367694656968;0.28924289538382786;0.12211875529846095;0.2543124362531205;0.39583425481253026
aliked_lightglue_upright_true_nfeat_8000_resize_1024_model_aliked-n16rot;poselib_fundamental_matrix_th_0.75_conf_0.9999_max_iters_100000_min_iters_100000;0.3936970379321474;0.6843054890632629;0.5921032428741455;0.0812655541698796;0.17064537436673993;0.28313450017272906;0.1209323742488297;0.2468058024927456;0.37735109858728183
aliked_lightglue_upright_true_nfeat_8000_resize_1024_model_aliked-n16rot;poselib_fundamental_matrix_th_0.5_conf_0.9999_max_iters_100000_min_iters_100000;0.48392616835266805;0.6832001805305481;0.49754416942596436;0.06799906574898067;0.15238023684735313;0.26219385556462277;0.11585895557672635;0.23737005101028444;0.3702606666022313
aliked_lightglue_upright_true_nfeat_8000_resize_1024_model_aliked-n16rot;pydegensac_fundamental_matrix_th_5.0_conf_0.9999_max_iters_100000;0.09791148013614955;0.6642919182777405;0.8780004978179932;0.0675362025298275;0.1585052714831841;0.2821576639287374;0.12587397425533103;0.2611954781168914;0.40518658701173715
aliked_lightglue_upright_true_nfeat_8000_resize_1024_model_aliked-n16rot;pydegensac_fundamental_matrix_th_3.0_conf_0.9999_max_iters_100000;0.1501529794954522;0.6726916432380676;0.834576427936554;0.08310158188476598;0.1845837489243595;0.30931302155820284;0.12304456730398824;0.26174575744188605;0.41164457233161694
aliked_lightglue_upright_true_nfeat_8000_resize_1024_model_aliked-n16rot;pydegensac_fundamental_matrix_th_1.0_conf_0.9999_max_iters_100000;0.3563350444827027;0.6846964359283447;0.633500337600708;0.08633951106707463;0.18512973876144645;0.30787161207114166;0.13228283560301918;0.26563555605968625;0.4024512476852468
aliked_lightglue_upright_true_nfeat_8000_resize_1024_model_aliked-n16rot;pydegensac_fundamental_matrix_th_0.75_conf_0.9999_max_iters_100000;0.4213877621466398;0.6842141151428223;0.564996063709259;0.08559791342220943;0.18022997868678603;0.29494686804786097;0.12243595565161536;0.253422493622077;0.38934180068944435
aliked_lightglue_upright_true_nfeat_8000_resize_1024_model_aliked-n16rot;pydegensac_fundamental_matrix_th_0.5_conf_0.9999_max_iters_100000;0.5102600258658406;0.6840804219245911;0.47340917587280273;0.07761703569673796;0.16927447570241977;0.28316755511370867;0.11849805668100459;0.24236722380967318;0.371042310086344
