pipe_module_0;pipe_module_1;pipe_module_2;pipe_module_3;filtered_of_1191;F_precision;F_recall;F_AUC@5;F_AUC@10;F_AUC@20;E_AUC@5;E_AUC@10;E_AUC@20
sift_upright_true_rootsift_true_th_0.95_nfeat_8000;;;;0.0;0.5392383337020874;0.9999111294746399;0.0011431911362111147;0.0018979520161751969;0.007522267379817593;0.4629999258266322;0.6350168456265425;0.7696532387484187
sift_upright_true_rootsift_true_th_0.95_nfeat_8000;miho_duplex_max_iter_500;;;0.409907413770686;0.8683872818946838;0.9438896179199219;0.01604690284242446;0.042221591558108645;0.10547066182761504;0.5021766570203103;0.6734974513888287;0.7987503389923298
sift_upright_true_rootsift_true_th_0.95_nfeat_8000;miho_duplex_max_iter_500;opencv_magsac_fundamental_matrix_th_1.0_conf_0.9999_max_iters_100000;;0.5160697190071142;0.956025242805481;0.8432939648628235;0.42556433009636657;0.5593513434059972;0.6877823286145051;0.4958167690376237;0.6613172943087565;0.7827794660193048
sift_upright_true_rootsift_true_th_0.95_nfeat_8000;miho_duplex_max_iter_500;nnc_subpix_true_w_10_w_big_none_ref_images_both_scales_5_angles_5;;0.409907413770686;0.8586521744728088;0.9343584179878235;0.014345981313060627;0.04017364644198845;0.10090357804935983;0.4725772387011348;0.6420332794833133;0.7769233281426631
sift_upright_true_rootsift_true_th_0.95_nfeat_8000;miho_duplex_max_iter_500;nnc_subpix_true_w_10_w_big_none_ref_images_both_scales_5_angles_5;opencv_magsac_fundamental_matrix_th_1.0_conf_0.9999_max_iters_100000;0.5103273652002751;0.9540398716926575;0.8483532071113586;0.41194779165552076;0.5490042296125524;0.6733437117034893;0.47804501447020736;0.6512196876079462;0.7830029345247775
sift_upright_true_rootsift_true_th_0.95_nfeat_8000;miho_unduplex_max_iter_500;;;0.4486832179901803;0.89732825756073;0.9019367694854736;0.04155219085752418;0.0943477750883546;0.19061889580726826;0.4510841421371638;0.6278022577654422;0.7564815208618059
sift_upright_true_rootsift_true_th_0.95_nfeat_8000;miho_unduplex_max_iter_500;opencv_magsac_fundamental_matrix_th_1.0_conf_0.9999_max_iters_100000;;0.5242871642373269;0.9446925520896912;0.8152247667312622;0.419491211801598;0.5577589994447757;0.683602275638606;0.4678930287989275;0.6466986683834213;0.7724269672588784
sift_upright_true_rootsift_true_th_0.95_nfeat_8000;miho_unduplex_max_iter_500;nnc_subpix_true_w_10_w_big_none_ref_images_both_scales_5_angles_5;;0.4486832179901803;0.8877813816070557;0.8944267630577087;0.031658357205661035;0.07960492346728568;0.1747063027623275;0.4349666787102935;0.6160344237116394;0.7508224625117952
sift_upright_true_rootsift_true_th_0.95_nfeat_8000;miho_unduplex_max_iter_500;nnc_subpix_true_w_10_w_big_none_ref_images_both_scales_5_angles_5;opencv_magsac_fundamental_matrix_th_1.0_conf_0.9999_max_iters_100000;0.5184740980799062;0.943562388420105;0.8227588534355164;0.39999448554173644;0.5442010644943495;0.6745895847616965;0.45985794218080606;0.6344715692174827;0.7618298061397686
sift_upright_true_rootsift_true_th_0.95_nfeat_8000;miho_duplex_max_iter_1000;;;0.40164872585364186;0.859716534614563;0.9516446590423584;0.01600987672939514;0.0409936525116381;0.09856984300995186;0.48183219811425715;0.6610312512976291;0.7890308490541491
sift_upright_true_rootsift_true_th_0.95_nfeat_8000;miho_duplex_max_iter_1000;opencv_magsac_fundamental_matrix_th_1.0_conf_0.9999_max_iters_100000;;0.5149059911581294;0.9562298059463501;0.8482672572135925;0.42838338145864574;0.5666852625337969;0.6894240346159602;0.4897179315885617;0.6617694505712142;0.7878535054704796
sift_upright_true_rootsift_true_th_0.95_nfeat_8000;miho_duplex_max_iter_1000;nnc_subpix_true_w_10_w_big_none_ref_images_both_scales_5_angles_5;;0.40164872585364186;0.8508503437042236;0.9428796172142029;0.014702689618052744;0.03890667861491683;0.09354376462774437;0.48622429331017436;0.6673191404936426;0.7952665143624076
sift_upright_true_rootsift_true_th_0.95_nfeat_8000;miho_duplex_max_iter_1000;nnc_subpix_true_w_10_w_big_none_ref_images_both_scales_5_angles_5;opencv_magsac_fundamental_matrix_th_1.0_conf_0.9999_max_iters_100000;0.5082943871446889;0.9561702609062195;0.8564130067825317;0.4138228837885086;0.5493010884891907;0.6783552871609303;0.4730561359964193;0.6473539137318685;0.7846833174084413
sift_upright_true_rootsift_true_th_0.95_nfeat_8000;miho_unduplex_max_iter_1000;;;0.4422109036715625;0.8971461653709412;0.9153562188148499;0.040585452220374615;0.0848380087794082;0.1776155605070254;0.48149102160766855;0.653019026265969;0.7759992775377283
sift_upright_true_rootsift_true_th_0.95_nfeat_8000;miho_unduplex_max_iter_1000;opencv_magsac_fundamental_matrix_th_1.0_conf_0.9999_max_iters_100000;;0.5213367343480428;0.9489826560020447;0.8259998559951782;0.4304503486791438;0.5645535940703545;0.6914005820506784;0.4761277514166883;0.6502317820974253;0.7781526857213067
sift_upright_true_rootsift_true_th_0.95_nfeat_8000;miho_unduplex_max_iter_1000;nnc_subpix_true_w_10_w_big_none_ref_images_both_scales_5_angles_5;;0.4422109036715625;0.8877775073051453;0.9075162410736084;0.033518260181905055;0.07278980849191599;0.1620721900041003;0.4492765918601962;0.6310431005409219;0.7651450788570234
sift_upright_true_rootsift_true_th_0.95_nfeat_8000;miho_unduplex_max_iter_1000;nnc_subpix_true_w_10_w_big_none_ref_images_both_scales_5_angles_5;opencv_magsac_fundamental_matrix_th_1.0_conf_0.9999_max_iters_100000;0.5151346277058458;0.9484589695930481;0.8339284062385559;0.4018287983414875;0.5437540358905784;0.6741192233470839;0.4732909947445023;0.6497414081359353;0.7741976592902999
sift_upright_true_rootsift_true_th_0.95_nfeat_8000;miho_duplex_max_iter_1500;;;0.3975960320124688;0.8577367067337036;0.9567577838897705;0.015267683532987348;0.03597935228531446;0.09407796905808141;0.5024317835346314;0.6761750083803946;0.8021706988229782
sift_upright_true_rootsift_true_th_0.95_nfeat_8000;miho_duplex_max_iter_1500;opencv_magsac_fundamental_matrix_th_1.0_conf_0.9999_max_iters_100000;;0.5146696670179965;0.9575496315956116;0.8512222170829773;0.4098710361346981;0.5514833713484311;0.6817681430514139;0.4962699628137381;0.6723503235318671;0.7994341096862007
sift_upright_true_rootsift_true_th_0.95_nfeat_8000;miho_duplex_max_iter_1500;nnc_subpix_true_w_10_w_big_none_ref_images_both_scales_5_angles_5;;0.3975960320124688;0.849435031414032;0.9484197497367859;0.014173133622490716;0.032839108918204525;0.08845468960482597;0.4785286454253391;0.6588050367836024;0.7951673491463525
sift_upright_true_rootsift_true_th_0.95_nfeat_8000;miho_duplex_max_iter_1500;nnc_subpix_true_w_10_w_big_none_ref_images_both_scales_5_angles_5;opencv_magsac_fundamental_matrix_th_1.0_conf_0.9999_max_iters_100000;0.5079942990131013;0.956540048122406;0.8592774271965027;0.39745162851750643;0.5308794707528988;0.657190192859842;0.4808896764018734;0.6628907676567793;0.7936541129707617
sift_upright_true_rootsift_true_th_0.95_nfeat_8000;miho_unduplex_max_iter_1500;;;0.43993821724591264;0.8985461592674255;0.9221268892288208;0.043165291018636295;0.08913728981180764;0.18001890573868967;0.46851806309708444;0.641157859372773;0.7712463398065302
sift_upright_true_rootsift_true_th_0.95_nfeat_8000;miho_unduplex_max_iter_1500;opencv_magsac_fundamental_matrix_th_1.0_conf_0.9999_max_iters_100000;;0.5198708581411201;0.9507611989974976;0.831989586353302;0.43375154596535426;0.5680430238219617;0.6958914324088371;0.48001593533130177;0.6525250705326122;0.7808464768388597
sift_upright_true_rootsift_true_th_0.95_nfeat_8000;miho_unduplex_max_iter_1500;nnc_subpix_true_w_10_w_big_none_ref_images_both_scales_5_angles_5;;0.43993821724591264;0.8900489211082458;0.9146728515625;0.0412350946587378;0.08154375240073615;0.16675392271568734;0.4583487340864097;0.6399036454926261;0.7725456749569838
sift_upright_true_rootsift_true_th_0.95_nfeat_8000;miho_unduplex_max_iter_1500;nnc_subpix_true_w_10_w_big_none_ref_images_both_scales_5_angles_5;opencv_magsac_fundamental_matrix_th_1.0_conf_0.9999_max_iters_100000;0.51333740280774;0.9507370591163635;0.8406484127044678;0.4105071025787231;0.5540991916805776;0.685327174534017;0.46320451352078146;0.6423767363356396;0.7726949307186108
sift_upright_true_rootsift_true_th_0.95_nfeat_8000;miho_duplex_max_iter_2000;;;0.3947007274269253;0.8540785312652588;0.9583526849746704;0.01304705520256264;0.028055093598606723;0.07947129993367555;0.5037874831478311;0.6736062711932512;0.798733410334925
sift_upright_true_rootsift_true_th_0.95_nfeat_8000;miho_duplex_max_iter_2000;opencv_magsac_fundamental_matrix_th_1.0_conf_0.9999_max_iters_100000;;0.5136761797600888;0.9574992656707764;0.8533462882041931;0.4237981736928691;0.557467828681877;0.6830835668689847;0.4933421803137475;0.6718310044615623;0.7999556390180906
sift_upright_true_rootsift_true_th_0.95_nfeat_8000;miho_duplex_max_iter_2000;nnc_subpix_true_w_10_w_big_none_ref_images_both_scales_5_angles_5;;0.3947007274269253;0.8456770777702332;0.9496666789054871;0.011523584431327628;0.02554198932353253;0.07353402014907581;0.4893997906783755;0.6705604756989346;0.8060452753150523
sift_upright_true_rootsift_true_th_0.95_nfeat_8000;miho_duplex_max_iter_2000;nnc_subpix_true_w_10_w_big_none_ref_images_both_scales_5_angles_5;opencv_magsac_fundamental_matrix_th_1.0_conf_0.9999_max_iters_100000;0.5072400953607301;0.956421971321106;0.8605709671974182;0.4075973718942187;0.5401163301991161;0.6670326656782937;0.4756297590681095;0.6555714422934438;0.7901603944519678
sift_upright_true_rootsift_true_th_0.95_nfeat_8000;miho_unduplex_max_iter_2000;;;0.4380126642387051;0.8971931338310242;0.9257553815841675;0.03965563655226515;0.08562827803489546;0.18000276959244052;0.45722100033080826;0.6398178758485181;0.7729751836568961
sift_upright_true_rootsift_true_th_0.95_nfeat_8000;miho_unduplex_max_iter_2000;opencv_magsac_fundamental_matrix_th_1.0_conf_0.9999_max_iters_100000;;0.5191430426199792;0.9512240886688232;0.8350862264633179;0.43613466707577253;0.5655809086403402;0.6939707741386741;0.4831920143682796;0.6629945847446989;0.7880253265322014
sift_upright_true_rootsift_true_th_0.95_nfeat_8000;miho_unduplex_max_iter_2000;nnc_subpix_true_w_10_w_big_none_ref_images_both_scales_5_angles_5;;0.4380126642387051;0.888312578201294;0.9180224537849426;0.03388801290319446;0.07572392063118852;0.16623902361924212;0.4711750533775879;0.6512746845789401;0.782970840563912
sift_upright_true_rootsift_true_th_0.95_nfeat_8000;miho_unduplex_max_iter_2000;nnc_subpix_true_w_10_w_big_none_ref_images_both_scales_5_angles_5;opencv_magsac_fundamental_matrix_th_1.0_conf_0.9999_max_iters_100000;0.5127671526874497;0.9504606127738953;0.8427563309669495;0.41660856473003144;0.5560907008726559;0.6807806103473034;0.47309323587877444;0.6515757336152956;0.7816464657368742
sift_upright_true_rootsift_true_th_0.95_nfeat_8000;opencv_magsac_fundamental_matrix_th_1.0_conf_0.9999_max_iters_100000;;;0.5072888105376369;0.9313196539878845;0.8511884808540344;0.33018099128415146;0.4595509628530465;0.5785435088191063;0.4523399603715232;0.6451322874424431;0.7841809739509327
sift_upright_true_rootsift_true_th_0.95_nfeat_8000;nnc_subpix_true_w_10_w_big_none_ref_images_both_scales_5_angles_5;;;0.0;0.5309101343154907;0.9787828922271729;0.00113269398530808;0.0018927071934522841;0.007448885125249964;0.44662114394314206;0.6189434175567896;0.754957795380195
sift_upright_true_rootsift_true_th_0.95_nfeat_8000;nnc_subpix_true_w_10_w_big_none_ref_images_both_scales_5_angles_5;opencv_magsac_fundamental_matrix_th_1.0_conf_0.9999_max_iters_100000;;0.5138902950034462;0.9248160123825073;0.8289295434951782;0.3082703322187606;0.4277441953769931;0.54188548723243;0.4468872141037177;0.6320599127898923;0.7747621370347451
sift_upright_true_rootsift_true_th_0.95_nfeat_8000;gms;;;0.5734917268233739;0.8697898387908936;0.6557713747024536;0.05097511206949645;0.1074916410626358;0.22469793707164126;0.37036167063176845;0.5350681026816513;0.663824234879905
sift_upright_true_rootsift_true_th_0.95_nfeat_8000;gms;opencv_magsac_fundamental_matrix_th_1.0_conf_0.9999_max_iters_100000;;0.6235095199219955;0.888634443283081;0.5979761481285095;0.3656078155339265;0.4866300134101979;0.6013957965667529;0.3561140687404801;0.5232305097952366;0.6543917359022096
sift_upright_true_rootsift_true_th_0.95_nfeat_8000;oanet;;;0.6671682040654011;0.9473143815994263;0.6320655345916748;0.15004880678512617;0.26415498790169845;0.40016299494708596;0.37074430211428533;0.5626132178386927;0.7219828792256805
sift_upright_true_rootsift_true_th_0.95_nfeat_8000;oanet;opencv_magsac_fundamental_matrix_th_1.0_conf_0.9999_max_iters_100000;;0.6911856534617888;0.9660347104072571;0.5931182503700256;0.2578156361013965;0.4022771036410819;0.5629729092137927;0.3539803374962396;0.5551599390633688;0.7234921989414264
sift_upright_true_rootsift_true_th_0.95_nfeat_8000;adalam_th_0.6400000000000001_scale_th_1.5_ori_th_30;;;0.8256253547438801;0.9344106316566467;0.27415549755096436;0.07638176511206658;0.14753831699891456;0.2711940901707284;0.37770070784980353;0.5457960252135026;0.6858866112914154
sift_upright_true_rootsift_true_th_0.95_nfeat_8000;adalam_th_0.6400000000000001_scale_th_1.5_ori_th_30;opencv_magsac_fundamental_matrix_th_1.0_conf_0.9999_max_iters_100000;;0.8361707514769808;0.9229442477226257;0.2613105773925781;0.3341373794665185;0.47091890328441643;0.6062982580602092;0.3605644294139633;0.5319494504946688;0.6698554577159841
sift_upright_true_rootsift_true_th_0.95_nfeat_8000;acne_outdoor_true;;;0.4761788071095077;0.925416886806488;0.9084711670875549;0.12730295460228722;0.28082387235050915;0.4763781231091408;0.46578854281736143;0.6519186737449527;0.7899237980831987
sift_upright_true_rootsift_true_th_0.95_nfeat_8000;acne_outdoor_true;opencv_magsac_fundamental_matrix_th_1.0_conf_0.9999_max_iters_100000;;0.532569536400677;0.9638276100158691;0.8340896964073181;0.39434551848444127;0.5531871409711239;0.6998407542407221;0.4727339443586002;0.6528018143916983;0.790170784661081
sift_upright_true_rootsift_true_th_0.95_nfeat_8000;consensusclustering_th_7_max_tanimoto_similarity_0.75_cluster_assignment_hard;;;0.4591610121470782;0.92269366979599;0.8948473334312439;0.13994964063179938;0.2445499964701316;0.3779880621742783;0.443380173721715;0.6209068253488736;0.7545323082600258
sift_upright_true_rootsift_true_th_0.95_nfeat_8000;consensusclustering_th_7_max_tanimoto_similarity_0.75_cluster_assignment_hard;opencv_magsac_fundamental_matrix_th_1.0_conf_0.9999_max_iters_100000;;0.5376342062752463;0.9623101949691772;0.8072888255119324;0.37744671826986725;0.5269523704685384;0.6678194340661853;0.44240186482013755;0.6236160456916069;0.7612299211163723
sift_upright_true_rootsift_true_th_0.95_nfeat_8000;dematch_outdoor_true_inlier_threshold_0.0;;;0.5249825507683473;0.9148537516593933;0.8387839794158936;0.14778810474530624;0.2524566922414257;0.3892056299124932;0.4092619945972644;0.6073259202411828;0.7615801087511074
sift_upright_true_rootsift_true_th_0.95_nfeat_8000;dematch_outdoor_true_inlier_threshold_0.0;opencv_magsac_fundamental_matrix_th_1.0_conf_0.9999_max_iters_100000;;0.5849947328651034;0.9601311683654785;0.754775881767273;0.3026484692466273;0.44014314235551105;0.5948937905644572;0.4118857238042005;0.5996657527743812;0.7498948557979074
sift_upright_true_rootsift_true_th_0.95_nfeat_8000;convmatch_outdoor_true_inlier_threshold_0.0;;;0.5690890302269801;0.9002429842948914;0.7967650294303894;0.1608022793256521;0.2810127485462147;0.43043453455371256;0.4114421747266631;0.5935376208054965;0.7348862957502543
sift_upright_true_rootsift_true_th_0.95_nfeat_8000;convmatch_outdoor_true_inlier_threshold_0.0;opencv_magsac_fundamental_matrix_th_1.0_conf_0.9999_max_iters_100000;;0.6234023831921269;0.9359447956085205;0.7169831991195679;0.3279689806407434;0.473164781685127;0.6105781974828731;0.4208172910821477;0.5964463247367884;0.7353958836906938
sift_upright_true_rootsift_true_th_0.95_nfeat_8000;fcgnn;;;0.5009223370127014;0.9531064629554749;0.8542750477790833;0.15719512325330237;0.249106638105899;0.38867708436570625;0.482290771159417;0.6595442763959132;0.7879831080075438
sift_upright_true_rootsift_true_th_0.95_nfeat_8000;fcgnn;opencv_magsac_fundamental_matrix_th_1.0_conf_0.9999_max_iters_100000;;0.5174549295071184;0.9709277153015137;0.8375473618507385;0.473512698767699;0.6126096628767823;0.7333531465809607;0.47501010647820346;0.6544629769119844;0.7849327205250514
sift_upright_true_rootsift_true_th_0.95_nfeat_8000;clnet_inlier_threshold_0.0001;;;0.48442259464970766;0.9135951995849609;0.8799811005592346;0.0308723989384051;0.06914436523371906;0.16554207199498672;0.40971176071184157;0.6035236699825328;0.753612825215244
sift_upright_true_rootsift_true_th_0.95_nfeat_8000;clnet_inlier_threshold_0.0001;opencv_magsac_fundamental_matrix_th_1.0_conf_0.9999_max_iters_100000;;0.5527111688535529;0.9613425731658936;0.7917752861976624;0.27939653041521034;0.4224979665847216;0.5804387724680077;0.38462354478578914;0.5802268879733158;0.7388384613319585
sift_upright_true_rootsift_true_th_0.95_nfeat_8000;ms2dgnet;;;0.6589404325203282;0.8113092184066772;0.5754566788673401;0.0008467513874013503;0.004728166952433464;0.023202395668445983;0.3629459644032155;0.5360452419082442;0.6795549996282049
sift_upright_true_rootsift_true_th_0.95_nfeat_8000;ms2dgnet;opencv_magsac_fundamental_matrix_th_1.0_conf_0.9999_max_iters_100000;;0.7284887620945031;0.9135966897010803;0.516912043094635;0.29380288724665526;0.4299676086136241;0.5655335002282984;0.34925384683630345;0.518826169145281;0.6644568809784811
sift_upright_true_rootsift_true_th_0.95_nfeat_8000;ncmnet_obj_geod_th_0.0001;;;0.4801958011947607;0.910837709903717;0.8831183910369873;0.0403285122936698;0.08753959579717968;0.18934147371684146;0.4132536797922941;0.6117231372361557;0.7633244877415638
sift_upright_true_rootsift_true_th_0.95_nfeat_8000;ncmnet_obj_geod_th_0.0001;opencv_magsac_fundamental_matrix_th_1.0_conf_0.9999_max_iters_100000;;0.5501736385934975;0.958631157875061;0.7926031947135925;0.3058703275989983;0.44432674968584757;0.584210344079429;0.39969943593809826;0.5956784479698833;0.7511437171690039
sift_upright_true_rootsift_true_th_0.95_nfeat_8000;miho_duplex_max_iter_500;opencv_magsac_fundamental_matrix_th_0.75_conf_0.9999_max_iters_100000;;0.5471947466598598;0.9605057835578918;0.7918258309364319;0.44036446916317296;0.5781487741428448;0.7044318068783839;0.4815044174024267;0.6577509253839903;0.7835742888839873
sift_upright_true_rootsift_true_th_0.95_nfeat_8000;miho_duplex_max_iter_500;nnc_subpix_true_w_10_w_big_none_ref_images_both_scales_5_angles_5;opencv_magsac_fundamental_matrix_th_0.75_conf_0.9999_max_iters_100000;0.5307252183780351;0.9577270150184631;0.8133872151374817;0.4165357633937149;0.5552931144157178;0.6805397813121604;0.47213439874787466;0.6509381391825764;0.7820454799162584
sift_upright_true_rootsift_true_th_0.95_nfeat_8000;miho_unduplex_max_iter_500;opencv_magsac_fundamental_matrix_th_0.75_conf_0.9999_max_iters_100000;;0.5549963815876192;0.9490826725959778;0.7653224468231201;0.43211290691339144;0.5633163510767132;0.6876294017363145;0.4622560359236032;0.6367292365881083;0.7686731167900306
sift_upright_true_rootsift_true_th_0.95_nfeat_8000;miho_unduplex_max_iter_500;nnc_subpix_true_w_10_w_big_none_ref_images_both_scales_5_angles_5;opencv_magsac_fundamental_matrix_th_0.75_conf_0.9999_max_iters_100000;0.5375672328134882;0.9464926719665527;0.7904590368270874;0.41351535124754646;0.5525367033765518;0.6818279091278574;0.45138928675530526;0.6262235423212849;0.7572243465540167
sift_upright_true_rootsift_true_th_0.95_nfeat_8000;miho_duplex_max_iter_1000;opencv_magsac_fundamental_matrix_th_0.75_conf_0.9999_max_iters_100000;;0.5465481968677801;0.9613848328590393;0.7958743572235107;0.44096303152934146;0.5799493894569705;0.7050243136569274;0.48120728277241775;0.6581071758597121;0.7869729653570685
sift_upright_true_rootsift_true_th_0.95_nfeat_8000;miho_duplex_max_iter_1000;nnc_subpix_true_w_10_w_big_none_ref_images_both_scales_5_angles_5;opencv_magsac_fundamental_matrix_th_0.75_conf_0.9999_max_iters_100000;0.5290005866498094;0.9597054123878479;0.8205903768539429;0.4348057913090894;0.5684943956011883;0.6922453105914412;0.4684502920973155;0.6471709068667664;0.7785577760027768
sift_upright_true_rootsift_true_th_0.95_nfeat_8000;miho_unduplex_max_iter_1000;opencv_magsac_fundamental_matrix_th_0.75_conf_0.9999_max_iters_100000;;0.5525744658065268;0.9530308246612549;0.774726390838623;0.4254226122223642;0.5622548570016102;0.6930066212240533;0.45992476972263513;0.6403656027249124;0.7737345360723679
sift_upright_true_rootsift_true_th_0.95_nfeat_8000;miho_unduplex_max_iter_1000;nnc_subpix_true_w_10_w_big_none_ref_images_both_scales_5_angles_5;opencv_magsac_fundamental_matrix_th_0.75_conf_0.9999_max_iters_100000;0.5347111198960649;0.9514438509941101;0.8006484508514404;0.40419037990446804;0.5483731998077664;0.6807788881162918;0.4532484252318724;0.6314905710428548;0.7681250780892728
sift_upright_true_rootsift_true_th_0.95_nfeat_8000;miho_duplex_max_iter_1500;opencv_magsac_fundamental_matrix_th_0.75_conf_0.9999_max_iters_100000;;0.5462249303638187;0.962547779083252;0.7991148829460144;0.43022625361385936;0.5666019999196628;0.697241803348472;0.48646915679907277;0.6609677943703323;0.7902552917598261
sift_upright_true_rootsift_true_th_0.95_nfeat_8000;miho_duplex_max_iter_1500;nnc_subpix_true_w_10_w_big_none_ref_images_both_scales_5_angles_5;opencv_magsac_fundamental_matrix_th_0.75_conf_0.9999_max_iters_100000;0.5284121607284141;0.9606590270996094;0.8239852786064148;0.409159152037207;0.5437254245753174;0.6705106766145629;0.472394632086356;0.6523980530449596;0.7849906096667028
sift_upright_true_rootsift_true_th_0.95_nfeat_8000;miho_unduplex_max_iter_1500;opencv_magsac_fundamental_matrix_th_0.75_conf_0.9999_max_iters_100000;;0.5508899726516379;0.9553127884864807;0.7809610962867737;0.43530538522087114;0.5699465378248488;0.7037513643784663;0.4732945357834817;0.6458384908387856;0.7759203090221736
sift_upright_true_rootsift_true_th_0.95_nfeat_8000;miho_unduplex_max_iter_1500;nnc_subpix_true_w_10_w_big_none_ref_images_both_scales_5_angles_5;opencv_magsac_fundamental_matrix_th_0.75_conf_0.9999_max_iters_100000;0.5333514265351365;0.953824520111084;0.8065615892410278;0.4223831887297568;0.5636204329284571;0.6923247424780623;0.4668007696359668;0.6491934357473889;0.7801190764401726
sift_upright_true_rootsift_true_th_0.95_nfeat_8000;miho_duplex_max_iter_2000;opencv_magsac_fundamental_matrix_th_0.75_conf_0.9999_max_iters_100000;;0.5454988173288948;0.9623762369155884;0.8002418279647827;0.43106620229084786;0.5676226320377401;0.6975117798456315;0.4785149818455504;0.6598711078609483;0.7904615234879224
sift_upright_true_rootsift_true_th_0.95_nfeat_8000;miho_duplex_max_iter_2000;nnc_subpix_true_w_10_w_big_none_ref_images_both_scales_5_angles_5;opencv_magsac_fundamental_matrix_th_0.75_conf_0.9999_max_iters_100000;0.5278358177879615;0.9601881504058838;0.8250783085823059;0.427182725598709;0.5570758948445219;0.6779386432510046;0.48330398133268543;0.6615884934424049;0.7946605144645351
sift_upright_true_rootsift_true_th_0.95_nfeat_8000;miho_unduplex_max_iter_2000;opencv_magsac_fundamental_matrix_th_0.75_conf_0.9999_max_iters_100000;;0.5500490151117486;0.955584704875946;0.7841611504554749;0.4439118676064292;0.582621513249299;0.7077665446697486;0.47874906963310976;0.6535160041009316;0.7815119188998022
sift_upright_true_rootsift_true_th_0.95_nfeat_8000;miho_unduplex_max_iter_2000;nnc_subpix_true_w_10_w_big_none_ref_images_both_scales_5_angles_5;opencv_magsac_fundamental_matrix_th_0.75_conf_0.9999_max_iters_100000;0.5327338601960855;0.9535452127456665;0.8083894848823547;0.4157845250832029;0.5576316071155378;0.6854315519152895;0.4530992780186428;0.6401277198198355;0.7783487657874877
sift_upright_true_rootsift_true_th_0.95_nfeat_8000;opencv_magsac_fundamental_matrix_th_0.75_conf_0.9999_max_iters_100000;;;0.5416351164956854;0.9371857047080994;0.7930881977081299;0.35066066714767935;0.4811726572088337;0.6005675932097249;0.46289282773714585;0.6474288075741388;0.7796018024466808
sift_upright_true_rootsift_true_th_0.95_nfeat_8000;nnc_subpix_true_w_10_w_big_none_ref_images_both_scales_5_angles_5;opencv_magsac_fundamental_matrix_th_0.75_conf_0.9999_max_iters_100000;;0.544067973332041;0.931321918964386;0.779066264629364;0.3192412479957591;0.44057925756822736;0.5541231873358295;0.4317865651586465;0.6207355918780462;0.7677789212026882
sift_upright_true_rootsift_true_th_0.95_nfeat_8000;gms;opencv_magsac_fundamental_matrix_th_0.75_conf_0.9999_max_iters_100000;;0.6463416103691066;0.8915982246398926;0.5636970400810242;0.3719992072701346;0.49157088565170415;0.600949658338219;0.37345927482914854;0.538856482502426;0.6665951961371144
sift_upright_true_rootsift_true_th_0.95_nfeat_8000;oanet;opencv_magsac_fundamental_matrix_th_0.75_conf_0.9999_max_iters_100000;;0.7083071077867027;0.9700968861579895;0.5617067217826843;0.2609040682465219;0.4088739896724832;0.5732137399382804;0.3676001731855221;0.5701844507873087;0.732000515633948
sift_upright_true_rootsift_true_th_0.95_nfeat_8000;adalam_th_0.6400000000000001_scale_th_1.5_ori_th_30;opencv_magsac_fundamental_matrix_th_0.75_conf_0.9999_max_iters_100000;;0.842196280902609;0.9252967238426208;0.2524666488170624;0.33386554104507227;0.4683683627630869;0.606238381411017;0.3533210783940108;0.5227409046583051;0.6681400444876062
sift_upright_true_rootsift_true_th_0.95_nfeat_8000;acne_outdoor_true;opencv_magsac_fundamental_matrix_th_0.75_conf_0.9999_max_iters_100000;;0.562123122137072;0.9680149555206299;0.7832543253898621;0.3986206724563066;0.5572365082857681;0.7042126699145026;0.4382248933979773;0.6361068518599375;0.7816487720252442
sift_upright_true_rootsift_true_th_0.95_nfeat_8000;consensusclustering_th_7_max_tanimoto_similarity_0.75_cluster_assignment_hard;opencv_magsac_fundamental_matrix_th_0.75_conf_0.9999_max_iters_100000;;0.5671260984225345;0.9665781259536743;0.7580631375312805;0.38535328244210054;0.5313657526944597;0.6733402080441011;0.43352237674323363;0.6160791212136386;0.7562246774018062
sift_upright_true_rootsift_true_th_0.95_nfeat_8000;dematch_outdoor_true_inlier_threshold_0.0;opencv_magsac_fundamental_matrix_th_0.75_conf_0.9999_max_iters_100000;;0.6109094424737094;0.9645521640777588;0.7093948721885681;0.31190001278955803;0.45286649187221323;0.6035710380742814;0.4118098714453957;0.6088436026204208;0.7584869854204505
sift_upright_true_rootsift_true_th_0.95_nfeat_8000;convmatch_outdoor_true_inlier_threshold_0.0;opencv_magsac_fundamental_matrix_th_0.75_conf_0.9999_max_iters_100000;;0.6473126667235438;0.9397034645080566;0.6725483536720276;0.3349476382489594;0.47404097721407873;0.6127278268102894;0.4163454223115982;0.5977137106976763;0.7391323021684146
sift_upright_true_rootsift_true_th_0.95_nfeat_8000;fcgnn;opencv_magsac_fundamental_matrix_th_0.75_conf_0.9999_max_iters_100000;;0.5250760538479391;0.972016453742981;0.8243252635002136;0.471224132003554;0.6137856569822101;0.7327889670680765;0.47164889698096885;0.6520358633953357;0.7843174341803149
sift_upright_true_rootsift_true_th_0.95_nfeat_8000;clnet_inlier_threshold_0.0001;opencv_magsac_fundamental_matrix_th_0.75_conf_0.9999_max_iters_100000;;0.5820864641966247;0.9661870002746582;0.7420556545257568;0.28639780036400403;0.43054653559862394;0.5917641034619971;0.39872201206712693;0.5954752578772826;0.749979338689535
sift_upright_true_rootsift_true_th_0.95_nfeat_8000;ms2dgnet;opencv_magsac_fundamental_matrix_th_0.75_conf_0.9999_max_iters_100000;;0.7445428180954378;0.9179592728614807;0.48721951246261597;0.2991589957559362;0.431619338752599;0.5663533431864602;0.35121150148855446;0.5273377904898326;0.6778153257553656
sift_upright_true_rootsift_true_th_0.95_nfeat_8000;ncmnet_obj_geod_th_0.0001;opencv_magsac_fundamental_matrix_th_0.75_conf_0.9999_max_iters_100000;;0.5794828441179858;0.9627913236618042;0.7426329851150513;0.30855895187903376;0.44883762083588596;0.5948007177342688;0.40250891484670726;0.5946828846028167;0.7490030781214957
