pipe_module_0;pipe_module_1;pipe_module_2;pipe_module_3;filtered_of_2429;F_precision;F_recall;F_AUC@5;F_AUC@10;F_AUC@20;E_AUC@5;E_AUC@10;E_AUC@20
disk_lightglue_upright_true_nfeat_8000_resize_1024;;;;0.0;0.9220826625823975;0.9985777735710144;0.43855260975202565;0.5944805066527346;0.7200953557930703;0.49871189860467524;0.6722831401131987;0.7978502244786199
disk_lightglue_upright_true_nfeat_8000_resize_1024;miho_duplex_max_iter_500;;;0.00404147559284351;0.92276531457901;0.9971135854721069;0.4477949106726048;0.6034475659169646;0.7293192811722501;0.49020071461594095;0.6639552612500392;0.7916251254308017
disk_lightglue_upright_true_nfeat_8000_resize_1024;miho_duplex_max_iter_500;opencv_magsac_fundamental_matrix_th_1.0_conf_0.9999_max_iters_100000;;0.20248548644085615;0.9526131749153137;0.8314334154129028;0.4955776683837271;0.6435868283602767;0.7604227628296814;0.49916494075580814;0.6677446458130787;0.7950323626933516
disk_lightglue_upright_true_nfeat_8000_resize_1024;miho_duplex_max_iter_500;nnc_subpix_true_w_10_w_big_none_ref_images_both_scales_5_angles_5;;0.00404147559284351;0.8505213260650635;0.9217814207077026;0.18941507102275754;0.33034149751886954;0.49627794788304;0.48435500100507156;0.663595081409553;0.7928512643686929
disk_lightglue_upright_true_nfeat_8000_resize_1024;miho_duplex_max_iter_500;nnc_subpix_true_w_10_w_big_none_ref_images_both_scales_5_angles_5;opencv_magsac_fundamental_matrix_th_1.0_conf_0.9999_max_iters_100000;0.2766434708573982;0.9589434862136841;0.7642435431480408;0.4300919959727246;0.571609430064185;0.6949392356567039;0.47964502612204807;0.6606244071715903;0.7929524340261389
disk_lightglue_upright_true_nfeat_8000_resize_1024;miho_unduplex_max_iter_500;;;0.007835974982744697;0.9230626821517944;0.9940809011459351;0.45114433310237273;0.6055050541523699;0.7317647268466133;0.48976289798508565;0.6633564863644505;0.7906512062962495
disk_lightglue_upright_true_nfeat_8000_resize_1024;miho_unduplex_max_iter_500;opencv_magsac_fundamental_matrix_th_1.0_conf_0.9999_max_iters_100000;;0.20379830648156128;0.9518167972564697;0.8297942876815796;0.49459104094536926;0.6394138856494753;0.7594423183457882;0.5034529902240555;0.6709630167113603;0.7966639581841675
disk_lightglue_upright_true_nfeat_8000_resize_1024;miho_unduplex_max_iter_500;nnc_subpix_true_w_10_w_big_none_ref_images_both_scales_5_angles_5;;0.007835974982744697;0.8482558727264404;0.9161455035209656;0.17602908871515788;0.30723865271920986;0.4599214637601718;0.4679765164950723;0.6480604470308842;0.7794479808586112
disk_lightglue_upright_true_nfeat_8000_resize_1024;miho_unduplex_max_iter_500;nnc_subpix_true_w_10_w_big_none_ref_images_both_scales_5_angles_5;opencv_magsac_fundamental_matrix_th_1.0_conf_0.9999_max_iters_100000;0.2818199266535918;0.9571722149848938;0.7580100893974304;0.42046430801158996;0.5590595940256217;0.6793033224020326;0.4884281917082247;0.6603379762913126;0.7861573854087475
disk_lightglue_upright_true_nfeat_8000_resize_1024;miho_duplex_max_iter_1000;;;0.003665842890343105;0.9229524731636047;0.9979549646377563;0.448343953062766;0.6034021415955169;0.7293671996329822;0.4939637394416746;0.6662172842458204;0.793076275755522
disk_lightglue_upright_true_nfeat_8000_resize_1024;miho_duplex_max_iter_1000;opencv_magsac_fundamental_matrix_th_1.0_conf_0.9999_max_iters_100000;;0.2023240769570357;0.952816367149353;0.8318303823471069;0.4951920285864352;0.6432321068582576;0.760699046205757;0.4975175699725226;0.6688879790124981;0.7952289467587523
disk_lightglue_upright_true_nfeat_8000_resize_1024;miho_duplex_max_iter_1000;nnc_subpix_true_w_10_w_big_none_ref_images_both_scales_5_angles_5;;0.003665842890343105;0.8506171703338623;0.9222429990768433;0.19022865885647505;0.3300946351640753;0.4962873431879478;0.47835482155964926;0.6593615341106145;0.7899865934111695
disk_lightglue_upright_true_nfeat_8000_resize_1024;miho_duplex_max_iter_1000;nnc_subpix_true_w_10_w_big_none_ref_images_both_scales_5_angles_5;opencv_magsac_fundamental_matrix_th_1.0_conf_0.9999_max_iters_100000;0.2762563786610301;0.9589334726333618;0.7647527456283569;0.4230772457816334;0.5657013738940649;0.6913555589344869;0.47683735333961463;0.6582501167763418;0.7913239461544432
disk_lightglue_upright_true_nfeat_8000_resize_1024;miho_unduplex_max_iter_1000;;;0.0075873316763046695;0.9230222702026367;0.9943721294403076;0.4523595224574978;0.6088116173662671;0.7346728484342215;0.48908989662412655;0.6628997773552899;0.7901239264069017
disk_lightglue_upright_true_nfeat_8000_resize_1024;miho_unduplex_max_iter_1000;opencv_magsac_fundamental_matrix_th_1.0_conf_0.9999_max_iters_100000;;0.20415360302164667;0.9519540071487427;0.829584538936615;0.4947698238199433;0.6403887303941459;0.7601418118329035;0.4953609665770703;0.6640622409536919;0.7917437627312829
disk_lightglue_upright_true_nfeat_8000_resize_1024;miho_unduplex_max_iter_1000;nnc_subpix_true_w_10_w_big_none_ref_images_both_scales_5_angles_5;;0.0075873316763046695;0.8481674790382385;0.9163097143173218;0.1761031561969027;0.3098001174714319;0.46682761501933767;0.4644913887788037;0.6452288645798682;0.7781838745481334
disk_lightglue_upright_true_nfeat_8000_resize_1024;miho_unduplex_max_iter_1000;nnc_subpix_true_w_10_w_big_none_ref_images_both_scales_5_angles_5;opencv_magsac_fundamental_matrix_th_1.0_conf_0.9999_max_iters_100000;0.28184972845830303;0.9569185972213745;0.757909893989563;0.41312839712330784;0.5558216480333157;0.6812532582239785;0.4775254412452849;0.6555248582470167;0.7856449694625072
disk_lightglue_upright_true_nfeat_8000_resize_1024;miho_duplex_max_iter_1500;;;0.00390181776670695;0.922733724117279;0.9972244501113892;0.44748730209788884;0.6033998957790776;0.7286090590899406;0.4931547984760011;0.6666616901257582;0.7939237985723339
disk_lightglue_upright_true_nfeat_8000_resize_1024;miho_duplex_max_iter_1500;opencv_magsac_fundamental_matrix_th_1.0_conf_0.9999_max_iters_100000;;0.20262786264203217;0.9525532126426697;0.8311493396759033;0.49305531920205575;0.6405319740296781;0.7577932770093762;0.49549592590721725;0.6659766323467099;0.7932841033565139
disk_lightglue_upright_true_nfeat_8000_resize_1024;miho_duplex_max_iter_1500;nnc_subpix_true_w_10_w_big_none_ref_images_both_scales_5_angles_5;;0.00390181776670695;0.8505195379257202;0.9219120144844055;0.19056335830267296;0.32954768182200633;0.49649127030613516;0.48050867034195566;0.6600253384278988;0.7898087309071056
disk_lightglue_upright_true_nfeat_8000_resize_1024;miho_duplex_max_iter_1500;nnc_subpix_true_w_10_w_big_none_ref_images_both_scales_5_angles_5;opencv_magsac_fundamental_matrix_th_1.0_conf_0.9999_max_iters_100000;0.2763050884706721;0.9589246511459351;0.7646933794021606;0.4261223688033378;0.5698658156398722;0.694450938397917;0.4762807529151945;0.6597215971831141;0.7930443632149524
disk_lightglue_upright_true_nfeat_8000_resize_1024;miho_unduplex_max_iter_1500;;;0.007725079833133551;0.9229679107666016;0.9941492676734924;0.4483066180604228;0.6048994006100298;0.7314375726171963;0.47895743310231376;0.6553776423903452;0.7859279394386556
disk_lightglue_upright_true_nfeat_8000_resize_1024;miho_unduplex_max_iter_1500;opencv_magsac_fundamental_matrix_th_1.0_conf_0.9999_max_iters_100000;;0.20380912597497833;0.9518609046936035;0.8298547863960266;0.4950197043411874;0.6427930942481778;0.7612183697388294;0.4986676458777947;0.6677813588467154;0.7945761252695607
disk_lightglue_upright_true_nfeat_8000_resize_1024;miho_unduplex_max_iter_1500;nnc_subpix_true_w_10_w_big_none_ref_images_both_scales_5_angles_5;;0.007725079833133551;0.848192036151886;0.916106104850769;0.1760109713361296;0.31196419308861106;0.4677427608266983;0.4714516871207034;0.6479743385924166;0.7786633174769485
disk_lightglue_upright_true_nfeat_8000_resize_1024;miho_unduplex_max_iter_1500;nnc_subpix_true_w_10_w_big_none_ref_images_both_scales_5_angles_5;opencv_magsac_fundamental_matrix_th_1.0_conf_0.9999_max_iters_100000;0.2822692729886446;0.9570947289466858;0.7574939131736755;0.41578033887330895;0.5587226489822619;0.6853276357992719;0.46564880508786893;0.6549588523398004;0.7848188328624534
disk_lightglue_upright_true_nfeat_8000_resize_1024;miho_duplex_max_iter_2000;;;0.003976622701495925;0.9227432608604431;0.9971647262573242;0.44492503747716033;0.6006696936957394;0.7266569239144782;0.49356019161752884;0.6673091251678314;0.7939577498124087
disk_lightglue_upright_true_nfeat_8000_resize_1024;miho_duplex_max_iter_2000;opencv_magsac_fundamental_matrix_th_1.0_conf_0.9999_max_iters_100000;;0.20246597623668147;0.9524961113929749;0.8312928080558777;0.49375662084542205;0.6409038635638811;0.7585141103994962;0.4958255372576342;0.6668774391807029;0.7939607666954952
disk_lightglue_upright_true_nfeat_8000_resize_1024;miho_duplex_max_iter_2000;nnc_subpix_true_w_10_w_big_none_ref_images_both_scales_5_angles_5;;0.003976622701495925;0.8505062460899353;0.9217937588691711;0.19017572229092516;0.3275427005822088;0.4953634188975576;0.4813044377628183;0.6597647692050893;0.7900031806114967
disk_lightglue_upright_true_nfeat_8000_resize_1024;miho_duplex_max_iter_2000;nnc_subpix_true_w_10_w_big_none_ref_images_both_scales_5_angles_5;opencv_magsac_fundamental_matrix_th_1.0_conf_0.9999_max_iters_100000;0.27617204111350446;0.9587177634239197;0.7646785378456116;0.42646487849810244;0.5677751481327212;0.6911824482302957;0.4744117338263182;0.6585971077714159;0.7920960363657893
disk_lightglue_upright_true_nfeat_8000_resize_1024;miho_unduplex_max_iter_2000;;;0.007662010094780013;0.9229773879051208;0.9942459464073181;0.4460513738850162;0.6036824043513189;0.7310731920905722;0.4786478183502478;0.6588755284051385;0.7882967498604607
disk_lightglue_upright_true_nfeat_8000_resize_1024;miho_unduplex_max_iter_2000;opencv_magsac_fundamental_matrix_th_1.0_conf_0.9999_max_iters_100000;;0.2037898180487855;0.9518023133277893;0.8297832012176514;0.4932932086351891;0.6400074919813873;0.7584072379749636;0.4983921504951653;0.6681989714007938;0.7955085451199891
disk_lightglue_upright_true_nfeat_8000_resize_1024;miho_unduplex_max_iter_2000;nnc_subpix_true_w_10_w_big_none_ref_images_both_scales_5_angles_5;;0.007662010094780013;0.848208487033844;0.9162391424179077;0.17764926656093893;0.3119222748232551;0.4666727340253651;0.4698976857374852;0.6486432331793871;0.7790160503414163
disk_lightglue_upright_true_nfeat_8000_resize_1024;miho_unduplex_max_iter_2000;nnc_subpix_true_w_10_w_big_none_ref_images_both_scales_5_angles_5;opencv_magsac_fundamental_matrix_th_1.0_conf_0.9999_max_iters_100000;0.28222663628634337;0.957001268863678;0.7575075030326843;0.41137131400010335;0.5555307070603421;0.6821864338500461;0.46409460971569044;0.649017864580087;0.7832993541230349
disk_lightglue_upright_true_nfeat_8000_resize_1024;opencv_magsac_fundamental_matrix_th_1.0_conf_0.9999_max_iters_100000;;;0.20111819060917427;0.9525730609893799;0.8318408131599426;0.49198084138907905;0.641313544410887;0.7590928042576416;0.5011535871373137;0.6719236648630524;0.7974758878387258
disk_lightglue_upright_true_nfeat_8000_resize_1024;nnc_subpix_true_w_10_w_big_none_ref_images_both_scales_5_angles_5;;;0.0;0.7489109635353088;0.7956930994987488;0.14953262428163333;0.273592053156768;0.42858670348089695;0.3277739827912327;0.4800911667999654;0.6245173898235603
disk_lightglue_upright_true_nfeat_8000_resize_1024;nnc_subpix_true_w_10_w_big_none_ref_images_both_scales_5_angles_5;opencv_magsac_fundamental_matrix_th_1.0_conf_0.9999_max_iters_100000;;0.43951029550121024;0.8902686834335327;0.557240903377533;0.2727091569968755;0.38388448678734394;0.506285911508112;0.3396368018847067;0.49313588955880894;0.6384023100579415
disk_lightglue_upright_true_nfeat_8000_resize_1024;gms;;;0.13731692030235818;0.9026829600334167;0.8647866249084473;0.4240868301073279;0.5786115723524088;0.7016669888584535;0.453982613927419;0.6190391267014477;0.7420913127177846
disk_lightglue_upright_true_nfeat_8000_resize_1024;gms;opencv_magsac_fundamental_matrix_th_1.0_conf_0.9999_max_iters_100000;;0.3026580312510917;0.9235066771507263;0.7235615253448486;0.4648923504743984;0.6057204102920262;0.7180092185512806;0.47424998588940914;0.6358605674864262;0.7549944185611551
disk_lightglue_upright_true_nfeat_8000_resize_1024;oanet;;;0.8986253078287315;0.935828447341919;0.10432662814855576;0.07240258926112882;0.16141677111493474;0.2817561314661149;0.13063176735000379;0.2617255252832442;0.44182562630052036
disk_lightglue_upright_true_nfeat_8000_resize_1024;oanet;opencv_magsac_fundamental_matrix_th_1.0_conf_0.9999_max_iters_100000;;0.9114836182292959;0.9442606568336487;0.09205320477485657;0.06838172813014501;0.15033668328618538;0.28172044085987713;0.12950820579049868;0.26722788338068265;0.4463860179008975
disk_lightglue_upright_true_nfeat_8000_resize_1024;adalam_th_0.6400000000000001_scale_th_1.5_ori_th_30;;;0.0;0.9220826625823975;0.9985777735710144;0.43855260975202565;0.5944805066527346;0.7200953557930703;0.49871189860467524;0.6722831401131987;0.7978502244786199
disk_lightglue_upright_true_nfeat_8000_resize_1024;adalam_th_0.6400000000000001_scale_th_1.5_ori_th_30;opencv_magsac_fundamental_matrix_th_1.0_conf_0.9999_max_iters_100000;;0.20111819060917427;0.9525730609893799;0.8318408131599426;0.49198084138907905;0.641313544410887;0.7590928042576416;0.5011535871373137;0.6719236648630524;0.7974758878387258
disk_lightglue_upright_true_nfeat_8000_resize_1024;acne_outdoor_true;;;0.4611291132497965;0.9283600449562073;0.5429204702377319;0.2196038461711574;0.36454942058005735;0.5307556883857864;0.34542924765964705;0.5480731984414697;0.7148404003348621
disk_lightglue_upright_true_nfeat_8000_resize_1024;acne_outdoor_true;opencv_magsac_fundamental_matrix_th_1.0_conf_0.9999_max_iters_100000;;0.5554484422300282;0.951493501663208;0.4632757008075714;0.2544519722192421;0.4011959439854909;0.5616187387474996;0.3532839885989683;0.5524406842795997;0.7169602634806795
disk_lightglue_upright_true_nfeat_8000_resize_1024;consensusclustering_th_7_max_tanimoto_similarity_0.75_cluster_assignment_hard;;;0.15498990941993082;0.8590760231018066;0.8474866151809692;0.324803910242425;0.46831259344819653;0.6068659245630633;0.41234501690945535;0.58499040055305;0.7168524313541942
disk_lightglue_upright_true_nfeat_8000_resize_1024;consensusclustering_th_7_max_tanimoto_similarity_0.75_cluster_assignment_hard;opencv_magsac_fundamental_matrix_th_1.0_conf_0.9999_max_iters_100000;;0.31922761045535486;0.8841829299926758;0.7088668346405029;0.3547332529524502;0.5000683715292661;0.6314184382535808;0.42601952775004975;0.5922894695690488;0.7234482670013157
disk_lightglue_upright_true_nfeat_8000_resize_1024;dematch_outdoor_true_inlier_threshold_0.0;;;0.6486004179862483;0.9264225363731384;0.3537096381187439;0.13431510315476503;0.2529971959197966;0.4082866379437835;0.25099274443936787;0.4435477599267375;0.6185187106816157
disk_lightglue_upright_true_nfeat_8000_resize_1024;dematch_outdoor_true_inlier_threshold_0.0;opencv_magsac_fundamental_matrix_th_1.0_conf_0.9999_max_iters_100000;;0.7047447547410569;0.9448857307434082;0.3051634132862091;0.16373959903455743;0.29527619475336475;0.4517246056658131;0.25582584779036394;0.4462924338914334;0.6232221167505304
disk_lightglue_upright_true_nfeat_8000_resize_1024;convmatch_outdoor_true_inlier_threshold_0.0;;;0.6531051095790139;0.9281602501869202;0.3513301610946655;0.14369732332624935;0.2647660006106978;0.41510303397015846;0.24755423610228028;0.43305841289067953;0.6197331806209977
disk_lightglue_upright_true_nfeat_8000_resize_1024;convmatch_outdoor_true_inlier_threshold_0.0;opencv_magsac_fundamental_matrix_th_1.0_conf_0.9999_max_iters_100000;;0.7064444503738517;0.9446583390235901;0.30529478192329407;0.17548448064613487;0.29576857086118247;0.4529777970990617;0.26770939464777577;0.4422141435942816;0.616609334970188
disk_lightglue_upright_true_nfeat_8000_resize_1024;fcgnn;;;0.099425206559049;0.9688037633895874;0.9651992321014404;0.5334033232378538;0.6804548045587704;0.7909532145972468;0.49268941477976824;0.6687662871315208;0.8006930820633877
disk_lightglue_upright_true_nfeat_8000_resize_1024;fcgnn;opencv_magsac_fundamental_matrix_th_1.0_conf_0.9999_max_iters_100000;;0.11597404387976296;0.9717815518379211;0.9511256217956543;0.5494879355456981;0.69153708114363;0.8036599032786824;0.5236499338057427;0.6969553867444449;0.8164170041788139
disk_lightglue_upright_true_nfeat_8000_resize_1024;clnet_inlier_threshold_0.0001;;;0.13413103491489878;0.9276537299156189;0.8692322373390198;0.22388156064243137;0.3670970133466234;0.531136290757612;0.38138293262620737;0.5737598064430124;0.7321886231231851
disk_lightglue_upright_true_nfeat_8000_resize_1024;clnet_inlier_threshold_0.0001;opencv_magsac_fundamental_matrix_th_1.0_conf_0.9999_max_iters_100000;;0.29546289871015036;0.9513360261917114;0.7312836647033691;0.25998787616857943;0.41280339006919353;0.5833919947338622;0.395566803364285;0.5873386683440687;0.7453817163864266
disk_lightglue_upright_true_nfeat_8000_resize_1024;ms2dgnet;;;0.7571259222806727;0.9352408647537231;0.24670760333538055;0.2635639662983105;0.4179558566044023;0.5725968370981593;0.2211021184874476;0.38472777371725553;0.5606860747448383
disk_lightglue_upright_true_nfeat_8000_resize_1024;ms2dgnet;opencv_magsac_fundamental_matrix_th_1.0_conf_0.9999_max_iters_100000;;0.796289823297021;0.9539525508880615;0.2138051688671112;0.268428510785771;0.42080024908533764;0.5783261293944563;0.22582018292125458;0.4043864895170879;0.5788673197474214
disk_lightglue_upright_true_nfeat_8000_resize_1024;ncmnet_obj_geod_th_0.0001;;;0.12227796266589011;0.9269894361495972;0.8811485767364502;0.22434686132948284;0.3705417559097189;0.5381912242427511;0.38548276701021766;0.577818149544705;0.7313857998208805
disk_lightglue_upright_true_nfeat_8000_resize_1024;ncmnet_obj_geod_th_0.0001;opencv_magsac_fundamental_matrix_th_1.0_conf_0.9999_max_iters_100000;;0.28559361587760007;0.9486382007598877;0.7411410212516785;0.27164302099898135;0.4215490973248854;0.5838321335420651;0.3969251492422597;0.5930389956944151;0.7487666207129386
disk_lightglue_upright_true_nfeat_8000_resize_1024;miho_duplex_max_iter_500;opencv_magsac_fundamental_matrix_th_0.75_conf_0.9999_max_iters_100000;;0.31158975763201774;0.9602693319320679;0.7268852591514587;0.49086014405560585;0.637962296993968;0.7570023845430448;0.5051313498765289;0.6794037798605819;0.8033608141836133
disk_lightglue_upright_true_nfeat_8000_resize_1024;miho_duplex_max_iter_500;nnc_subpix_true_w_10_w_big_none_ref_images_both_scales_5_angles_5;opencv_magsac_fundamental_matrix_th_0.75_conf_0.9999_max_iters_100000;0.324247848564356;0.9633736610412598;0.7185802459716797;0.43460103904776426;0.5806059737768714;0.7089604461882645;0.4960952044954022;0.676549032677935;0.8017804007887428
disk_lightglue_upright_true_nfeat_8000_resize_1024;miho_unduplex_max_iter_500;opencv_magsac_fundamental_matrix_th_0.75_conf_0.9999_max_iters_100000;;0.31249210451043347;0.9595127105712891;0.7257019877433777;0.4928273620564109;0.6384830182304435;0.7589362145042633;0.5079665587527404;0.6790740769631192;0.8043568721561712
disk_lightglue_upright_true_nfeat_8000_resize_1024;miho_unduplex_max_iter_500;nnc_subpix_true_w_10_w_big_none_ref_images_both_scales_5_angles_5;opencv_magsac_fundamental_matrix_th_0.75_conf_0.9999_max_iters_100000;0.32996677317687045;0.9615423679351807;0.7118614912033081;0.4207735365357846;0.5614013971333043;0.6801076165620084;0.4837725405561074;0.6567693400642083;0.7850210964691225
disk_lightglue_upright_true_nfeat_8000_resize_1024;miho_duplex_max_iter_1000;opencv_magsac_fundamental_matrix_th_0.75_conf_0.9999_max_iters_100000;;0.31133107734202975;0.960322916507721;0.7271243333816528;0.49011165470256346;0.6379022556838952;0.7580256906895155;0.5033555307224763;0.6799809923125114;0.8049573979744554
disk_lightglue_upright_true_nfeat_8000_resize_1024;miho_duplex_max_iter_1000;nnc_subpix_true_w_10_w_big_none_ref_images_both_scales_5_angles_5;opencv_magsac_fundamental_matrix_th_0.75_conf_0.9999_max_iters_100000;0.323915431216317;0.963265597820282;0.7189516425132751;0.43278338126550775;0.5768526214288983;0.7045658666534574;0.49080423531962625;0.6731480403067105;0.8002181314789378
disk_lightglue_upright_true_nfeat_8000_resize_1024;miho_unduplex_max_iter_1000;opencv_magsac_fundamental_matrix_th_0.75_conf_0.9999_max_iters_100000;;0.3125167146867295;0.9596179723739624;0.7258647680282593;0.49333076338924825;0.638044938105474;0.7590732031154308;0.5061805170830078;0.67778430463605;0.8029222605087247
disk_lightglue_upright_true_nfeat_8000_resize_1024;miho_unduplex_max_iter_1000;nnc_subpix_true_w_10_w_big_none_ref_images_both_scales_5_angles_5;opencv_magsac_fundamental_matrix_th_0.75_conf_0.9999_max_iters_100000;0.3293671658075446;0.9618347883224487;0.712914228439331;0.4284427341928884;0.5702531897346004;0.6923663270774678;0.4695256070290451;0.6506483386966728;0.7832075553074281
disk_lightglue_upright_true_nfeat_8000_resize_1024;miho_duplex_max_iter_1500;opencv_magsac_fundamental_matrix_th_0.75_conf_0.9999_max_iters_100000;;0.31133884066522904;0.960358202457428;0.7270962595939636;0.48915213761827997;0.6377333444654046;0.7578504240215913;0.5009317166666979;0.677457080917158;0.8034757862525546
disk_lightglue_upright_true_nfeat_8000_resize_1024;miho_duplex_max_iter_1500;nnc_subpix_true_w_10_w_big_none_ref_images_both_scales_5_angles_5;opencv_magsac_fundamental_matrix_th_0.75_conf_0.9999_max_iters_100000;0.32364613767654027;0.9632807374000549;0.7190819978713989;0.435315044809294;0.5830632941779297;0.7107493642389761;0.48300278641675326;0.6668668639604072;0.7962460096518931
disk_lightglue_upright_true_nfeat_8000_resize_1024;miho_unduplex_max_iter_1500;opencv_magsac_fundamental_matrix_th_0.75_conf_0.9999_max_iters_100000;;0.3126791651694335;0.9595797657966614;0.7255557179450989;0.49196518581961657;0.6364346688321694;0.7558046864628585;0.5113281029745134;0.6832591181681699;0.8078080424311803
disk_lightglue_upright_true_nfeat_8000_resize_1024;miho_unduplex_max_iter_1500;nnc_subpix_true_w_10_w_big_none_ref_images_both_scales_5_angles_5;opencv_magsac_fundamental_matrix_th_0.75_conf_0.9999_max_iters_100000;0.32932102582675987;0.9618684649467468;0.7129561901092529;0.43026170433989763;0.5763573094819153;0.6952046622583679;0.4772598762412022;0.6514491149090813;0.7832883658805023
disk_lightglue_upright_true_nfeat_8000_resize_1024;miho_duplex_max_iter_2000;opencv_magsac_fundamental_matrix_th_0.75_conf_0.9999_max_iters_100000;;0.3113161355622217;0.960439145565033;0.7273085117340088;0.4912009005937922;0.6389315868354684;0.758789522884456;0.5034395751828906;0.6795624490571418;0.805195136989213
disk_lightglue_upright_true_nfeat_8000_resize_1024;miho_duplex_max_iter_2000;nnc_subpix_true_w_10_w_big_none_ref_images_both_scales_5_angles_5;opencv_magsac_fundamental_matrix_th_0.75_conf_0.9999_max_iters_100000;0.3237509579722804;0.9632470607757568;0.7190756797790527;0.4375305703079223;0.5832793168197602;0.7100744444412352;0.4898244645158587;0.6708640914858949;0.7978106882628361
disk_lightglue_upright_true_nfeat_8000_resize_1024;miho_unduplex_max_iter_2000;opencv_magsac_fundamental_matrix_th_0.75_conf_0.9999_max_iters_100000;;0.3126105785018618;0.9596760869026184;0.7256365418434143;0.487065430675737;0.6333913710461156;0.7548191053319069;0.5079349357164273;0.6824214179280943;0.8066447227051524
disk_lightglue_upright_true_nfeat_8000_resize_1024;miho_unduplex_max_iter_2000;nnc_subpix_true_w_10_w_big_none_ref_images_both_scales_5_angles_5;opencv_magsac_fundamental_matrix_th_0.75_conf_0.9999_max_iters_100000;0.3292672290370489;0.9617994427680969;0.7129178643226624;0.4199542453746501;0.5671597299321627;0.6891698437990527;0.4738269312685258;0.6533737697793821;0.785854812667677
disk_lightglue_upright_true_nfeat_8000_resize_1024;opencv_magsac_fundamental_matrix_th_0.75_conf_0.9999_max_iters_100000;;;0.30989156545237523;0.9598099589347839;0.7272078990936279;0.4921284381078593;0.6400670948011952;0.7600822342089748;0.506592818652658;0.6803063852774779;0.8031764015447009
disk_lightglue_upright_true_nfeat_8000_resize_1024;nnc_subpix_true_w_10_w_big_none_ref_images_both_scales_5_angles_5;opencv_magsac_fundamental_matrix_th_0.75_conf_0.9999_max_iters_100000;;0.5027188920157725;0.8944611549377441;0.4994315505027771;0.27278901694182006;0.387529971599494;0.5006440020946006;0.33826466683720197;0.49844481396719964;0.6441915554398396
disk_lightglue_upright_true_nfeat_8000_resize_1024;gms;opencv_magsac_fundamental_matrix_th_0.75_conf_0.9999_max_iters_100000;;0.39491901864441886;0.9304203987121582;0.634911298751831;0.4604355230569278;0.6043736851900899;0.7210563561346442;0.4940498684830753;0.653746751295689;0.7672970045435983
disk_lightglue_upright_true_nfeat_8000_resize_1024;oanet;opencv_magsac_fundamental_matrix_th_0.75_conf_0.9999_max_iters_100000;;0.9203702574756214;0.9487288594245911;0.08340974897146225;0.07068580104742213;0.148962872780333;0.2720149555140786;0.13207883793473546;0.27188726837142885;0.45590658968780123
disk_lightglue_upright_true_nfeat_8000_resize_1024;adalam_th_0.6400000000000001_scale_th_1.5_ori_th_30;opencv_magsac_fundamental_matrix_th_0.75_conf_0.9999_max_iters_100000;;0.30989156545237523;0.9598099589347839;0.7272078990936279;0.4921284381078593;0.6400670948011952;0.7600822342089748;0.506592818652658;0.6803063852774779;0.8031764015447009
disk_lightglue_upright_true_nfeat_8000_resize_1024;acne_outdoor_true;opencv_magsac_fundamental_matrix_th_0.75_conf_0.9999_max_iters_100000;;0.6128281413882312;0.9585126638412476;0.4081944227218628;0.2611140670864372;0.4095986534281325;0.5670407706403153;0.36137238119036413;0.5626474029564219;0.7248138892878246
disk_lightglue_upright_true_nfeat_8000_resize_1024;consensusclustering_th_7_max_tanimoto_similarity_0.75_cluster_assignment_hard;opencv_magsac_fundamental_matrix_th_0.75_conf_0.9999_max_iters_100000;;0.4112176162758075;0.8908582329750061;0.6200506091117859;0.3511596307846512;0.4959560212758629;0.6292941862715261;0.43422034202167675;0.6058722938641024;0.7366564402663186
disk_lightglue_upright_true_nfeat_8000_resize_1024;dematch_outdoor_true_inlier_threshold_0.0;opencv_magsac_fundamental_matrix_th_0.75_conf_0.9999_max_iters_100000;;0.741545672118243;0.9509280323982239;0.2697651982307434;0.15895028409746095;0.29505383244103073;0.4495411102920439;0.2534759200308266;0.44108639455738635;0.6229867792089603
disk_lightglue_upright_true_nfeat_8000_resize_1024;convmatch_outdoor_true_inlier_threshold_0.0;opencv_magsac_fundamental_matrix_th_0.75_conf_0.9999_max_iters_100000;;0.7424350286546972;0.9506891369819641;0.27053067088127136;0.17608836529451427;0.3035445968475378;0.46183486965124343;0.26332481559467524;0.44475196334282074;0.6243106388851754
disk_lightglue_upright_true_nfeat_8000_resize_1024;fcgnn;opencv_magsac_fundamental_matrix_th_0.75_conf_0.9999_max_iters_100000;;0.13177943088030566;0.9729450345039368;0.9356116652488708;0.5496707598424756;0.6918616489879288;0.8050256348894445;0.5172489092899466;0.6886720726602635;0.8083901377733002
disk_lightglue_upright_true_nfeat_8000_resize_1024;clnet_inlier_threshold_0.0001;opencv_magsac_fundamental_matrix_th_0.75_conf_0.9999_max_iters_100000;;0.3897735540153988;0.958400309085846;0.640578031539917;0.26490200811348885;0.41286350301667235;0.5705794536600494;0.4043429249516387;0.5924817706138155;0.7484649710269473
disk_lightglue_upright_true_nfeat_8000_resize_1024;ms2dgnet;opencv_magsac_fundamental_matrix_th_0.75_conf_0.9999_max_iters_100000;;0.8212334930341219;0.9606927037239075;0.18936626613140106;0.2732379550027331;0.42227913749298435;0.5788595274523173;0.25430979863633935;0.4306563718784792;0.6029676243720459
disk_lightglue_upright_true_nfeat_8000_resize_1024;ncmnet_obj_geod_th_0.0001;opencv_magsac_fundamental_matrix_th_0.75_conf_0.9999_max_iters_100000;;0.3811039350861829;0.9561169147491455;0.6495762467384338;0.27898748287060127;0.4229063340605026;0.5793791081923425;0.38840160784337197;0.5785344696572656;0.7407759296313712
