pipe_module_0;pipe_module_1;pipe_module_2;pipe_module_3;filtered_of_760;F_precision;F_recall;F_AUC@5;F_AUC@10;F_AUC@20;E_AUC@5;E_AUC@10;E_AUC@20
superpoint_lightglue_upright_true_nfeat_8000_resize_1024;;;;0.0;0.886603832244873;0.9986666440963745;0.3223596947818343;0.4850876678793229;0.6492274688591102;0.4600401365650867;0.6357221059434632;0.7729000587125711
superpoint_lightglue_upright_true_nfeat_8000_resize_1024;miho_duplex_max_iter_500;;;0.0025927979870521297;0.887219250202179;0.9970197677612305;0.31965377971414854;0.48348791647063233;0.6495240097932861;0.4588570388854266;0.6331512550489353;0.7683023978010228
superpoint_lightglue_upright_true_nfeat_8000_resize_1024;miho_duplex_max_iter_500;opencv_magsac_fundamental_matrix_th_1.0_conf_0.9999_max_iters_100000;;0.33994105299397454;0.9430667757987976;0.7184970378875732;0.3664159295919379;0.5394888902803746;0.7009949898605286;0.4795080752244457;0.6525440425847424;0.7840640952066815
superpoint_lightglue_upright_true_nfeat_8000_resize_1024;miho_duplex_max_iter_500;nnc_subpix_true_w_10_w_big_none_ref_images_both_scales_5_angles_5;;0.0025927979870521297;0.8592246770858765;0.9926548004150391;0.22046307858987185;0.3625534199663293;0.5247352240266014;0.531527900433736;0.7063872136689127;0.82464221822745
superpoint_lightglue_upright_true_nfeat_8000_resize_1024;miho_duplex_max_iter_500;nnc_subpix_true_w_10_w_big_none_ref_images_both_scales_5_angles_5;opencv_magsac_fundamental_matrix_th_1.0_conf_0.9999_max_iters_100000;0.252847965472289;0.9634758830070496;0.8496212363243103;0.49475232930045526;0.6457247712915367;0.7694039296167161;0.5264280420763745;0.7016549249679739;0.8242777678398925
superpoint_lightglue_upright_true_nfeat_8000_resize_1024;miho_unduplex_max_iter_500;;;0.00862406595662011;0.8879646062850952;0.9923580884933472;0.3205392779080921;0.4838637151575331;0.6518573811665738;0.4635247775878343;0.6350010838726873;0.7699170840419323
superpoint_lightglue_upright_true_nfeat_8000_resize_1024;miho_unduplex_max_iter_500;opencv_magsac_fundamental_matrix_th_1.0_conf_0.9999_max_iters_100000;;0.342399383511447;0.9430683255195618;0.7161553502082825;0.36489558858194754;0.5416962474868349;0.7033909235125921;0.4760123933404411;0.6530688993215255;0.784231698935683
superpoint_lightglue_upright_true_nfeat_8000_resize_1024;miho_unduplex_max_iter_500;nnc_subpix_true_w_10_w_big_none_ref_images_both_scales_5_angles_5;;0.00862406595662011;0.8572272062301636;0.9836521148681641;0.20830773996572657;0.35295466217046334;0.5221405255607344;0.50819679904619;0.6848020633827566;0.8093377002050726
superpoint_lightglue_upright_true_nfeat_8000_resize_1024;miho_unduplex_max_iter_500;nnc_subpix_true_w_10_w_big_none_ref_images_both_scales_5_angles_5;opencv_magsac_fundamental_matrix_th_1.0_conf_0.9999_max_iters_100000;0.25977539028857694;0.9613479971885681;0.8390120267868042;0.48080072866491175;0.634542041781674;0.7549761888396413;0.5180062196598602;0.69184892416767;0.8167926274659882
superpoint_lightglue_upright_true_nfeat_8000_resize_1024;miho_duplex_max_iter_1000;;;0.002398622975465083;0.887211263179779;0.9972407817840576;0.3231147100315555;0.4863364895377346;0.6524174654321443;0.4613813312543308;0.6352601654385228;0.7704038780087041
superpoint_lightglue_upright_true_nfeat_8000_resize_1024;miho_duplex_max_iter_1000;opencv_magsac_fundamental_matrix_th_1.0_conf_0.9999_max_iters_100000;;0.33976519626537827;0.9430403709411621;0.7188795208930969;0.36830079742160227;0.5415028885035105;0.7029015381319378;0.4759298378003297;0.6508303988942103;0.7824627938989442
superpoint_lightglue_upright_true_nfeat_8000_resize_1024;miho_duplex_max_iter_1000;nnc_subpix_true_w_10_w_big_none_ref_images_both_scales_5_angles_5;;0.002398622975465083;0.8593496084213257;0.9929994940757751;0.21951425392192764;0.3643968304206496;0.5251134981411848;0.5438521670380814;0.7149853457407775;0.8288736963482529
superpoint_lightglue_upright_true_nfeat_8000_resize_1024;miho_duplex_max_iter_1000;nnc_subpix_true_w_10_w_big_none_ref_images_both_scales_5_angles_5;opencv_magsac_fundamental_matrix_th_1.0_conf_0.9999_max_iters_100000;0.2527223089039279;0.9637207984924316;0.8500131964683533;0.4876559446994893;0.6402045047629241;0.7647033201245681;0.5292023678155642;0.7053826288921115;0.8244755802579469
superpoint_lightglue_upright_true_nfeat_8000_resize_1024;miho_unduplex_max_iter_1000;;;0.007895523484838629;0.8886206150054932;0.9934386014938354;0.32155220199053114;0.4808811251895926;0.6498010855807441;0.47049267019993407;0.639509309631878;0.7712791615722947
superpoint_lightglue_upright_true_nfeat_8000_resize_1024;miho_unduplex_max_iter_1000;opencv_magsac_fundamental_matrix_th_1.0_conf_0.9999_max_iters_100000;;0.34174790410264505;0.9435116052627563;0.7169495224952698;0.36908095027947524;0.5422970459489774;0.7038282836846235;0.4718343598222285;0.647046468811085;0.7768555900836098
superpoint_lightglue_upright_true_nfeat_8000_resize_1024;miho_unduplex_max_iter_1000;nnc_subpix_true_w_10_w_big_none_ref_images_both_scales_5_angles_5;;0.007895523484838629;0.8577865958213806;0.9847100973129272;0.20843524021283652;0.3538442705037779;0.5223423118059237;0.4953985629529054;0.677058410749945;0.8059272360806509
superpoint_lightglue_upright_true_nfeat_8000_resize_1024;miho_unduplex_max_iter_1000;nnc_subpix_true_w_10_w_big_none_ref_images_both_scales_5_angles_5;opencv_magsac_fundamental_matrix_th_1.0_conf_0.9999_max_iters_100000;0.25895386153095556;0.9627916812896729;0.8410220742225647;0.4902099022135772;0.6363129838574686;0.758309330738692;0.5136275746007708;0.6877884305845153;0.8149114140476371
superpoint_lightglue_upright_true_nfeat_8000_resize_1024;miho_duplex_max_iter_1500;;;0.0024894610592480467;0.8872355222702026;0.9971197247505188;0.3192065919304396;0.48268748947872864;0.6511478557942711;0.46484600335289644;0.6367676861115918;0.7704833199204402
superpoint_lightglue_upright_true_nfeat_8000_resize_1024;miho_duplex_max_iter_1500;opencv_magsac_fundamental_matrix_th_1.0_conf_0.9999_max_iters_100000;;0.34015539789409527;0.9433151483535767;0.7186189889907837;0.36699389891548617;0.5415053230428628;0.7028726154248804;0.4722693416728155;0.6471618586303156;0.7798735169208839
superpoint_lightglue_upright_true_nfeat_8000_resize_1024;miho_duplex_max_iter_1500;nnc_subpix_true_w_10_w_big_none_ref_images_both_scales_5_angles_5;;0.0024894610592480467;0.8592974543571472;0.9928310513496399;0.21645400255790487;0.3598114578800562;0.5215853184431791;0.5454416556676034;0.7149163549803714;0.8296853552353325
superpoint_lightglue_upright_true_nfeat_8000_resize_1024;miho_duplex_max_iter_1500;nnc_subpix_true_w_10_w_big_none_ref_images_both_scales_5_angles_5;opencv_magsac_fundamental_matrix_th_1.0_conf_0.9999_max_iters_100000;0.25279867081606194;0.9634475111961365;0.8496443033218384;0.4947335710719881;0.6486061738560392;0.7728473219565322;0.5169078704377085;0.697377803279472;0.8191371688600121
superpoint_lightglue_upright_true_nfeat_8000_resize_1024;miho_unduplex_max_iter_1500;;;0.007430028566905241;0.8884366750717163;0.9936338067054749;0.3198235350050468;0.4802470463203575;0.6481844239782273;0.4589050534691368;0.6330373584698328;0.7696485849635256
superpoint_lightglue_upright_true_nfeat_8000_resize_1024;miho_unduplex_max_iter_1500;opencv_magsac_fundamental_matrix_th_1.0_conf_0.9999_max_iters_100000;;0.34149890003875355;0.9435180425643921;0.7171386480331421;0.3668995053840026;0.540008657301353;0.7022178733656333;0.47707664788165943;0.6462723086175638;0.7748542983045997
superpoint_lightglue_upright_true_nfeat_8000_resize_1024;miho_unduplex_max_iter_1500;nnc_subpix_true_w_10_w_big_none_ref_images_both_scales_5_angles_5;;0.007430028566905241;0.8574700355529785;0.9847644567489624;0.21477917019076082;0.35691193535706983;0.5249624477634249;0.5013786533027378;0.679177962161375;0.8049676529459122
superpoint_lightglue_upright_true_nfeat_8000_resize_1024;miho_unduplex_max_iter_1500;nnc_subpix_true_w_10_w_big_none_ref_images_both_scales_5_angles_5;opencv_magsac_fundamental_matrix_th_1.0_conf_0.9999_max_iters_100000;0.25862721291768737;0.9626147150993347;0.8413175344467163;0.48820396024957197;0.634329155642252;0.7554585462107248;0.5092396782898575;0.6863087629053751;0.8153155372179581
superpoint_lightglue_upright_true_nfeat_8000_resize_1024;miho_duplex_max_iter_2000;;;0.0024124883791525093;0.8872184157371521;0.9971728324890137;0.3200619270164354;0.484326324948976;0.6510915308799395;0.4627253915842354;0.6351993593006285;0.7694037032378837
superpoint_lightglue_upright_true_nfeat_8000_resize_1024;miho_duplex_max_iter_2000;opencv_magsac_fundamental_matrix_th_1.0_conf_0.9999_max_iters_100000;;0.34002297802869347;0.9433394074440002;0.7186996936798096;0.36561968003333123;0.5410357469239075;0.7033212065791611;0.4791329505683522;0.651444192683031;0.7821926323432474
superpoint_lightglue_upright_true_nfeat_8000_resize_1024;miho_duplex_max_iter_2000;nnc_subpix_true_w_10_w_big_none_ref_images_both_scales_5_angles_5;;0.0024124883791525093;0.8592458963394165;0.992836594581604;0.21552057404319241;0.35848202164688864;0.5215930756598933;0.5399943003500787;0.712638045224968;0.8296123713330396
superpoint_lightglue_upright_true_nfeat_8000_resize_1024;miho_duplex_max_iter_2000;nnc_subpix_true_w_10_w_big_none_ref_images_both_scales_5_angles_5;opencv_magsac_fundamental_matrix_th_1.0_conf_0.9999_max_iters_100000;0.2528009696239872;0.9634833931922913;0.8496935367584229;0.4948834415086206;0.647708289584495;0.7707736304956375;0.5218217878613585;0.6995113583638938;0.8214712733824239
superpoint_lightglue_upright_true_nfeat_8000_resize_1024;miho_unduplex_max_iter_2000;;;0.007354148239774993;0.8884607553482056;0.9937735795974731;0.32209538935202275;0.4816457345708126;0.647851118746046;0.46566943485419676;0.6367200428126135;0.7694151006359344
superpoint_lightglue_upright_true_nfeat_8000_resize_1024;miho_unduplex_max_iter_2000;opencv_magsac_fundamental_matrix_th_1.0_conf_0.9999_max_iters_100000;;0.34125814493738954;0.9436360597610474;0.7173964977264404;0.3709246207365894;0.5421622452750758;0.7048437780759549;0.4818758527129751;0.6513871535548273;0.7778310303110056
superpoint_lightglue_upright_true_nfeat_8000_resize_1024;miho_unduplex_max_iter_2000;nnc_subpix_true_w_10_w_big_none_ref_images_both_scales_5_angles_5;;0.007354148239774993;0.8575551509857178;0.984702467918396;0.2103096204282851;0.3536730855959277;0.5228956599423491;0.4995502300665848;0.6779867937510418;0.8050326850773792
superpoint_lightglue_upright_true_nfeat_8000_resize_1024;miho_unduplex_max_iter_2000;nnc_subpix_true_w_10_w_big_none_ref_images_both_scales_5_angles_5;opencv_magsac_fundamental_matrix_th_1.0_conf_0.9999_max_iters_100000;0.2585681681245375;0.9627572894096375;0.8411825895309448;0.48498156156372446;0.6348157541744345;0.7559917251305454;0.5147286699610214;0.6867626403102285;0.8134735943305547
superpoint_lightglue_upright_true_nfeat_8000_resize_1024;opencv_magsac_fundamental_matrix_th_1.0_conf_0.9999_max_iters_100000;;;0.3400280014458497;0.9430745244026184;0.7187159657478333;0.36701945532591146;0.5423903600142611;0.7034470701127038;0.47998678849857457;0.6540816447377542;0.7857893516461508
superpoint_lightglue_upright_true_nfeat_8000_resize_1024;nnc_subpix_true_w_10_w_big_none_ref_images_both_scales_5_angles_5;;;0.0;0.7816507816314697;0.8774503469467163;0.18230137422282117;0.3171222369207124;0.49117994965430256;0.4457803464055437;0.6010175245012135;0.7257049691614429
superpoint_lightglue_upright_true_nfeat_8000_resize_1024;nnc_subpix_true_w_10_w_big_none_ref_images_both_scales_5_angles_5;opencv_magsac_fundamental_matrix_th_1.0_conf_0.9999_max_iters_100000;;0.3810604668500869;0.9262390732765198;0.6690142154693604;0.3968256309243038;0.5321109429884414;0.6578145580120339;0.4395751622941157;0.6076305342327766;0.7423815366400035
superpoint_lightglue_upright_true_nfeat_8000_resize_1024;gms;;;0.24627265191200054;0.848598301410675;0.7571600675582886;0.2853815901602997;0.4424262306098569;0.5959571326688372;0.3997562006908058;0.5676329597958895;0.6996476819402668
superpoint_lightglue_upright_true_nfeat_8000_resize_1024;gms;opencv_magsac_fundamental_matrix_th_1.0_conf_0.9999_max_iters_100000;;0.49289220819712515;0.8783101439476013;0.5476945638656616;0.33982772739733463;0.49005925386142346;0.6285751272752842;0.3993300629762319;0.5674760163320683;0.7006956879202796
superpoint_lightglue_upright_true_nfeat_8000_resize_1024;oanet;;;0.9036247479736265;0.9047421216964722;0.09961620718240738;0.03491746704697059;0.08626357760504563;0.18055650430153974;0.060684267145957815;0.13979038398379737;0.289669528311942
superpoint_lightglue_upright_true_nfeat_8000_resize_1024;oanet;opencv_magsac_fundamental_matrix_th_1.0_conf_0.9999_max_iters_100000;;0.9221337284262063;0.911565899848938;0.08246804028749466;0.03478263558380153;0.08130707453846678;0.18232582238683862;0.0654297286531463;0.1543881215236142;0.2976528275514174
superpoint_lightglue_upright_true_nfeat_8000_resize_1024;adalam_th_0.6400000000000001_scale_th_1.5_ori_th_30;;;0.0;0.886603832244873;0.9986666440963745;0.3223596947818343;0.4850876678793229;0.6492274688591102;0.4600401365650867;0.6357221059434632;0.7729000587125711
superpoint_lightglue_upright_true_nfeat_8000_resize_1024;adalam_th_0.6400000000000001_scale_th_1.5_ori_th_30;opencv_magsac_fundamental_matrix_th_1.0_conf_0.9999_max_iters_100000;;0.3400280014458497;0.9430745244026184;0.7187159657478333;0.36701945532591146;0.5423903600142611;0.7034470701127038;0.47998678849857457;0.6540816447377542;0.7857893516461508
superpoint_lightglue_upright_true_nfeat_8000_resize_1024;acne_outdoor_true;;;0.42043854930372737;0.8948798179626465;0.5863057374954224;0.19534519696383143;0.3290667494669697;0.48640811793179406;0.3002295376615888;0.49327463953287387;0.6680562889200126
superpoint_lightglue_upright_true_nfeat_8000_resize_1024;acne_outdoor_true;opencv_magsac_fundamental_matrix_th_1.0_conf_0.9999_max_iters_100000;;0.599588473225032;0.9397026300430298;0.4344499111175537;0.22211753796728823;0.3574082055205592;0.5146106366268542;0.3435522690568016;0.526930979954312;0.6918997630678462
superpoint_lightglue_upright_true_nfeat_8000_resize_1024;consensusclustering_th_7_max_tanimoto_similarity_0.75_cluster_assignment_hard;;;0.1791579460829829;0.8460239171981812;0.8274934887886047;0.21886944340852837;0.3563204932663866;0.5052732118188371;0.36500572082517746;0.5457660420538339;0.6918481991707196
superpoint_lightglue_upright_true_nfeat_8000_resize_1024;consensusclustering_th_7_max_tanimoto_similarity_0.75_cluster_assignment_hard;opencv_magsac_fundamental_matrix_th_1.0_conf_0.9999_max_iters_100000;;0.4466648915957721;0.8924142122268677;0.6019428372383118;0.26454189542679585;0.40496022852691055;0.5550062715598633;0.3898356462386688;0.571709672369358;0.716049786771711
superpoint_lightglue_upright_true_nfeat_8000_resize_1024;dematch_outdoor_true_inlier_threshold_0.0;;;0.643521264927956;0.8969479203224182;0.3616544008255005;0.09814098068082527;0.20701874363147116;0.35125940862901467;0.16017041566303333;0.32338894369408955;0.5156639510391046
superpoint_lightglue_upright_true_nfeat_8000_resize_1024;dematch_outdoor_true_inlier_threshold_0.0;opencv_magsac_fundamental_matrix_th_1.0_conf_0.9999_max_iters_100000;;0.740845806349386;0.9300600290298462;0.27739447355270386;0.11178621634449555;0.22531024949844086;0.37464373225114356;0.20017340716211787;0.36653942114531196;0.5589541928242234
superpoint_lightglue_upright_true_nfeat_8000_resize_1024;convmatch_outdoor_true_inlier_threshold_0.0;;;0.6496100071422333;0.8994467854499817;0.3575579524040222;0.10241024657491589;0.20158207045584967;0.34606130377253985;0.19154734202485277;0.3497008481768328;0.5330354534051797
superpoint_lightglue_upright_true_nfeat_8000_resize_1024;convmatch_outdoor_true_inlier_threshold_0.0;opencv_magsac_fundamental_matrix_th_1.0_conf_0.9999_max_iters_100000;;0.7403677529899387;0.9263103604316711;0.27846962213516235;0.12168532541473072;0.23752000169572515;0.38767275220113995;0.1993999229789035;0.3614282396712479;0.5461695457085625
superpoint_lightglue_upright_true_nfeat_8000_resize_1024;fcgnn;;;0.21715688810840447;0.965798556804657;0.8926669955253601;0.49703673525310876;0.644930237129475;0.758647824229296;0.5204948235305051;0.685767943099909;0.8063744549379992
superpoint_lightglue_upright_true_nfeat_8000_resize_1024;fcgnn;opencv_magsac_fundamental_matrix_th_1.0_conf_0.9999_max_iters_100000;;0.23841408935092448;0.9705603718757629;0.8742092847824097;0.5157973907093576;0.6651327807984131;0.7820388516581203;0.5121826423705402;0.6823992334810913;0.8043722975317579
superpoint_lightglue_upright_true_nfeat_8000_resize_1024;clnet_inlier_threshold_0.0001;;;0.1954993669090214;0.8944383859634399;0.8112516403198242;0.13934029759866556;0.2565699823340995;0.41645773410398607;0.312519560323704;0.5078236261536538;0.680240479100568
superpoint_lightglue_upright_true_nfeat_8000_resize_1024;clnet_inlier_threshold_0.0001;opencv_magsac_fundamental_matrix_th_1.0_conf_0.9999_max_iters_100000;;0.45288956126706703;0.9397480487823486;0.592838704586029;0.18610950132971693;0.31681467444503025;0.47367297668463104;0.35337572042313203;0.5525193905428057;0.7120426227719375
superpoint_lightglue_upright_true_nfeat_8000_resize_1024;ms2dgnet;;;0.7114603570242246;0.8988274931907654;0.29413142800331116;0.2021348396379672;0.343804698031532;0.5120051974402297;0.1751480606684475;0.33687307870223593;0.5233260696762061
superpoint_lightglue_upright_true_nfeat_8000_resize_1024;ms2dgnet;opencv_magsac_fundamental_matrix_th_1.0_conf_0.9999_max_iters_100000;;0.7962641981624391;0.9413173794746399;0.22194156050682068;0.18339337292490088;0.31006740867881605;0.47612873574694187;0.20182011788781554;0.37256584685085337;0.5648777211351295
superpoint_lightglue_upright_true_nfeat_8000_resize_1024;ncmnet_obj_geod_th_0.0001;;;0.16612535775716986;0.8943443298339844;0.8408949971199036;0.1502515376259867;0.27198091711348915;0.42826395914394516;0.3126410365850157;0.5135840630353434;0.6819423420214056
superpoint_lightglue_upright_true_nfeat_8000_resize_1024;ncmnet_obj_geod_th_0.0001;opencv_magsac_fundamental_matrix_th_1.0_conf_0.9999_max_iters_100000;;0.43429498353202817;0.9380037188529968;0.6136570572853088;0.19387686783260827;0.32750082478764364;0.4922868592497604;0.35017179514565755;0.5440178862944413;0.7052875246456358
superpoint_lightglue_upright_true_nfeat_8000_resize_1024;miho_duplex_max_iter_500;opencv_magsac_fundamental_matrix_th_0.75_conf_0.9999_max_iters_100000;;0.4549859923312476;0.9520099759101868;0.6038017272949219;0.3794941936331359;0.5481011179012967;0.702081592297327;0.4824713643246869;0.6593547286157114;0.7876135856730733
superpoint_lightglue_upright_true_nfeat_8000_resize_1024;miho_duplex_max_iter_500;nnc_subpix_true_w_10_w_big_none_ref_images_both_scales_5_angles_5;opencv_magsac_fundamental_matrix_th_0.75_conf_0.9999_max_iters_100000;0.2974797308454446;0.9673112630844116;0.8045800924301147;0.49788367432925573;0.6524767958916856;0.7744580162786581;0.5281897247598332;0.7043757214154341;0.8249527971967966
superpoint_lightglue_upright_true_nfeat_8000_resize_1024;miho_unduplex_max_iter_500;opencv_magsac_fundamental_matrix_th_0.75_conf_0.9999_max_iters_100000;;0.45725172734256625;0.9515339136123657;0.6010382175445557;0.3753474120976281;0.5457625239855648;0.6983606611557217;0.4854111722392373;0.6541436162851622;0.7822970327452782
superpoint_lightglue_upright_true_nfeat_8000_resize_1024;miho_unduplex_max_iter_500;nnc_subpix_true_w_10_w_big_none_ref_images_both_scales_5_angles_5;opencv_magsac_fundamental_matrix_th_0.75_conf_0.9999_max_iters_100000;0.30378763935149855;0.9657652974128723;0.7952315807342529;0.4993114709844172;0.6465472173432135;0.7639082538775703;0.5110112197221878;0.6835221563265794;0.8086076746037232
superpoint_lightglue_upright_true_nfeat_8000_resize_1024;miho_duplex_max_iter_1000;opencv_magsac_fundamental_matrix_th_0.75_conf_0.9999_max_iters_100000;;0.45483316572919436;0.9521798491477966;0.6042305827140808;0.3790466146880591;0.5488343471384967;0.7018755444248344;0.4791768836263171;0.6561142616475376;0.785876700722325
superpoint_lightglue_upright_true_nfeat_8000_resize_1024;miho_duplex_max_iter_1000;nnc_subpix_true_w_10_w_big_none_ref_images_both_scales_5_angles_5;opencv_magsac_fundamental_matrix_th_0.75_conf_0.9999_max_iters_100000;0.2970029579103822;0.9675867557525635;0.8053640723228455;0.4974723210950799;0.6520109678991131;0.7740016699125192;0.5339909412443735;0.7054158072569786;0.8245761415993451
superpoint_lightglue_upright_true_nfeat_8000_resize_1024;miho_unduplex_max_iter_1000;opencv_magsac_fundamental_matrix_th_0.75_conf_0.9999_max_iters_100000;;0.456988980297168;0.9521010518074036;0.6015827655792236;0.3726375652072211;0.5431599289114788;0.698714783262815;0.48381020783952755;0.6589629580081219;0.7881571856869133
superpoint_lightglue_upright_true_nfeat_8000_resize_1024;miho_unduplex_max_iter_1000;nnc_subpix_true_w_10_w_big_none_ref_images_both_scales_5_angles_5;opencv_magsac_fundamental_matrix_th_0.75_conf_0.9999_max_iters_100000;0.3035492947950056;0.9671473503112793;0.7960454225540161;0.4932429811115447;0.64222387659185;0.7596624212129717;0.5144664691738214;0.6862021498091193;0.8136081741275177
superpoint_lightglue_upright_true_nfeat_8000_resize_1024;miho_duplex_max_iter_1500;opencv_magsac_fundamental_matrix_th_0.75_conf_0.9999_max_iters_100000;;0.45474232543814425;0.9522569179534912;0.6043537259101868;0.3799928850832209;0.552576589005759;0.7058801102437042;0.48078648949372865;0.6575635221823981;0.7870363914119982
superpoint_lightglue_upright_true_nfeat_8000_resize_1024;miho_duplex_max_iter_1500;nnc_subpix_true_w_10_w_big_none_ref_images_both_scales_5_angles_5;opencv_magsac_fundamental_matrix_th_0.75_conf_0.9999_max_iters_100000;0.29703640640511786;0.9672275185585022;0.8048351407051086;0.5015095529433724;0.6535930591306391;0.7743148197944733;0.5248417287416746;0.6974294205686904;0.8190596766611156
superpoint_lightglue_upright_true_nfeat_8000_resize_1024;miho_unduplex_max_iter_1500;opencv_magsac_fundamental_matrix_th_0.75_conf_0.9999_max_iters_100000;;0.4564014485355882;0.9523395895957947;0.6024340987205505;0.3800458651196422;0.5480407735677627;0.6994851263215498;0.4832251019914202;0.6573744328195967;0.7896017461593094
superpoint_lightglue_upright_true_nfeat_8000_resize_1024;miho_unduplex_max_iter_1500;nnc_subpix_true_w_10_w_big_none_ref_images_both_scales_5_angles_5;opencv_magsac_fundamental_matrix_th_0.75_conf_0.9999_max_iters_100000;0.30322754530456664;0.9669474363327026;0.796546220779419;0.49761277775801493;0.6438464204057782;0.759750945967636;0.5188729700203558;0.6896777815276446;0.8135765362699378
superpoint_lightglue_upright_true_nfeat_8000_resize_1024;miho_duplex_max_iter_2000;opencv_magsac_fundamental_matrix_th_0.75_conf_0.9999_max_iters_100000;;0.4547055758870806;0.9521262645721436;0.6042736768722534;0.3785264957457598;0.5526241578297225;0.7067931182287117;0.4801795978893809;0.6564602997416961;0.7864458172271066
superpoint_lightglue_upright_true_nfeat_8000_resize_1024;miho_duplex_max_iter_2000;nnc_subpix_true_w_10_w_big_none_ref_images_both_scales_5_angles_5;opencv_magsac_fundamental_matrix_th_0.75_conf_0.9999_max_iters_100000;0.2970038825876211;0.9675950407981873;0.805199921131134;0.4980802927648894;0.6512768919653062;0.7739487210669727;0.5231469669933825;0.698406393732432;0.8191180959174602
superpoint_lightglue_upright_true_nfeat_8000_resize_1024;miho_unduplex_max_iter_2000;opencv_magsac_fundamental_matrix_th_0.75_conf_0.9999_max_iters_100000;;0.45652117126563524;0.9524422287940979;0.6023216247558594;0.37532934689986497;0.5422116784184025;0.6973567711903746;0.48356123703427245;0.6570753811373311;0.7869367684126816
superpoint_lightglue_upright_true_nfeat_8000_resize_1024;miho_unduplex_max_iter_2000;nnc_subpix_true_w_10_w_big_none_ref_images_both_scales_5_angles_5;opencv_magsac_fundamental_matrix_th_0.75_conf_0.9999_max_iters_100000;0.30334135626371017;0.9668347835540771;0.7960116267204285;0.4927812342928116;0.6391999903114383;0.756857687636999;0.5184458293794736;0.6934947232042405;0.815884020761778
superpoint_lightglue_upright_true_nfeat_8000_resize_1024;opencv_magsac_fundamental_matrix_th_0.75_conf_0.9999_max_iters_100000;;;0.454443438111507;0.9519219994544983;0.6044793128967285;0.38060746754247937;0.5534759863484457;0.7076068048549241;0.48699194431049364;0.6576795232658201;0.7841357108087038
superpoint_lightglue_upright_true_nfeat_8000_resize_1024;nnc_subpix_true_w_10_w_big_none_ref_images_both_scales_5_angles_5;opencv_magsac_fundamental_matrix_th_0.75_conf_0.9999_max_iters_100000;;0.44263836422530584;0.9306772947311401;0.6082452535629272;0.38870306523948384;0.5279627104026277;0.6581639818618027;0.4392692152813383;0.6076337252007538;0.7441641227395885
superpoint_lightglue_upright_true_nfeat_8000_resize_1024;gms;opencv_magsac_fundamental_matrix_th_0.75_conf_0.9999_max_iters_100000;;0.5792180294373287;0.8855140805244446;0.4614397883415222;0.3324625754487446;0.47897223727162797;0.6214782388867499;0.42857459125575204;0.595405880505108;0.7167805816242672
superpoint_lightglue_upright_true_nfeat_8000_resize_1024;oanet;opencv_magsac_fundamental_matrix_th_0.75_conf_0.9999_max_iters_100000;;0.9312324613340169;0.9142060279846191;0.07327187806367874;0.03637472752804123;0.0861474805578969;0.18224531892568033;0.05929760125296032;0.14650064782647493;0.309694200257851
superpoint_lightglue_upright_true_nfeat_8000_resize_1024;adalam_th_0.6400000000000001_scale_th_1.5_ori_th_30;opencv_magsac_fundamental_matrix_th_0.75_conf_0.9999_max_iters_100000;;0.454443438111507;0.9519219994544983;0.6044793128967285;0.38060746754247937;0.5534759863484457;0.7076068048549241;0.48699194431049364;0.6576795232658201;0.7841357108087038
superpoint_lightglue_upright_true_nfeat_8000_resize_1024;acne_outdoor_true;opencv_magsac_fundamental_matrix_th_0.75_conf_0.9999_max_iters_100000;;0.667399567460418;0.9474102854728699;0.36658352613449097;0.2173987657371838;0.3578120701895898;0.5136495489729908;0.3603908058371975;0.5478292615031765;0.7096180713170858
superpoint_lightglue_upright_true_nfeat_8000_resize_1024;consensusclustering_th_7_max_tanimoto_similarity_0.75_cluster_assignment_hard;opencv_magsac_fundamental_matrix_th_0.75_conf_0.9999_max_iters_100000;;0.5432563047439347;0.9003249406814575;0.5048143863677979;0.2640079761721312;0.40731612290909336;0.5529169540558361;0.40254347446657557;0.5793304724628985;0.7170048807652089
superpoint_lightglue_upright_true_nfeat_8000_resize_1024;dematch_outdoor_true_inlier_threshold_0.0;opencv_magsac_fundamental_matrix_th_0.75_conf_0.9999_max_iters_100000;;0.7824881967147148;0.9367468953132629;0.23572991788387299;0.11430723764083181;0.23274456629662196;0.38054246211921183;0.1896930983578516;0.3735046903588682;0.5700696585464653
superpoint_lightglue_upright_true_nfeat_8000_resize_1024;convmatch_outdoor_true_inlier_threshold_0.0;opencv_magsac_fundamental_matrix_th_0.75_conf_0.9999_max_iters_100000;;0.782258465469842;0.9324615001678467;0.2365218549966812;0.12430943410694026;0.23193661552321793;0.3780474714770662;0.2168519600310681;0.38753859890892794;0.5669365411764444
superpoint_lightglue_upright_true_nfeat_8000_resize_1024;fcgnn;opencv_magsac_fundamental_matrix_th_0.75_conf_0.9999_max_iters_100000;;0.25664444855641066;0.9722503423690796;0.8555173873901367;0.5164168885559732;0.666685071590438;0.7826746763211018;0.5145131560563293;0.6907706214230607;0.8101349525327809
superpoint_lightglue_upright_true_nfeat_8000_resize_1024;clnet_inlier_threshold_0.0001;opencv_magsac_fundamental_matrix_th_0.75_conf_0.9999_max_iters_100000;;0.5474549680006471;0.9479768872261047;0.49827840924263;0.1871272872201899;0.3275088007032618;0.4860685716792548;0.3610739726914335;0.5605774154750474;0.7190708722823973
superpoint_lightglue_upright_true_nfeat_8000_resize_1024;ms2dgnet;opencv_magsac_fundamental_matrix_th_0.75_conf_0.9999_max_iters_100000;;0.8292294321902282;0.9488309025764465;0.1887056529521942;0.17606446896563915;0.30810284041952235;0.4702865208436604;0.23185333074930825;0.41703888072899337;0.5999268322787278
superpoint_lightglue_upright_true_nfeat_8000_resize_1024;ncmnet_obj_geod_th_0.0001;opencv_magsac_fundamental_matrix_th_0.75_conf_0.9999_max_iters_100000;;0.5316635980204168;0.9459830522537231;0.5160084366798401;0.20012673348681798;0.3346130500650242;0.49280538848160776;0.355968402945914;0.5567324768518033;0.713647752352431
