pipe_module_0;pipe_module_1;pipe_module_2;pipe_module_3;filtered_of_1212;runtime_increment_from_0.811_s;F_precision;F_recall;F_AUC@5;F_AUC@10;F_AUC@20;E_AUC@5;E_AUC@10;E_AUC@20
keynetaffnethardnet_upright_true_th_0.99_nfeat_8000;;;;0.0;0.0;0.5563431978225708;1.0;0.0;0.0009483058398155758;0.006986241784669595;0.43368164567023;0.6053773407822767;0.739725257286832
keynetaffnethardnet_upright_true_th_0.99_nfeat_8000;miho_duplex_max_iter_500;;;0.3440298225010764;1.284194945876227;0.8055451512336731;0.9513285756111145;0.011754278355332158;0.030205692395399684;0.09312049824760346;0.4617482784434677;0.6292814186838778;0.7658181450845216
keynetaffnethardnet_upright_true_th_0.99_nfeat_8000;miho_duplex_max_iter_500;opencv_magsac_fundamental_matrix_th_1.0_conf_0.9999_max_iters_100000;;0.5666248281959131;1.2906217531935509;0.9378886818885803;0.7338889837265015;0.3754239743513485;0.5248017290478013;0.6559828959796212;0.4612966796124362;0.6379136730293741;0.7684372111642792
keynetaffnethardnet_upright_true_th_0.99_nfeat_8000;miho_duplex_max_iter_500;nnc_subpix_true_w_10_w_big_none_ref_images_both_scales_5_angles_5;;0.3440298225010764;1.6999355221324977;0.8116889595985413;0.9716970920562744;0.011258763784279948;0.030161789921749737;0.09170009770393855;0.4924929306692432;0.6633682586419541;0.7890514687138751
keynetaffnethardnet_upright_true_th_0.99_nfeat_8000;miho_duplex_max_iter_500;nnc_subpix_true_w_10_w_big_none_ref_images_both_scales_5_angles_5;opencv_magsac_fundamental_matrix_th_1.0_conf_0.9999_max_iters_100000;0.5127235471107547;1.7049250853430364;0.9472910165786743;0.8379048705101013;0.38710339407247035;0.5262736176180659;0.6592788792246704;0.4624298778576363;0.6432523595728317;0.7756973624316373
keynetaffnethardnet_upright_true_th_0.99_nfeat_8000;miho_unduplex_max_iter_500;;;0.3905575523160411;1.0869860455856069;0.8425580859184265;0.9179438948631287;0.03898036699462361;0.08056028255637399;0.1736202708298019;0.4385818483719425;0.6160070082925155;0.7472593544571575
keynetaffnethardnet_upright_true_th_0.99_nfeat_8000;miho_unduplex_max_iter_500;opencv_magsac_fundamental_matrix_th_1.0_conf_0.9999_max_iters_100000;;0.5723639521201939;1.092495138868769;0.9317976832389832;0.7167032957077026;0.37707680940094834;0.5139504004782386;0.6393881955473839;0.45919280905756465;0.6307870254117717;0.7607232825412508
keynetaffnethardnet_upright_true_th_0.99_nfeat_8000;miho_unduplex_max_iter_500;nnc_subpix_true_w_10_w_big_none_ref_images_both_scales_5_angles_5;;0.3905575523160411;1.4996832761724304;0.8477680683135986;0.9360812902450562;0.03681323313864277;0.07353544588899957;0.15917219722445505;0.4625895360017169;0.63784417129948;0.763284165918606
keynetaffnethardnet_upright_true_th_0.99_nfeat_8000;miho_unduplex_max_iter_500;nnc_subpix_true_w_10_w_big_none_ref_images_both_scales_5_angles_5;opencv_magsac_fundamental_matrix_th_1.0_conf_0.9999_max_iters_100000;0.5200544887130792;1.504133061802162;0.9391713738441467;0.815524160861969;0.39694298811934114;0.5291985489380054;0.6498279829574589;0.4600493059673859;0.6370253331066995;0.7657011022393425
keynetaffnethardnet_upright_true_th_0.99_nfeat_8000;miho_duplex_max_iter_1000;;;0.33670153513500156;2.277114342898658;0.800635576248169;0.9573243856430054;0.005182206031917087;0.02405021153754991;0.08097875550049316;0.4674039021231917;0.6404890912118097;0.7710156554704397
keynetaffnethardnet_upright_true_th_0.99_nfeat_8000;miho_duplex_max_iter_1000;opencv_magsac_fundamental_matrix_th_1.0_conf_0.9999_max_iters_100000;;0.5653204696345931;2.2839195310019003;0.9377796053886414;0.7369654774665833;0.37465067187441187;0.5162398325967829;0.6423349862345862;0.4603211397942221;0.6301406116045182;0.7604616488759546
keynetaffnethardnet_upright_true_th_0.99_nfeat_8000;miho_duplex_max_iter_1000;nnc_subpix_true_w_10_w_big_none_ref_images_both_scales_5_angles_5;;0.33670153513500156;2.6953602750220353;0.8077265620231628;0.9786215424537659;0.0072766672163042;0.02693770242372303;0.08166623509050834;0.4922316472071412;0.6612510326319112;0.7870708164832213
keynetaffnethardnet_upright_true_th_0.99_nfeat_8000;miho_duplex_max_iter_1000;nnc_subpix_true_w_10_w_big_none_ref_images_both_scales_5_angles_5;opencv_magsac_fundamental_matrix_th_1.0_conf_0.9999_max_iters_100000;0.5114150115857994;2.7004339404306332;0.9484028220176697;0.8428777456283569;0.4025664151713559;0.5405008077676403;0.6702277504200277;0.47459556630247207;0.6562014710410584;0.7854959154186137
keynetaffnethardnet_upright_true_th_0.99_nfeat_8000;miho_unduplex_max_iter_1000;;;0.38462725792241703;1.5487865596325587;0.8400101065635681;0.9258273243904114;0.0334800688669775;0.07586945101992575;0.1661215484730048;0.44729843708745626;0.6152679273994925;0.7483366216708728
keynetaffnethardnet_upright_true_th_0.99_nfeat_8000;miho_unduplex_max_iter_1000;opencv_magsac_fundamental_matrix_th_1.0_conf_0.9999_max_iters_100000;;0.5708723141081732;1.5539732895491007;0.9325133562088013;0.7211263179779053;0.37482405163663063;0.5211427062734646;0.6527945863100367;0.44888506404266;0.6234748400733798;0.7565632173169723
keynetaffnethardnet_upright_true_th_0.99_nfeat_8000;miho_unduplex_max_iter_1000;nnc_subpix_true_w_10_w_big_none_ref_images_both_scales_5_angles_5;;0.38462725792241703;1.9471524054866927;0.8456261157989502;0.9443854093551636;0.027062777232249313;0.06909058051600105;0.15753259727343855;0.47046247868953095;0.6447240602953466;0.7718212333343357
keynetaffnethardnet_upright_true_th_0.99_nfeat_8000;miho_unduplex_max_iter_1000;nnc_subpix_true_w_10_w_big_none_ref_images_both_scales_5_angles_5;opencv_magsac_fundamental_matrix_th_1.0_conf_0.9999_max_iters_100000;0.5182913046545027;1.9514583408966923;0.9422687292098999;0.8217676281929016;0.39670394680438087;0.5389537832526147;0.6657328041053419;0.46162135010649263;0.6431214800306788;0.7715528069170001
keynetaffnethardnet_upright_true_th_0.99_nfeat_8000;miho_duplex_max_iter_1500;;;0.33333958651269524;2.9491102033730137;0.7984017133712769;0.9596836566925049;0.008327553768272935;0.026513438174511704;0.08063595152808846;0.4685531249036038;0.6384753204641533;0.7689537326563048
keynetaffnethardnet_upright_true_th_0.99_nfeat_8000;miho_duplex_max_iter_1500;opencv_magsac_fundamental_matrix_th_1.0_conf_0.9999_max_iters_100000;;0.5648570282673475;2.9562233477405875;0.9386736750602722;0.7391199469566345;0.371238938486794;0.5136619542863642;0.6466099733907879;0.4617964987858459;0.6297978627451574;0.7593422687786726
keynetaffnethardnet_upright_true_th_0.99_nfeat_8000;miho_duplex_max_iter_1500;nnc_subpix_true_w_10_w_big_none_ref_images_both_scales_5_angles_5;;0.33333958651269524;3.3646016726028796;0.8057434558868408;0.9818872809410095;0.009366684126521804;0.029847414172312715;0.08256132159628021;0.48710819488631163;0.6623288611601639;0.7924240041620542
keynetaffnethardnet_upright_true_th_0.99_nfeat_8000;miho_duplex_max_iter_1500;nnc_subpix_true_w_10_w_big_none_ref_images_both_scales_5_angles_5;opencv_magsac_fundamental_matrix_th_1.0_conf_0.9999_max_iters_100000;0.5107442571133812;3.3697574780132937;0.9485162496566772;0.84493088722229;0.38689953669464117;0.5332205040221232;0.6617169647396264;0.4910718748356503;0.666781119290309;0.7913563359061829
keynetaffnethardnet_upright_true_th_0.99_nfeat_8000;miho_unduplex_max_iter_1500;;;0.38239183322818426;2.005218539891751;0.8388006091117859;0.9302259087562561;0.03081087797054121;0.07450082265581921;0.1609237051925778;0.4494168754303933;0.6254518260086257;0.7609094413464583
keynetaffnethardnet_upright_true_th_0.99_nfeat_8000;miho_unduplex_max_iter_1500;opencv_magsac_fundamental_matrix_th_1.0_conf_0.9999_max_iters_100000;;0.5700719589825526;2.0106105877088853;0.9327439665794373;0.7239158153533936;0.3695571350232278;0.5138509783416609;0.649503386170101;0.4495250522683939;0.6253243760706455;0.7577136018220264
keynetaffnethardnet_upright_true_th_0.99_nfeat_8000;miho_unduplex_max_iter_1500;nnc_subpix_true_w_10_w_big_none_ref_images_both_scales_5_angles_5;;0.38239183322818426;2.4290446621972785;0.8446186184883118;0.9494156837463379;0.030197909841707598;0.07044883066866985;0.1544301759078778;0.47387443099813725;0.6517464989176975;0.7744984640978669
keynetaffnethardnet_upright_true_th_0.99_nfeat_8000;miho_unduplex_max_iter_1500;nnc_subpix_true_w_10_w_big_none_ref_images_both_scales_5_angles_5;opencv_magsac_fundamental_matrix_th_1.0_conf_0.9999_max_iters_100000;0.516765541590414;2.4333391316572808;0.9418615102767944;0.8265376091003418;0.40013491613700725;0.5339723758335275;0.6629172998379408;0.4794072762182249;0.6534839796121443;0.7787036298684508
keynetaffnethardnet_upright_true_th_0.99_nfeat_8000;miho_duplex_max_iter_2000;;;0.3303834968024901;3.6949608135431014;0.7954486608505249;0.9631209373474121;0.007309267638917307;0.028412999821967773;0.08322496829179363;0.4680915260736242;0.6404014493403437;0.7703561928333231
keynetaffnethardnet_upright_true_th_0.99_nfeat_8000;miho_duplex_max_iter_2000;opencv_magsac_fundamental_matrix_th_1.0_conf_0.9999_max_iters_100000;;0.5641384008925766;3.7016093240321304;0.9379594922065735;0.7415803670883179;0.3660441508081921;0.5065273840660973;0.6458217575627258;0.46582648629702234;0.6407094556349732;0.7697200004035364
keynetaffnethardnet_upright_true_th_0.99_nfeat_8000;miho_duplex_max_iter_2000;nnc_subpix_true_w_10_w_big_none_ref_images_both_scales_5_angles_5;;0.3303834968024901;4.197514555126089;0.8025927543640137;0.9852631092071533;0.007246655031000772;0.02921681296419352;0.08222258551422565;0.49408095130516694;0.6656671985680417;0.7925254742611878
keynetaffnethardnet_upright_true_th_0.99_nfeat_8000;miho_duplex_max_iter_2000;nnc_subpix_true_w_10_w_big_none_ref_images_both_scales_5_angles_5;opencv_magsac_fundamental_matrix_th_1.0_conf_0.9999_max_iters_100000;0.5101382566546916;4.202637156701362;0.9483178853988647;0.8480026721954346;0.40669914819433883;0.5463573278934575;0.675765155979648;0.4950590238680378;0.6683555251414192;0.7919648015459149
keynetaffnethardnet_upright_true_th_0.99_nfeat_8000;miho_unduplex_max_iter_2000;;;0.380240055093636;2.4557525282017436;0.839123547077179;0.9336574077606201;0.03873561868027229;0.08249188255610096;0.17394960257609723;0.4540133189525026;0.6298773383354391;0.7570438830689383
keynetaffnethardnet_upright_true_th_0.99_nfeat_8000;miho_unduplex_max_iter_2000;opencv_magsac_fundamental_matrix_th_1.0_conf_0.9999_max_iters_100000;;0.5694238054165536;2.4612053707201555;0.9342675805091858;0.726680338382721;0.3762039548297998;0.5154926474409799;0.6484832369294693;0.45789490038085373;0.6350513126488487;0.7639451150833707
keynetaffnethardnet_upright_true_th_0.99_nfeat_8000;miho_unduplex_max_iter_2000;nnc_subpix_true_w_10_w_big_none_ref_images_both_scales_5_angles_5;;0.380240055093636;2.9422265617523267;0.8445025682449341;0.952320396900177;0.03739634869722756;0.08075202767197476;0.16835299348060268;0.4880266266774931;0.6575859041761184;0.7780789742336204
keynetaffnethardnet_upright_true_th_0.99_nfeat_8000;miho_unduplex_max_iter_2000;nnc_subpix_true_w_10_w_big_none_ref_images_both_scales_5_angles_5;opencv_magsac_fundamental_matrix_th_1.0_conf_0.9999_max_iters_100000;0.516655633154152;2.9465813453189074;0.942654550075531;0.8275953531265259;0.3818762749995428;0.5233614034680761;0.6537883096204682;0.46740537157757245;0.6461872387518092;0.7755662671341987
keynetaffnethardnet_upright_true_th_0.99_nfeat_8000;opencv_magsac_fundamental_matrix_th_1.0_conf_0.9999_max_iters_100000;;;0.5598780336575757;0.04489329523607544;0.9211129546165466;0.7400726079940796;0.30769101762401685;0.44160894549392093;0.5748596011007987;0.45240734814068134;0.6209606922423037;0.7598114971463962
keynetaffnethardnet_upright_true_th_0.99_nfeat_8000;nnc_subpix_true_w_10_w_big_none_ref_images_both_scales_5_angles_5;;;0.0;0.5606281987554749;0.5527483820915222;1.0011078119277954;0.0;0.0008648091976303397;0.006903270739960746;0.47126961018877755;0.6421060625668291;0.7685206534941302
keynetaffnethardnet_upright_true_th_0.99_nfeat_8000;nnc_subpix_true_w_10_w_big_none_ref_images_both_scales_5_angles_5;opencv_magsac_fundamental_matrix_th_1.0_conf_0.9999_max_iters_100000;;0.5259338939383171;0.5994974636558921;0.9274044632911682;0.8067094683647156;0.3208160388572742;0.44312717214270486;0.5634840359652215;0.45393133822745096;0.6307122485433945;0.7679927569179106
keynetaffnethardnet_upright_true_th_0.99_nfeat_8000;gms;;;0.5254553379887962;0.14329544450003096;0.8118898272514343;0.6865997910499573;0.08470533317628132;0.1628837013035395;0.2874816393448144;0.36395344307697325;0.52876870242117;0.6599327092218565
keynetaffnethardnet_upright_true_th_0.99_nfeat_8000;gms;opencv_magsac_fundamental_matrix_th_1.0_conf_0.9999_max_iters_100000;;0.6529907641458498;0.14743720049889353;0.8633261919021606;0.5426528453826904;0.325676733857684;0.4546776098024452;0.5752375250485248;0.38218016017403394;0.5338901029059463;0.6600698878900813
keynetaffnethardnet_upright_true_th_0.99_nfeat_8000;oanet;;;0.6837098339886712;0.06461031663635008;0.8969047665596008;0.5599929690361023;0.06289914864206095;0.14966465796693573;0.27199145492024485;0.3273832708473872;0.5086755844578289;0.6778113197889555
keynetaffnethardnet_upright_true_th_0.99_nfeat_8000;oanet;opencv_magsac_fundamental_matrix_th_1.0_conf_0.9999_max_iters_100000;;0.7510068107287289;0.06943315266807781;0.9454649090766907;0.4648711383342743;0.1602041283916332;0.2848131831300877;0.4407525144317764;0.3316119826749197;0.5157089524266445;0.6786341726049863
keynetaffnethardnet_upright_true_th_0.99_nfeat_8000;adalam_th_0.6400000000000001_scale_th_1.5_ori_th_30;;;0.942184288827157;0.00460784518324564;0.8943444490432739;0.08630616217851639;0.10682914480251307;0.18043892176835258;0.27407595367281623;0.17574411728881073;0.2906844608061179;0.4183589028331216
keynetaffnethardnet_upright_true_th_0.99_nfeat_8000;adalam_th_0.6400000000000001_scale_th_1.5_ori_th_30;opencv_magsac_fundamental_matrix_th_1.0_conf_0.9999_max_iters_100000;;0.9488893122270404;0.006461314982447286;0.7394218444824219;0.07635115832090378;0.12855204719042498;0.21718522550211058;0.3143856225085554;0.1716227878873445;0.29086837299828805;0.4137944628100304
keynetaffnethardnet_upright_true_th_0.99_nfeat_8000;acne_outdoor_true;;;0.4411515165148353;0.028661906326754805;0.882135272026062;0.8985097408294678;0.09195738466280064;0.22136263930068772;0.4199175450836936;0.4011015884287145;0.5908737520199169;0.7501440473967882
keynetaffnethardnet_upright_true_th_0.99_nfeat_8000;acne_outdoor_true;opencv_magsac_fundamental_matrix_th_1.0_conf_0.9999_max_iters_100000;;0.5835308820294641;0.03435091778765331;0.9496201276779175;0.7238932251930237;0.3033910597373313;0.46855427736005445;0.6263923399133501;0.43484043817568485;0.620139341789208;0.768970185587297
keynetaffnethardnet_upright_true_th_0.99_nfeat_8000;consensusclustering_th_7_max_tanimoto_similarity_0.75_cluster_assignment_hard;;;0.42684047547057463;3.7283270996038382;0.8812130689620972;0.883966326713562;0.10594564284696847;0.20029072756469107;0.33642674396182637;0.40013342927312745;0.5800169510126825;0.7281009192995958
keynetaffnethardnet_upright_true_th_0.99_nfeat_8000;consensusclustering_th_7_max_tanimoto_similarity_0.75_cluster_assignment_hard;opencv_magsac_fundamental_matrix_th_1.0_conf_0.9999_max_iters_100000;;0.5898929906634583;3.736784493066301;0.950922429561615;0.6983771324157715;0.32126051758620033;0.46531636137262333;0.609029749670223;0.4219105140659898;0.5990297318698588;0.7456351468406954
keynetaffnethardnet_upright_true_th_0.99_nfeat_8000;dematch_outdoor_true_inlier_threshold_0.0;;;0.514324184452729;0.24437551273513258;0.8794156908988953;0.8026622533798218;0.0958149274491352;0.18904605804900879;0.32071788638975696;0.33753953848678636;0.5303744924986108;0.6989874842759932
keynetaffnethardnet_upright_true_th_0.99_nfeat_8000;dematch_outdoor_true_inlier_threshold_0.0;opencv_magsac_fundamental_matrix_th_1.0_conf_0.9999_max_iters_100000;;0.64186724532333;0.25211733441115136;0.9479191899299622;0.635418713092804;0.22619962377574215;0.35437501190513326;0.5012233578129857;0.35991553901842854;0.5556764884813795;0.7208232930740657
keynetaffnethardnet_upright_true_th_0.99_nfeat_8000;convmatch_outdoor_true_inlier_threshold_0.0;;;0.5719227113845038;0.14655896249323663;0.8708516955375671;0.7485355734825134;0.11438592042075808;0.21841279232024413;0.3550397273293684;0.3605182589489607;0.5479764511431136;0.6958925179806873
keynetaffnethardnet_upright_true_th_0.99_nfeat_8000;convmatch_outdoor_true_inlier_threshold_0.0;opencv_magsac_fundamental_matrix_th_1.0_conf_0.9999_max_iters_100000;;0.6841708539014517;0.15268343052538835;0.9280117154121399;0.5943264961242676;0.22188039328896844;0.35701080898474247;0.49846569667988583;0.36727074306993857;0.5572940387676478;0.7108362039072752
keynetaffnethardnet_upright_true_th_0.99_nfeat_8000;fcgnn;;;0.5005790793238365;0.05107714774818528;0.9426519870758057;0.8418577313423157;0.14281901579446207;0.2484652560761266;0.40469339116609826;0.4808750136828879;0.6495953900692688;0.7772444917416113
keynetaffnethardnet_upright_true_th_0.99_nfeat_8000;fcgnn;opencv_magsac_fundamental_matrix_th_1.0_conf_0.9999_max_iters_100000;;0.531082054354254;0.05369759711303468;0.9664761424064636;0.8082812428474426;0.4508893363339482;0.5963923576469302;0.728564798004389;0.4662982689652445;0.6443833050298264;0.7752660929229734
keynetaffnethardnet_upright_true_th_0.99_nfeat_8000;clnet_inlier_threshold_0.0001;;;0.4621438455638391;0.06413125567122746;0.8724448680877686;0.8489883542060852;0.016082407508855017;0.03860770037901472;0.1239120641476876;0.3597764534515999;0.5556604266334232;0.7200720216830018
keynetaffnethardnet_upright_true_th_0.99_nfeat_8000;clnet_inlier_threshold_0.0001;opencv_magsac_fundamental_matrix_th_1.0_conf_0.9999_max_iters_100000;;0.6091833568415792;0.06924857303989418;0.9462543725967407;0.6690966486930847;0.20645191604777963;0.33723428998433247;0.4868488706227593;0.36066639476588175;0.554885299013714;0.7205904310819075
keynetaffnethardnet_upright_true_th_0.99_nfeat_8000;ms2dgnet;;;0.668960704878564;0.08591564543001118;0.786704421043396;0.5269757509231567;0.0;0.002162615427272073;0.009218930147189287;0.2996927137798558;0.4679505836870188;0.624099203441674
keynetaffnethardnet_upright_true_th_0.99_nfeat_8000;ms2dgnet;opencv_magsac_fundamental_matrix_th_1.0_conf_0.9999_max_iters_100000;;0.7771882388831809;0.0919851033205683;0.9051954746246338;0.41800254583358765;0.22904305642260886;0.3657034969717493;0.5203320705438932;0.2934496127000602;0.46537822706704157;0.6258960615070261
keynetaffnethardnet_upright_true_th_0.99_nfeat_8000;ncmnet_obj_geod_th_0.0001;;;0.4594987403209722;0.19778186023194233;0.8748015761375427;0.8584598898887634;0.018305904190888875;0.046709622784253606;0.12844871041168787;0.3638734515438694;0.5642549655911142;0.7279416529105401
keynetaffnethardnet_upright_true_th_0.99_nfeat_8000;ncmnet_obj_geod_th_0.0001;opencv_magsac_fundamental_matrix_th_1.0_conf_0.9999_max_iters_100000;;0.606766500942592;0.20273075548099495;0.9471455216407776;0.6767847537994385;0.214593414128387;0.3421919403232779;0.503034070313961;0.3559800237631109;0.5519200324489916;0.7187987970981351
keynetaffnethardnet_upright_true_th_0.99_nfeat_8000;miho_duplex_max_iter_500;opencv_magsac_fundamental_matrix_th_0.75_conf_0.9999_max_iters_100000;;0.621164374795535;1.2946329295679235;0.9451749324798584;0.6476007699966431;0.37587858363296817;0.524833692944652;0.6605432263713709;0.4549625861610517;0.6265651066152741;0.7628759924843889
keynetaffnethardnet_upright_true_th_0.99_nfeat_8000;miho_duplex_max_iter_500;nnc_subpix_true_w_10_w_big_none_ref_images_both_scales_5_angles_5;opencv_magsac_fundamental_matrix_th_0.75_conf_0.9999_max_iters_100000;0.5422440059547148;1.7062961551588232;0.9513153433799744;0.7895621657371521;0.39949224766396907;0.5414796458098062;0.6756375972372308;0.4717902108815074;0.6570489193651176;0.7840315897758858
keynetaffnethardnet_upright_true_th_0.99_nfeat_8000;miho_unduplex_max_iter_500;opencv_magsac_fundamental_matrix_th_0.75_conf_0.9999_max_iters_100000;;0.626204692752936;1.0943368498865054;0.9383069276809692;0.6322806477546692;0.38393393095267586;0.5209963629178462;0.6499280530172061;0.4612701937059712;0.6295176550266324;0.7583900830891367
keynetaffnethardnet_upright_true_th_0.99_nfeat_8000;miho_unduplex_max_iter_500;nnc_subpix_true_w_10_w_big_none_ref_images_both_scales_5_angles_5;opencv_magsac_fundamental_matrix_th_0.75_conf_0.9999_max_iters_100000;0.5488467011991002;1.5045518208839943;0.9437574744224548;0.7693434357643127;0.41149243582179845;0.5467831590934874;0.6652621711531169;0.4436462080275351;0.6246831269047203;0.7529509645546526
keynetaffnethardnet_upright_true_th_0.99_nfeat_8000;miho_duplex_max_iter_1000;opencv_magsac_fundamental_matrix_th_0.75_conf_0.9999_max_iters_100000;;0.6204672025601324;2.287754069987212;0.9455936551094055;0.6503320336341858;0.3920783359940798;0.5363778958936097;0.6609659586006807;0.45013228611945627;0.622931373654614;0.7541958966652466
keynetaffnethardnet_upright_true_th_0.99_nfeat_8000;miho_duplex_max_iter_1000;nnc_subpix_true_w_10_w_big_none_ref_images_both_scales_5_angles_5;opencv_magsac_fundamental_matrix_th_0.75_conf_0.9999_max_iters_100000;0.5409735321591809;2.7019462976984783;0.9537364840507507;0.7953037023544312;0.41500549259263175;0.5552975022317691;0.6825841843652103;0.48275168764871135;0.6569257237176329;0.7851978452134643
keynetaffnethardnet_upright_true_th_0.99_nfeat_8000;miho_unduplex_max_iter_1000;opencv_magsac_fundamental_matrix_th_0.75_conf_0.9999_max_iters_100000;;0.6251142145394903;1.5572541186565312;0.9394204020500183;0.635675847530365;0.38048052182819975;0.5242839198482804;0.6556718575865657;0.450435743139308;0.6262967550564955;0.7583878651406
keynetaffnethardnet_upright_true_th_0.99_nfeat_8000;miho_unduplex_max_iter_1000;nnc_subpix_true_w_10_w_big_none_ref_images_both_scales_5_angles_5;opencv_magsac_fundamental_matrix_th_0.75_conf_0.9999_max_iters_100000;0.546710590581329;1.9521114154418622;0.9455972909927368;0.7756748199462891;0.40712702408648094;0.5498085332686993;0.6761448877371429;0.47785463881250206;0.6537319411467782;0.7775693173917948
keynetaffnethardnet_upright_true_th_0.99_nfeat_8000;miho_duplex_max_iter_1500;opencv_magsac_fundamental_matrix_th_0.75_conf_0.9999_max_iters_100000;;0.6201016888969273;2.9601477779914402;0.9459049105644226;0.6519113183021545;0.38275365901128344;0.5260322233162442;0.6574736556801797;0.4599125541303434;0.6261321945080828;0.760329803311252
keynetaffnethardnet_upright_true_th_0.99_nfeat_8000;miho_duplex_max_iter_1500;nnc_subpix_true_w_10_w_big_none_ref_images_both_scales_5_angles_5;opencv_magsac_fundamental_matrix_th_0.75_conf_0.9999_max_iters_100000;0.5404858768012467;3.37126952740278;0.9534525275230408;0.7972131967544556;0.39051278361124914;0.5374813783359716;0.6708213706137292;0.48105397810917927;0.6527247828579658;0.7815307512042031
keynetaffnethardnet_upright_true_th_0.99_nfeat_8000;miho_unduplex_max_iter_1500;opencv_magsac_fundamental_matrix_th_0.75_conf_0.9999_max_iters_100000;;0.6241457612223626;2.0130440469853323;0.9393987655639648;0.6390645503997803;0.3834643834850792;0.5265507253046088;0.6568262277035162;0.4462373315010645;0.6235652200265367;0.758209353008478
keynetaffnethardnet_upright_true_th_0.99_nfeat_8000;miho_unduplex_max_iter_1500;nnc_subpix_true_w_10_w_big_none_ref_images_both_scales_5_angles_5;opencv_magsac_fundamental_matrix_th_0.75_conf_0.9999_max_iters_100000;0.5457104028382238;2.434211335106971;0.9457127451896667;0.7794764637947083;0.41678439363173825;0.555004881105637;0.6814196731992911;0.4650506605890718;0.6443281766811263;0.7728053158485506
keynetaffnethardnet_upright_true_th_0.99_nfeat_8000;miho_duplex_max_iter_2000;opencv_magsac_fundamental_matrix_th_0.75_conf_0.9999_max_iters_100000;;0.619778012630587;3.7063061804789816;0.9451318979263306;0.6531829237937927;0.3778356709133881;0.5219618291105375;0.6617538560388521;0.43765441437501257;0.6147137463207832;0.756309917569666
keynetaffnethardnet_upright_true_th_0.99_nfeat_8000;miho_duplex_max_iter_2000;nnc_subpix_true_w_10_w_big_none_ref_images_both_scales_5_angles_5;opencv_magsac_fundamental_matrix_th_0.75_conf_0.9999_max_iters_100000;0.5393637158201217;4.203925811096348;0.9532557129859924;0.8008382320404053;0.4097823074136315;0.5511606981175601;0.6826321211312365;0.48443576455955395;0.6593332139367392;0.7883532792462354
keynetaffnethardnet_upright_true_th_0.99_nfeat_8000;miho_unduplex_max_iter_2000;opencv_magsac_fundamental_matrix_th_0.75_conf_0.9999_max_iters_100000;;0.6236792736122373;2.4635335533395954;0.9412124156951904;0.6411339640617371;0.3875770532233283;0.5295864729995794;0.6619635981457562;0.4576248841363256;0.6307963993059531;0.7607623103664285
keynetaffnethardnet_upright_true_th_0.99_nfeat_8000;miho_unduplex_max_iter_2000;nnc_subpix_true_w_10_w_big_none_ref_images_both_scales_5_angles_5;opencv_magsac_fundamental_matrix_th_0.75_conf_0.9999_max_iters_100000;0.5451113334658952;2.9473430160904575;0.9464548826217651;0.7812371253967285;0.4014265388468682;0.5413460220950885;0.6702731251207121;0.47515349973121496;0.6515571372506168;0.7785006839680629
keynetaffnethardnet_upright_true_th_0.99_nfeat_8000;opencv_magsac_fundamental_matrix_th_0.75_conf_0.9999_max_iters_100000;;;0.6171925309098968;0.06369916732496161;0.9286462068557739;0.6486849188804626;0.32403691495499004;0.4550985890875901;0.5853268687847318;0.43868549808501045;0.6195316179122744;0.7598317238287876
keynetaffnethardnet_upright_true_th_0.99_nfeat_8000;nnc_subpix_true_w_10_w_big_none_ref_images_both_scales_5_angles_5;opencv_magsac_fundamental_matrix_th_0.75_conf_0.9999_max_iters_100000;;0.5646079942338562;0.6075716321270144;0.933495819568634;0.7444872856140137;0.34222524185374814;0.47510772390353245;0.5951438755368289;0.4392711122968578;0.6225774141950333;0.7645219512570031
keynetaffnethardnet_upright_true_th_0.99_nfeat_8000;gms;opencv_magsac_fundamental_matrix_th_0.75_conf_0.9999_max_iters_100000;;0.6950773610929145;0.1488115997299151;0.868912935256958;0.4811127185821533;0.3292586202173484;0.45485005608398676;0.572181349157585;0.39455148308175303;0.5518480212927324;0.6737584950014673
keynetaffnethardnet_upright_true_th_0.99_nfeat_8000;oanet;opencv_magsac_fundamental_matrix_th_0.75_conf_0.9999_max_iters_100000;;0.7816376508494426;0.07135896672955866;0.9509320259094238;0.41092172265052795;0.15552414865338732;0.2756539392987666;0.43412379980034943;0.3115459571944764;0.5060678625776589;0.6709797175229153
keynetaffnethardnet_upright_true_th_0.99_nfeat_8000;adalam_th_0.6400000000000001_scale_th_1.5_ori_th_30;opencv_magsac_fundamental_matrix_th_0.75_conf_0.9999_max_iters_100000;;0.9525316959653527;0.006401281123175284;0.7419228553771973;0.07159332931041718;0.13075234129818747;0.22278371243900946;0.3229609234363574;0.15690478595865942;0.2833114311635579;0.4116962732260336
keynetaffnethardnet_upright_true_th_0.99_nfeat_8000;acne_outdoor_true;opencv_magsac_fundamental_matrix_th_0.75_conf_0.9999_max_iters_100000;;0.6352825547893096;0.03602625842334928;0.956192672252655;0.6392284035682678;0.30674126220538067;0.4613083087890125;0.6135469207106526;0.4148412522930207;0.6063997384825421;0.7615293406395803
keynetaffnethardnet_upright_true_th_0.99_nfeat_8000;consensusclustering_th_7_max_tanimoto_similarity_0.75_cluster_assignment_hard;opencv_magsac_fundamental_matrix_th_0.75_conf_0.9999_max_iters_100000;;0.6403800817633519;3.738620968774401;0.9570238590240479;0.6172724366188049;0.3261148441785571;0.47043308770142006;0.6128387787005052;0.4062757469720933;0.5910041719145405;0.7428097970606526
keynetaffnethardnet_upright_true_th_0.99_nfeat_8000;dematch_outdoor_true_inlier_threshold_0.0;opencv_magsac_fundamental_matrix_th_0.75_conf_0.9999_max_iters_100000;;0.6870114569674244;0.2543680192160218;0.9538480639457703;0.5591865181922913;0.22855620761967788;0.3565138248140004;0.5012508730749217;0.3686197292338547;0.5630888186249232;0.7253979816777636
keynetaffnethardnet_upright_true_th_0.99_nfeat_8000;convmatch_outdoor_true_inlier_threshold_0.0;opencv_magsac_fundamental_matrix_th_0.75_conf_0.9999_max_iters_100000;;0.7239349645902342;0.15503089073938714;0.9341729283332825;0.5236830711364746;0.22317379352181402;0.3541011977402866;0.5010495156430588;0.36713114273606545;0.5478914100080183;0.6978064220898479
keynetaffnethardnet_upright_true_th_0.99_nfeat_8000;fcgnn;opencv_magsac_fundamental_matrix_th_0.75_conf_0.9999_max_iters_100000;;0.5447075775795838;0.05398655222571547;0.9687362909317017;0.7859296798706055;0.458513421371173;0.6051944660313515;0.7328139156017144;0.4811191470845503;0.6487098023143352;0.7725258901953463
keynetaffnethardnet_upright_true_th_0.99_nfeat_8000;clnet_inlier_threshold_0.0001;opencv_magsac_fundamental_matrix_th_0.75_conf_0.9999_max_iters_100000;;0.6578500521434059;0.07104302585320132;0.953481912612915;0.5911269187927246;0.20994579898969712;0.3493180567040703;0.5066591923932775;0.3638820854324071;0.5611697182568115;0.724165071984157
keynetaffnethardnet_upright_true_th_0.99_nfeat_8000;ms2dgnet;opencv_magsac_fundamental_matrix_th_0.75_conf_0.9999_max_iters_100000;;0.8040970098873556;0.09480319451129082;0.9107265472412109;0.3698349595069885;0.23220678791548327;0.37669504895967487;0.5290994004272903;0.28549675342375924;0.46666852720445284;0.6294359174441195
keynetaffnethardnet_upright_true_th_0.99_nfeat_8000;ncmnet_obj_geod_th_0.0001;opencv_magsac_fundamental_matrix_th_0.75_conf_0.9999_max_iters_100000;;0.6557931727528069;0.2046146195658194;0.9544091820716858;0.5978067517280579;0.20865141990038163;0.343687625377237;0.5032073948199403;0.3689630174467925;0.5607600336142889;0.7225646203442899
