pipe_module_0;pipe_module_1;pipe_module_2;pipe_module_3;filtered_of_168;runtime_increment_from_0.083_s;F_precision;F_recall;F_AUC@5;F_AUC@10;F_AUC@20;E_AUC@5;E_AUC@10;E_AUC@20
aliked_lightglue_upright_true_nfeat_8000_resize_1024_model_aliked-n16rot;;;;0.0;0.0;0.6488736271858215;0.9240888357162476;0.04844092582393824;0.11476438154827713;0.21292197759913956;0.12780746899077716;0.2620339181130107;0.4073359619732228
aliked_lightglue_upright_true_nfeat_8000_resize_1024_model_aliked-n16rot;miho_duplex_max_iter_500;;;0.11508503603964168;13.644279166939356;0.6478688716888428;0.8699448108673096;0.05472487087348872;0.12779646048364518;0.2287514792270732;0.1276901849879648;0.25905282551181635;0.4000260995790058
aliked_lightglue_upright_true_nfeat_8000_resize_1024_model_aliked-n16rot;miho_duplex_max_iter_500;opencv_magsac_fundamental_matrix_th_1.0_conf_0.9999_max_iters_100000;;0.3759909632921805;13.676594323055651;0.6767332553863525;0.6307409405708313;0.08585822036901196;0.18298582741102706;0.30136986905024543;0.12777837343046125;0.2628898006187939;0.4020904806542481
aliked_lightglue_upright_true_nfeat_8000_resize_1024_model_aliked-n16rot;miho_duplex_max_iter_500;nnc_subpix_true_w_10_w_big_none_ref_images_both_scales_5_angles_5;;0.11508503603964168;15.807989462900736;0.6225564479827881;0.8556481003761292;0.027135883742719757;0.07189869799848439;0.16565667340582751;0.13433303402066843;0.27299138528437517;0.41130885717640037
aliked_lightglue_upright_true_nfeat_8000_resize_1024_model_aliked-n16rot;miho_duplex_max_iter_500;nnc_subpix_true_w_10_w_big_none_ref_images_both_scales_5_angles_5;opencv_magsac_fundamental_matrix_th_1.0_conf_0.9999_max_iters_100000;0.3975726210146278;15.845597407038834;0.6726368069648743;0.6155766844749451;0.08934714089368916;0.1901709585112989;0.30437107947277264;0.12799928869625116;0.2606239440721763;0.3977417328603552
aliked_lightglue_upright_true_nfeat_8000_resize_1024_model_aliked-n16rot;miho_unduplex_max_iter_500;;;0.18408236107662238;18.949356925891298;0.6426267623901367;0.8142113089561462;0.05454807862888813;0.12756655477559617;0.2286440691693365;0.12289793934680145;0.25294764840609574;0.39134888030267195
aliked_lightglue_upright_true_nfeat_8000_resize_1024_model_aliked-n16rot;miho_unduplex_max_iter_500;opencv_magsac_fundamental_matrix_th_1.0_conf_0.9999_max_iters_100000;;0.4135411891970924;18.97828487021759;0.6673381328582764;0.5998194813728333;0.08075572365294315;0.18176582947360126;0.29910123427686824;0.12020706280437636;0.26021121511824996;0.4030326254364354
aliked_lightglue_upright_true_nfeat_8000_resize_1024_model_aliked-n16rot;miho_unduplex_max_iter_500;nnc_subpix_true_w_10_w_big_none_ref_images_both_scales_5_angles_5;;0.18408236107662238;20.994465194645134;0.6163744330406189;0.7972772717475891;0.023831176113402908;0.06847082584039288;0.15084053502200342;0.13295608002740725;0.26518695081312527;0.39995181905605326
aliked_lightglue_upright_true_nfeat_8000_resize_1024_model_aliked-n16rot;miho_unduplex_max_iter_500;nnc_subpix_true_w_10_w_big_none_ref_images_both_scales_5_angles_5;opencv_magsac_fundamental_matrix_th_1.0_conf_0.9999_max_iters_100000;0.43347732654080545;21.0286607235915;0.6625741124153137;0.5846242904663086;0.07949527498425968;0.1720635688959165;0.28099197653438457;0.12798622883281097;0.2597589028120679;0.39750210163479754
aliked_lightglue_upright_true_nfeat_8000_resize_1024_model_aliked-n16rot;miho_duplex_max_iter_1000;;;0.11422306636344581;24.432622968969763;0.6475858688354492;0.8689000606536865;0.052293275057998245;0.12708525709064095;0.22685969995709074;0.12957790866393076;0.26108964592497574;0.3998920675728799
aliked_lightglue_upright_true_nfeat_8000_resize_1024_model_aliked-n16rot;miho_duplex_max_iter_1000;opencv_magsac_fundamental_matrix_th_1.0_conf_0.9999_max_iters_100000;;0.37546160045763416;24.46454261785636;0.6769688129425049;0.6315780282020569;0.08472121445208003;0.18387386908766776;0.303080547782696;0.12687128961735505;0.26311974959823264;0.4062674638941518
aliked_lightglue_upright_true_nfeat_8000_resize_1024_model_aliked-n16rot;miho_duplex_max_iter_1000;nnc_subpix_true_w_10_w_big_none_ref_images_both_scales_5_angles_5;;0.11422306636344581;26.606519874808193;0.6231582760810852;0.8576458096504211;0.02439500334682391;0.06664739268123446;0.1610766486554662;0.13479115940634762;0.2766202188955353;0.41722349313350354
aliked_lightglue_upright_true_nfeat_8000_resize_1024_model_aliked-n16rot;miho_duplex_max_iter_1000;nnc_subpix_true_w_10_w_big_none_ref_images_both_scales_5_angles_5;opencv_magsac_fundamental_matrix_th_1.0_conf_0.9999_max_iters_100000;0.39861366694548755;26.64794391905852;0.6722913980484009;0.6101136207580566;0.08532589317504626;0.18664923845713172;0.30036933321851855;0.12533720372656004;0.2590698497232794;0.3978789199976405
aliked_lightglue_upright_true_nfeat_8000_resize_1024_model_aliked-n16rot;miho_unduplex_max_iter_1000;;;0.17879498573589428;34.817420686125544;0.642797589302063;0.8188095688819885;0.05274491322270258;0.12659136594917084;0.2307256328940647;0.12184305052540449;0.25424597743475;0.3921622276346261
aliked_lightglue_upright_true_nfeat_8000_resize_1024_model_aliked-n16rot;miho_unduplex_max_iter_1000;opencv_magsac_fundamental_matrix_th_1.0_conf_0.9999_max_iters_100000;;0.41224779348816604;34.84698498000557;0.6672122478485107;0.6005650162696838;0.08327083604058608;0.1795147501052434;0.29615079324816096;0.11752157802347662;0.25600687919641363;0.39710275203983214
aliked_lightglue_upright_true_nfeat_8000_resize_1024_model_aliked-n16rot;miho_unduplex_max_iter_1000;nnc_subpix_true_w_10_w_big_none_ref_images_both_scales_5_angles_5;;0.17879498573589428;36.89497604485184;0.6165669560432434;0.8022305369377136;0.02283006753290994;0.06575170625432215;0.14235975881171442;0.12946823408134628;0.25904081276209323;0.3946414746747046
aliked_lightglue_upright_true_nfeat_8000_resize_1024_model_aliked-n16rot;miho_unduplex_max_iter_1000;nnc_subpix_true_w_10_w_big_none_ref_images_both_scales_5_angles_5;opencv_magsac_fundamental_matrix_th_1.0_conf_0.9999_max_iters_100000;0.43138912057562584;36.92987942989248;0.6639758348464966;0.5871456861495972;0.08005091108372284;0.1740700116846065;0.2830791819728535;0.11973828623017421;0.2470608788821523;0.38924151301306104
aliked_lightglue_upright_true_nfeat_8000_resize_1024_model_aliked-n16rot;miho_duplex_max_iter_1500;;;0.11151820803131644;33.70854365803774;0.6471178531646729;0.8709685802459717;0.05204645578710754;0.12731255236750946;0.22684182323547586;0.129412402189163;0.2616192687861217;0.3999740513205249
aliked_lightglue_upright_true_nfeat_8000_resize_1024_model_aliked-n16rot;miho_duplex_max_iter_1500;opencv_magsac_fundamental_matrix_th_1.0_conf_0.9999_max_iters_100000;;0.3749725717666156;33.74120166945894;0.6759182810783386;0.6297698616981506;0.08396393607874093;0.18410082702185315;0.30290420151393616;0.12274578769997282;0.26010432823924085;0.40357118646082224
aliked_lightglue_upright_true_nfeat_8000_resize_1024_model_aliked-n16rot;miho_duplex_max_iter_1500;nnc_subpix_true_w_10_w_big_none_ref_images_both_scales_5_angles_5;;0.11151820803131644;35.92867761788292;0.6223227381706238;0.857475757598877;0.02537665058596573;0.06870982608674461;0.159768586197567;0.13753658183396955;0.2789251937124753;0.4203641906584088
aliked_lightglue_upright_true_nfeat_8000_resize_1024_model_aliked-n16rot;miho_duplex_max_iter_1500;nnc_subpix_true_w_10_w_big_none_ref_images_both_scales_5_angles_5;opencv_magsac_fundamental_matrix_th_1.0_conf_0.9999_max_iters_100000;0.39756331582931875;35.969195931579264;0.6716106534004211;0.6107164621353149;0.0880123411418986;0.18813931682884943;0.30185753202352805;0.12290538339435944;0.2576423100380621;0.3969830229541558
aliked_lightglue_upright_true_nfeat_8000_resize_1024_model_aliked-n16rot;miho_unduplex_max_iter_1500;;;0.17693576114078602;47.81947689900898;0.6431403756141663;0.8215701580047607;0.05354523983591308;0.12897652124000333;0.23275560178511673;0.12245668137401326;0.2577448043864607;0.39551073587891644
aliked_lightglue_upright_true_nfeat_8000_resize_1024_model_aliked-n16rot;miho_unduplex_max_iter_1500;opencv_magsac_fundamental_matrix_th_1.0_conf_0.9999_max_iters_100000;;0.4105468833127849;47.84897226428858;0.6670129895210266;0.6031277775764465;0.08108485394556286;0.17850936813804869;0.2946304223538763;0.12000944709476266;0.2501971583204471;0.38887653988083104
aliked_lightglue_upright_true_nfeat_8000_resize_1024_model_aliked-n16rot;miho_unduplex_max_iter_1500;nnc_subpix_true_w_10_w_big_none_ref_images_both_scales_5_angles_5;;0.17693576114078602;49.90436811447904;0.6171875596046448;0.8053299784660339;0.02561497596285156;0.06922704755599995;0.1516153757092408;0.13841981242062892;0.2682384841530546;0.40153989702413284
aliked_lightglue_upright_true_nfeat_8000_resize_1024_model_aliked-n16rot;miho_unduplex_max_iter_1500;nnc_subpix_true_w_10_w_big_none_ref_images_both_scales_5_angles_5;opencv_magsac_fundamental_matrix_th_1.0_conf_0.9999_max_iters_100000;0.43034331700808554;49.938664166514336;0.6645868420600891;0.5908825993537903;0.07927450173510016;0.1783248611322777;0.2930307119196248;0.12305585105915211;0.259217836775741;0.3989360922719436
aliked_lightglue_upright_true_nfeat_8000_resize_1024_model_aliked-n16rot;miho_duplex_max_iter_2000;;;0.1115849049895124;43.37532181733927;0.6471773982048035;0.8706889748573303;0.053017074835176314;0.12753553439480797;0.22753555277042228;0.12553882799781477;0.2567140441260837;0.39607394957522035
aliked_lightglue_upright_true_nfeat_8000_resize_1024_model_aliked-n16rot;miho_duplex_max_iter_2000;opencv_magsac_fundamental_matrix_th_1.0_conf_0.9999_max_iters_100000;;0.37511102976392247;43.40844704088227;0.6761793494224548;0.6297515630722046;0.08544091549173229;0.18575304480838767;0.30637675499710804;0.12173137553742186;0.25961493348931597;0.40418978502543534
aliked_lightglue_upright_true_nfeat_8000_resize_1024_model_aliked-n16rot;miho_duplex_max_iter_2000;nnc_subpix_true_w_10_w_big_none_ref_images_both_scales_5_angles_5;;0.1115849049895124;46.222803085061635;0.6224491596221924;0.8577495813369751;0.025736981635764506;0.06979438979090116;0.15945305486879519;0.13406758334124583;0.27429352544624497;0.4199934472728243
aliked_lightglue_upright_true_nfeat_8000_resize_1024_model_aliked-n16rot;miho_duplex_max_iter_2000;nnc_subpix_true_w_10_w_big_none_ref_images_both_scales_5_angles_5;opencv_magsac_fundamental_matrix_th_1.0_conf_0.9999_max_iters_100000;0.39748625709933383;46.26301439236026;0.6717122197151184;0.6106892824172974;0.08539531582666311;0.18419346040171133;0.29636647736518007;0.12312634259472706;0.2562781749791474;0.3927375830624817
aliked_lightglue_upright_true_nfeat_8000_resize_1024_model_aliked-n16rot;miho_unduplex_max_iter_2000;;;0.17705947701760819;59.114453850306774;0.642777144908905;0.8206344842910767;0.05064230022967926;0.12586698022598805;0.23060725027107748;0.11955164454871772;0.255274755264414;0.3967531950811506
aliked_lightglue_upright_true_nfeat_8000_resize_1024_model_aliked-n16rot;miho_unduplex_max_iter_2000;opencv_magsac_fundamental_matrix_th_1.0_conf_0.9999_max_iters_100000;;0.4113619820957087;59.14404492879103;0.6669018268585205;0.6018807888031006;0.07876296950914655;0.17517981466137514;0.2922889906461286;0.12028991946189582;0.24929842109348255;0.39123693461059633
aliked_lightglue_upright_true_nfeat_8000_resize_1024_model_aliked-n16rot;miho_unduplex_max_iter_2000;nnc_subpix_true_w_10_w_big_none_ref_images_both_scales_5_angles_5;;0.17705947701760819;61.77509360414604;0.6169658899307251;0.8044094443321228;0.024276552510736554;0.06617400431344637;0.14848054848920333;0.13814823367656495;0.2662599397842097;0.400300574833276
aliked_lightglue_upright_true_nfeat_8000_resize_1024_model_aliked-n16rot;miho_unduplex_max_iter_2000;nnc_subpix_true_w_10_w_big_none_ref_images_both_scales_5_angles_5;opencv_magsac_fundamental_matrix_th_1.0_conf_0.9999_max_iters_100000;0.4308465578904282;61.80886646435496;0.6638016700744629;0.5876967906951904;0.07901418458881386;0.1770952520094978;0.2925681546344888;0.12044344344285936;0.25462078692501;0.3956188212607197
aliked_lightglue_upright_true_nfeat_8000_resize_1024_model_aliked-n16rot;opencv_magsac_fundamental_matrix_th_1.0_conf_0.9999_max_iters_100000;;;0.3306871605975513;0.03703843057850631;0.6788486242294312;0.6531500816345215;0.08474533007951086;0.1849918681730572;0.30518361222583495;0.1260058293823773;0.2629749329593998;0.40526286746266055
aliked_lightglue_upright_true_nfeat_8000_resize_1024_model_aliked-n16rot;nnc_subpix_true_w_10_w_big_none_ref_images_both_scales_5_angles_5;;;0.0;2.90422838769977;0.6081353425979614;0.8895502090454102;0.020372482764184425;0.058538353080408924;0.13892627180695957;0.108168540367922;0.22644613965318258;0.3636946171870704
aliked_lightglue_upright_true_nfeat_8000_resize_1024_model_aliked-n16rot;nnc_subpix_true_w_10_w_big_none_ref_images_both_scales_5_angles_5;opencv_magsac_fundamental_matrix_th_1.0_conf_0.9999_max_iters_100000;;0.4006689326586762;2.993158917041027;0.6687732934951782;0.5908757448196411;0.06901631337685074;0.15178031908913692;0.25562163028421764;0.11297503067501122;0.22888325445704094;0.36845886909351766
aliked_lightglue_upright_true_nfeat_8000_resize_1024_model_aliked-n16rot;gms;;;0.5321150393160228;0.6378107110553206;0.6457996964454651;0.4708162248134613;0.02720973638149745;0.07930461822463612;0.16011085014138443;0.0702701856022703;0.14818931006426792;0.2508377474092838
aliked_lightglue_upright_true_nfeat_8000_resize_1024_model_aliked-n16rot;gms;opencv_magsac_fundamental_matrix_th_1.0_conf_0.9999_max_iters_100000;;0.6329708255241328;0.6604891454437609;0.6166437864303589;0.3704601228237152;0.04053855745496755;0.09851466522170416;0.18360840342787688;0.06950049478989304;0.14951230354147596;0.25402244410558467
aliked_lightglue_upright_true_nfeat_8000_resize_1024_model_aliked-n16rot;oanet;;;0.8798642356645783;0.5216691251835017;0.6617735624313354;0.10558801144361496;0.006613414595727509;0.017982307446258967;0.05903841694641002;0.011429300366825886;0.040726654499769345;0.1079617580913536
aliked_lightglue_upright_true_nfeat_8000_resize_1024_model_aliked-n16rot;oanet;opencv_magsac_fundamental_matrix_th_1.0_conf_0.9999_max_iters_100000;;0.9260891889146409;0.5302088844232575;0.5340927243232727;0.07231786847114563;0.006998176233697573;0.01815234646251152;0.05715587044435917;0.013469021551818455;0.04049270583333013;0.10442710910498673
aliked_lightglue_upright_true_nfeat_8000_resize_1024_model_aliked-n16rot;adalam_th_0.6400000000000001_scale_th_1.5_ori_th_30;;;0.0;0.01108442668230114;0.6488736271858215;0.9240888357162476;0.04844092582393824;0.11476438154827713;0.21292197759913956;0.12780746899077716;0.2620339181130107;0.4073359619732228
aliked_lightglue_upright_true_nfeat_8000_resize_1024_model_aliked-n16rot;adalam_th_0.6400000000000001_scale_th_1.5_ori_th_30;opencv_magsac_fundamental_matrix_th_1.0_conf_0.9999_max_iters_100000;;0.3306871605975513;0.048645631241546194;0.6788486242294312;0.6531500816345215;0.08474533007951086;0.1849918681730572;0.30518361222583495;0.1260058293823773;0.2629749329593998;0.40526286746266055
aliked_lightglue_upright_true_nfeat_8000_resize_1024_model_aliked-n16rot;acne_outdoor_false;;;0.4299438610506571;0.11722961892958939;0.6691108345985413;0.5391437411308289;0.029151808044976996;0.08625038583344351;0.18415276807280692;0.07154451518075795;0.1717856230497123;0.3008267125969886
aliked_lightglue_upright_true_nfeat_8000_resize_1024_model_aliked-n16rot;acne_outdoor_false;opencv_magsac_fundamental_matrix_th_1.0_conf_0.9999_max_iters_100000;;0.582844568212958;0.13991908263201447;0.6764463782310486;0.4111671447753906;0.048595802123141914;0.11324608408167125;0.2124151396915067;0.07996545268076372;0.18476410542672966;0.31240768392869206
aliked_lightglue_upright_true_nfeat_8000_resize_1024_model_aliked-n16rot;consensusclustering_th_7_max_tanimoto_similarity_0.75_cluster_assignment_hard;;;0.34634495524409176;15.943577789570018;0.5357910990715027;0.5978277325630188;0.03833633793382381;0.09713595534628884;0.18552427492127796;0.08490090430048948;0.18229791038393936;0.28849797258351434
aliked_lightglue_upright_true_nfeat_8000_resize_1024_model_aliked-n16rot;consensusclustering_th_7_max_tanimoto_similarity_0.75_cluster_assignment_hard;opencv_magsac_fundamental_matrix_th_1.0_conf_0.9999_max_iters_100000;;0.5483683326767442;15.969758261800244;0.5468243956565857;0.4361973702907562;0.0562061090774484;0.11587930798828376;0.20592158367289612;0.08901175428572237;0.19016295568584943;0.2943056152830307
aliked_lightglue_upright_true_nfeat_8000_resize_1024_model_aliked-n16rot;dematch_outdoor_false_inlier_threshold_0.0;;;0.6789585657128976;2.0418577573420498;0.6618965864181519;0.30664288997650146;0.010690898303825164;0.03253306267486171;0.09020920691996662;0.03616749645461172;0.09996497815799948;0.19320896513806965
aliked_lightglue_upright_true_nfeat_8000_resize_1024_model_aliked-n16rot;dematch_outdoor_false_inlier_threshold_0.0;opencv_magsac_fundamental_matrix_th_1.0_conf_0.9999_max_iters_100000;;0.7604253955678906;2.059821269180032;0.6378815174102783;0.2426961213350296;0.01764114768607349;0.04646015750569865;0.1048291487915399;0.031323215621935144;0.0924850500998686;0.19697962112170542
aliked_lightglue_upright_true_nfeat_8000_resize_1024_model_aliked-n16rot;convmatch_outdoor_false_inlier_threshold_0.0;;;0.6594062804206514;1.3085088159160194;0.675809383392334;0.3340141177177429;0.013016344978601291;0.0509208629795499;0.13315939827315465;0.05308933072081016;0.13023842928199236;0.24532353473181803
aliked_lightglue_upright_true_nfeat_8000_resize_1024_model_aliked-n16rot;convmatch_outdoor_false_inlier_threshold_0.0;opencv_magsac_fundamental_matrix_th_1.0_conf_0.9999_max_iters_100000;;0.7507500424955998;1.3241086939525282;0.6426292061805725;0.2588385343551636;0.021237721635755862;0.06837500568265645;0.14432951004242717;0.056136843434717434;0.13600081520638052;0.24499308230762634
aliked_lightglue_upright_true_nfeat_8000_resize_1024_model_aliked-n16rot;fcgnn;;;0.32142380027706235;0.19441600032417083;0.6995283365249634;0.6586913466453552;0.07226229963662123;0.1599117650607762;0.2674206277778109;0.12238456276033167;0.2516174763846058;0.3873938106983714
aliked_lightglue_upright_true_nfeat_8000_resize_1024_model_aliked-n16rot;fcgnn;opencv_magsac_fundamental_matrix_th_1.0_conf_0.9999_max_iters_100000;;0.40128685800918584;0.21041501710325416;0.7016270160675049;0.5998276472091675;0.08213740911747756;0.1805141826090092;0.2946298161532096;0.12866858162010464;0.2561827892657239;0.39659920739435284
aliked_lightglue_upright_true_nfeat_8000_resize_1024_model_aliked-n16rot;clnet_inlier_threshold_0.0001;;;0.4713397937588733;0.12816216022587867;0.6767547726631165;0.49919283390045166;0.019598783231278477;0.04714918241430575;0.11232472320962819;0.06392375703342108;0.1544747163554161;0.26740981860015556
aliked_lightglue_upright_true_nfeat_8000_resize_1024_model_aliked-n16rot;clnet_inlier_threshold_0.0001;opencv_magsac_fundamental_matrix_th_1.0_conf_0.9999_max_iters_100000;;0.602832593589384;0.1510148469476411;0.6406235098838806;0.3914005160331726;0.02817684114387044;0.075036531166462;0.1538145464198703;0.06699754159623207;0.15466548019804022;0.26009567311148746
aliked_lightglue_upright_true_nfeat_8000_resize_1024_model_aliked-n16rot;ms2dgnet;;;0.5922156656899431;0.5907654619045033;0.6752575039863586;0.3578774333000183;0.022574918129914606;0.05528600236277559;0.13032116326379845;0.04460953007556561;0.1071156994440855;0.197657812787924
aliked_lightglue_upright_true_nfeat_8000_resize_1024_model_aliked-n16rot;ms2dgnet;opencv_magsac_fundamental_matrix_th_1.0_conf_0.9999_max_iters_100000;;0.6934963493753609;0.6105602000904853;0.6799962520599365;0.28029975295066833;0.03218547258964882;0.07040037192710699;0.14490747929733183;0.0434694216717821;0.0992569845014113;0.19191241792380717
aliked_lightglue_upright_true_nfeat_8000_resize_1024_model_aliked-n16rot;ncmnet_obj_geod_th_0.0001;;;0.44346278692939145;1.5102257035000495;0.6762129068374634;0.5283722281455994;0.020381559908410528;0.05437969154586667;0.12037033980998865;0.07035518402477033;0.15882983754972788;0.27772695662270797
aliked_lightglue_upright_true_nfeat_8000_resize_1024_model_aliked-n16rot;ncmnet_obj_geod_th_0.0001;opencv_magsac_fundamental_matrix_th_1.0_conf_0.9999_max_iters_100000;;0.581746341041301;1.529923172397472;0.6438394784927368;0.4138929843902588;0.03295071092296659;0.0807677108663782;0.158151328992568;0.06645219816915038;0.14770491289829132;0.2602147348051883
aliked_lightglue_upright_true_nfeat_8000_resize_1024_model_aliked-n16rot;miho_duplex_max_iter_500;opencv_magsac_fundamental_matrix_th_0.75_conf_0.9999_max_iters_100000;;0.4480485137988835;13.702581004367335;0.6776413321495056;0.5570836663246155;0.08877112460053019;0.18773602061942773;0.30469997214075606;0.12761545613200256;0.2630251444379545;0.40706654847557494
aliked_lightglue_upright_true_nfeat_8000_resize_1024_model_aliked-n16rot;miho_duplex_max_iter_500;nnc_subpix_true_w_10_w_big_none_ref_images_both_scales_5_angles_5;opencv_magsac_fundamental_matrix_th_0.75_conf_0.9999_max_iters_100000;0.448050829440933;15.87696168193984;0.674080491065979;0.5642845630645752;0.0845720819707546;0.18906830069328062;0.30382312098240677;0.12991921069833218;0.26242947467689104;0.4023149368758821
aliked_lightglue_upright_true_nfeat_8000_resize_1024_model_aliked-n16rot;miho_unduplex_max_iter_500;opencv_magsac_fundamental_matrix_th_0.75_conf_0.9999_max_iters_100000;;0.4822195748040258;19.003659313303924;0.6667672991752625;0.5275938510894775;0.08488842695941176;0.18236991922513007;0.2945736220293954;0.12706609485393877;0.25776902255447903;0.3979664122442028
aliked_lightglue_upright_true_nfeat_8000_resize_1024_model_aliked-n16rot;miho_unduplex_max_iter_500;nnc_subpix_true_w_10_w_big_none_ref_images_both_scales_5_angles_5;opencv_magsac_fundamental_matrix_th_0.75_conf_0.9999_max_iters_100000;0.47995229508180715;21.05561372628266;0.6625176668167114;0.5361786484718323;0.08350248860913373;0.17629186760241727;0.2846142371545286;0.12375343445235787;0.257430141322239;0.393739431441296
aliked_lightglue_upright_true_nfeat_8000_resize_1024_model_aliked-n16rot;miho_duplex_max_iter_1000;opencv_magsac_fundamental_matrix_th_0.75_conf_0.9999_max_iters_100000;;0.44729279307693315;24.49397488990822;0.6778799295425415;0.5586699843406677;0.09145652734671421;0.188829881520234;0.3028380451779023;0.12455344350032078;0.25940792670555685;0.4026493651431033
aliked_lightglue_upright_true_nfeat_8000_resize_1024_model_aliked-n16rot;miho_duplex_max_iter_1000;nnc_subpix_true_w_10_w_big_none_ref_images_both_scales_5_angles_5;opencv_magsac_fundamental_matrix_th_0.75_conf_0.9999_max_iters_100000;0.44874537362362926;26.682261215076764;0.6736758351325989;0.5586583018302917;0.08907617788275055;0.1984023080547403;0.31355617522312357;0.1295627943678091;0.2652453707886306;0.405182467638734
aliked_lightglue_upright_true_nfeat_8000_resize_1024_model_aliked-n16rot;miho_unduplex_max_iter_1000;opencv_magsac_fundamental_matrix_th_0.75_conf_0.9999_max_iters_100000;;0.48071859234320863;34.86971519436022;0.6675813794136047;0.5292376279830933;0.08468108322281073;0.18201119564741625;0.2975281871489165;0.12982221767489524;0.2588438279275805;0.39794968191444735
aliked_lightglue_upright_true_nfeat_8000_resize_1024_model_aliked-n16rot;miho_unduplex_max_iter_1000;nnc_subpix_true_w_10_w_big_none_ref_images_both_scales_5_angles_5;opencv_magsac_fundamental_matrix_th_0.75_conf_0.9999_max_iters_100000;0.4790279227454842;36.96152685652661;0.6632175445556641;0.5370011329650879;0.07982773013956355;0.17223791533309055;0.28541009935782313;0.11499339488540727;0.2515113427969891;0.3936920917483935
aliked_lightglue_upright_true_nfeat_8000_resize_1024_model_aliked-n16rot;miho_duplex_max_iter_1500;opencv_magsac_fundamental_matrix_th_0.75_conf_0.9999_max_iters_100000;;0.44607344895597895;33.76951792698854;0.6763355135917664;0.5567650198936462;0.0897693758904918;0.18682103398435196;0.3005130323872193;0.12602921496461283;0.25748987171441035;0.40067812027655336
aliked_lightglue_upright_true_nfeat_8000_resize_1024_model_aliked-n16rot;miho_duplex_max_iter_1500;nnc_subpix_true_w_10_w_big_none_ref_images_both_scales_5_angles_5;opencv_magsac_fundamental_matrix_th_0.75_conf_0.9999_max_iters_100000;0.4473221460092648;36.004557152295696;0.6718801856040955;0.5575414896011353;0.08738595698657811;0.19383810951950975;0.30694156529063726;0.1323609506291817;0.26538488918518277;0.4073625732348692
aliked_lightglue_upright_true_nfeat_8000_resize_1024_model_aliked-n16rot;miho_unduplex_max_iter_1500;opencv_magsac_fundamental_matrix_th_0.75_conf_0.9999_max_iters_100000;;0.47958153760048716;47.872436892480685;0.6677471399307251;0.5317787528038025;0.08296916253395838;0.18024760076083776;0.2974053052019375;0.12371548558132035;0.25251351884400786;0.3915080768744153
aliked_lightglue_upright_true_nfeat_8000_resize_1024_model_aliked-n16rot;miho_unduplex_max_iter_1500;nnc_subpix_true_w_10_w_big_none_ref_images_both_scales_5_angles_5;opencv_magsac_fundamental_matrix_th_0.75_conf_0.9999_max_iters_100000;0.4782019215707845;49.96936692843861;0.6648123264312744;0.5412301421165466;0.07975060999301811;0.1758659378665383;0.2893671493196676;0.12386655012601207;0.26103789994405024;0.3991357762479747
aliked_lightglue_upright_true_nfeat_8000_resize_1024_model_aliked-n16rot;miho_duplex_max_iter_2000;opencv_magsac_fundamental_matrix_th_0.75_conf_0.9999_max_iters_100000;;0.44583153464882935;43.435668097313396;0.67649245262146;0.5569090247154236;0.08879228044640275;0.1878222648123022;0.3046353563863359;0.12421386282578964;0.25737485404922933;0.4014615806992651
aliked_lightglue_upright_true_nfeat_8000_resize_1024_model_aliked-n16rot;miho_duplex_max_iter_2000;nnc_subpix_true_w_10_w_big_none_ref_images_both_scales_5_angles_5;opencv_magsac_fundamental_matrix_th_0.75_conf_0.9999_max_iters_100000;0.4476143182629058;46.29830699886988;0.6718332171440125;0.557939350605011;0.09080896224191595;0.19573286999084555;0.3078833627949086;0.1336700844009105;0.26819303720972476;0.40507974530257257
aliked_lightglue_upright_true_nfeat_8000_resize_1024_model_aliked-n16rot;miho_unduplex_max_iter_2000;opencv_magsac_fundamental_matrix_th_0.75_conf_0.9999_max_iters_100000;;0.4798340038500305;59.167530232528776;0.6680794358253479;0.531044602394104;0.08274579423810022;0.1782986223445855;0.29480571990987;0.1217930025374796;0.25433728064696165;0.3930555050323659
aliked_lightglue_upright_true_nfeat_8000_resize_1024_model_aliked-n16rot;miho_unduplex_max_iter_2000;nnc_subpix_true_w_10_w_big_none_ref_images_both_scales_5_angles_5;opencv_magsac_fundamental_matrix_th_0.75_conf_0.9999_max_iters_100000;0.47789011937253045;61.837752155249774;0.6637203097343445;0.5380133986473083;0.07961684802173159;0.17615518207643793;0.2911701323234556;0.12313303400479847;0.2595290027492353;0.39635339399704084
aliked_lightglue_upright_true_nfeat_8000_resize_1024_model_aliked-n16rot;opencv_magsac_fundamental_matrix_th_0.75_conf_0.9999_max_iters_100000;;;0.4039697124729893;0.07092174383577765;0.6789020299911499;0.5772139430046082;0.09193416427560294;0.19049086746332167;0.3096987982015868;0.12787341710811914;0.2638902791891755;0.411547625364965
aliked_lightglue_upright_true_nfeat_8000_resize_1024_model_aliked-n16rot;nnc_subpix_true_w_10_w_big_none_ref_images_both_scales_5_angles_5;opencv_magsac_fundamental_matrix_th_0.75_conf_0.9999_max_iters_100000;;0.4567315567564198;3.067563226700538;0.6679080128669739;0.5297908186912537;0.06888272062815191;0.15508818669870306;0.2607121339487789;0.11094578962350912;0.2306698804383151;0.3646594818254535
aliked_lightglue_upright_true_nfeat_8000_resize_1024_model_aliked-n16rot;gms;opencv_magsac_fundamental_matrix_th_0.75_conf_0.9999_max_iters_100000;;0.6695957486512187;0.6681534863535878;0.617418110370636;0.3331143260002136;0.04031013844242584;0.10244868747341267;0.18725808244844058;0.07412015198066918;0.1558248826414818;0.259144007140559
aliked_lightglue_upright_true_nfeat_8000_resize_1024_model_aliked-n16rot;oanet;opencv_magsac_fundamental_matrix_th_0.75_conf_0.9999_max_iters_100000;;0.9291128005445386;0.5312336627457968;0.5336050391197205;0.06904052197933197;0.005838138370692964;0.01490466145605825;0.0562142299607523;0.016278862778851953;0.045453920815744946;0.11272466002455403
aliked_lightglue_upright_true_nfeat_8000_resize_1024_model_aliked-n16rot;adalam_th_0.6400000000000001_scale_th_1.5_ori_th_30;opencv_magsac_fundamental_matrix_th_0.75_conf_0.9999_max_iters_100000;;0.4039697124729893;0.08215287745500044;0.6789020299911499;0.5772139430046082;0.09193416427560294;0.19049086746332167;0.3096987982015868;0.12787341710811914;0.2638902791891755;0.411547625364965
aliked_lightglue_upright_true_nfeat_8000_resize_1024_model_aliked-n16rot;acne_outdoor_false;opencv_magsac_fundamental_matrix_th_0.75_conf_0.9999_max_iters_100000;;0.620734303319099;0.14612945197577054;0.6767939329147339;0.37277358770370483;0.046803593005176516;0.10755503021261434;0.2126778243321902;0.08188809013582483;0.17952721897135765;0.310578119098428
aliked_lightglue_upright_true_nfeat_8000_resize_1024_model_aliked-n16rot;consensusclustering_th_7_max_tanimoto_similarity_0.75_cluster_assignment_hard;opencv_magsac_fundamental_matrix_th_0.75_conf_0.9999_max_iters_100000;;0.5928067313265738;15.986038236404216;0.5468199849128723;0.3884774446487427;0.05424677172484153;0.11643466105574227;0.20503302171501275;0.0851709259604849;0.1817939088582296;0.2905403148493612
aliked_lightglue_upright_true_nfeat_8000_resize_1024_model_aliked-n16rot;dematch_outdoor_false_inlier_threshold_0.0;opencv_magsac_fundamental_matrix_th_0.75_conf_0.9999_max_iters_100000;;0.7802934527989246;2.066378711855918;0.6386458873748779;0.2226012796163559;0.019185678921088044;0.04982829329204659;0.1061762486008426;0.03790978083444831;0.09910834881344291;0.1927751632734372
aliked_lightglue_upright_true_nfeat_8000_resize_1024_model_aliked-n16rot;convmatch_outdoor_false_inlier_threshold_0.0;opencv_magsac_fundamental_matrix_th_0.75_conf_0.9999_max_iters_100000;;0.7713520979466348;1.3285843387913339;0.6435763239860535;0.2370758056640625;0.026584334908732042;0.07080107689035603;0.14490105961686478;0.05201196406512508;0.127015835364401;0.2377633092796136
aliked_lightglue_upright_true_nfeat_8000_resize_1024_model_aliked-n16rot;fcgnn;opencv_magsac_fundamental_matrix_th_0.75_conf_0.9999_max_iters_100000;;0.42722963273881565;0.21298677903360663;0.7019878029823303;0.5722941160202026;0.08600187772505162;0.18221096826374955;0.2962682081640923;0.12798372430098395;0.25656361564815305;0.393039747195181
aliked_lightglue_upright_true_nfeat_8000_resize_1024_model_aliked-n16rot;clnet_inlier_threshold_0.0001;opencv_magsac_fundamental_matrix_th_0.75_conf_0.9999_max_iters_100000;;0.6392471245942358;0.15920483568820787;0.641305148601532;0.3539212942123413;0.03036655739333794;0.08225879574250003;0.163074765258002;0.06155617865985471;0.14726219763613896;0.2527318047621102
aliked_lightglue_upright_true_nfeat_8000_resize_1024_model_aliked-n16rot;ms2dgnet;opencv_magsac_fundamental_matrix_th_0.75_conf_0.9999_max_iters_100000;;0.7136908524340692;0.614655697987927;0.6795088052749634;0.260387122631073;0.024567785563277746;0.06646275829894577;0.1412968529513067;0.0458065090441818;0.10487303205584089;0.18910588275592616
aliked_lightglue_upright_true_nfeat_8000_resize_1024_model_aliked-n16rot;ncmnet_obj_geod_th_0.0001;opencv_magsac_fundamental_matrix_th_0.75_conf_0.9999_max_iters_100000;;0.621273251682964;1.53674695449258;0.6443039774894714;0.3727934658527374;0.032888205612206074;0.07712040144002183;0.15292948386694016;0.06812028147388569;0.16015407585603722;0.2708367090246626
