pipe_module_0;pipe_module_1;pipe_module_2;pipe_module_3;filtered_of_401;F_precision;F_recall;F_AUC@5;F_AUC@10;F_AUC@20;E_AUC@5;E_AUC@10;E_AUC@20
sift_upright_true_rootsift_true_th_0.95_nfeat_8000;;;;0.0;0.24826104938983917;0.9919111132621765;0.0;0.0009998077808074611;0.004841952811369338;0.08831560027543726;0.1970358101741143;0.3251999611727297
sift_upright_true_rootsift_true_th_0.95_nfeat_8000;miho_duplex_max_iter_500;;;0.6260655172820664;0.4606555998325348;0.7076202630996704;0.0015241730320461287;0.0066605433249251125;0.030400276682183158;0.1176966812376929;0.2466600020186632;0.38263438372578784
sift_upright_true_rootsift_true_th_0.95_nfeat_8000;miho_duplex_max_iter_500;opencv_magsac_fundamental_matrix_th_1.0_conf_0.9999_max_iters_100000;;0.8023065547644325;0.5920402407646179;0.46630334854125977;0.0850787048513912;0.1734427075110639;0.2811353129549334;0.11765959522026473;0.23850074090741397;0.37065930910216327
sift_upright_true_rootsift_true_th_0.95_nfeat_8000;miho_duplex_max_iter_500;nnc_subpix_true_w_10_w_big_none_ref_images_both_scales_5_angles_5;;0.6260655172820664;0.4575859010219574;0.7109310030937195;0.0021680638158501856;0.006938301553684567;0.03142656044739819;0.11661215385153567;0.24256508141585081;0.37152934441176455
sift_upright_true_rootsift_true_th_0.95_nfeat_8000;miho_duplex_max_iter_500;nnc_subpix_true_w_10_w_big_none_ref_images_both_scales_5_angles_5;opencv_magsac_fundamental_matrix_th_1.0_conf_0.9999_max_iters_100000;0.7950221107323959;0.5909853577613831;0.48237770795822144;0.08450751393183722;0.17913672617173262;0.2864145654110448;0.11852353395426551;0.23857166210598096;0.3747539067061025
sift_upright_true_rootsift_true_th_0.95_nfeat_8000;miho_unduplex_max_iter_500;;;0.7204570067522472;0.5119012594223022;0.5842828750610352;0.006523043978503262;0.022135054851771994;0.0624269508804083;0.10558499256347029;0.2259021256466495;0.35298753406248806
sift_upright_true_rootsift_true_th_0.95_nfeat_8000;miho_unduplex_max_iter_500;opencv_magsac_fundamental_matrix_th_1.0_conf_0.9999_max_iters_100000;;0.8204928887097188;0.5709418654441833;0.4137846529483795;0.07754150155566687;0.16084664639421842;0.25835730574529003;0.10537005787954143;0.21367843411267726;0.3411062670651265
sift_upright_true_rootsift_true_th_0.95_nfeat_8000;miho_unduplex_max_iter_500;nnc_subpix_true_w_10_w_big_none_ref_images_both_scales_5_angles_5;;0.7204570067522472;0.5075843334197998;0.5826410055160522;0.006259013033787136;0.018357317694887368;0.05492823248965428;0.11620722946993738;0.2304031808313815;0.35379196612345754
sift_upright_true_rootsift_true_th_0.95_nfeat_8000;miho_unduplex_max_iter_500;nnc_subpix_true_w_10_w_big_none_ref_images_both_scales_5_angles_5;opencv_magsac_fundamental_matrix_th_1.0_conf_0.9999_max_iters_100000;0.8127471670972145;0.5713657736778259;0.43088313937187195;0.07304182626444006;0.16613256697967285;0.26313377182223335;0.10626266236927369;0.22158970811001244;0.3498275433126384
sift_upright_true_rootsift_true_th_0.95_nfeat_8000;miho_duplex_max_iter_1000;;;0.6109962176569249;0.4537826180458069;0.7275493144989014;0.001214328289229716;0.004976574845966095;0.025730618513504583;0.11829524127159899;0.2518256625059491;0.389066206591402
sift_upright_true_rootsift_true_th_0.95_nfeat_8000;miho_duplex_max_iter_1000;opencv_magsac_fundamental_matrix_th_1.0_conf_0.9999_max_iters_100000;;0.799779496912898;0.5920897722244263;0.4736419916152954;0.07876729118964183;0.1673964144647629;0.2774635786014423;0.12200168747877604;0.2350963122176116;0.3649654639747356
sift_upright_true_rootsift_true_th_0.95_nfeat_8000;miho_duplex_max_iter_1000;nnc_subpix_true_w_10_w_big_none_ref_images_both_scales_5_angles_5;;0.6109962176569249;0.45128950476646423;0.7313912510871887;0.001956473860848975;0.005891901094487745;0.025684774701763453;0.12073449576506468;0.2503030777222474;0.38511459892875466
sift_upright_true_rootsift_true_th_0.95_nfeat_8000;miho_duplex_max_iter_1000;nnc_subpix_true_w_10_w_big_none_ref_images_both_scales_5_angles_5;opencv_magsac_fundamental_matrix_th_1.0_conf_0.9999_max_iters_100000;0.7925788934498308;0.5921885371208191;0.4891606867313385;0.07970797833144001;0.1774839647460102;0.29078348010635685;0.1190282156857718;0.2403503873626341;0.3737504026833737
sift_upright_true_rootsift_true_th_0.95_nfeat_8000;miho_unduplex_max_iter_1000;;;0.713473276153487;0.5158028602600098;0.6028921604156494;0.007201659177730535;0.018917601864630273;0.058005625835658894;0.10851887718060649;0.22267284200425044;0.3502380120531118
sift_upright_true_rootsift_true_th_0.95_nfeat_8000;miho_unduplex_max_iter_1000;opencv_magsac_fundamental_matrix_th_1.0_conf_0.9999_max_iters_100000;;0.8180151051391804;0.5792442560195923;0.42560699582099915;0.0827473508698631;0.17020723509803534;0.2740741258243684;0.1153326655478166;0.23338300855589086;0.3610630582893638
sift_upright_true_rootsift_true_th_0.95_nfeat_8000;miho_unduplex_max_iter_1000;nnc_subpix_true_w_10_w_big_none_ref_images_both_scales_5_angles_5;;0.713473276153487;0.5113437175750732;0.6009337306022644;0.007603767743375822;0.01809350401620861;0.056774481446998606;0.1181491925164524;0.2355178890971661;0.3586327444141416
sift_upright_true_rootsift_true_th_0.95_nfeat_8000;miho_unduplex_max_iter_1000;nnc_subpix_true_w_10_w_big_none_ref_images_both_scales_5_angles_5;opencv_magsac_fundamental_matrix_th_1.0_conf_0.9999_max_iters_100000;0.8097026386055947;0.5780853033065796;0.442192941904068;0.08074151433411396;0.16922123069662337;0.26608842428535956;0.11803982040253178;0.23766874541451494;0.3651356372432448
sift_upright_true_rootsift_true_th_0.95_nfeat_8000;miho_duplex_max_iter_1500;;;0.6017413739377749;0.45059719681739807;0.7389435172080994;0.0010051687088155395;0.005480131736539014;0.029584992463451663;0.1281844612101782;0.25312547945733044;0.3890910681853398
sift_upright_true_rootsift_true_th_0.95_nfeat_8000;miho_duplex_max_iter_1500;opencv_magsac_fundamental_matrix_th_1.0_conf_0.9999_max_iters_100000;;0.7985713313300787;0.5966352224349976;0.4780731499195099;0.08814067016261122;0.18869112755059664;0.30220091265285964;0.12888714680429125;0.2599487099098715;0.3903888021579049
sift_upright_true_rootsift_true_th_0.95_nfeat_8000;miho_duplex_max_iter_1500;nnc_subpix_true_w_10_w_big_none_ref_images_both_scales_5_angles_5;;0.6017413739377749;0.4479176700115204;0.7420409917831421;0.0011513599089974826;0.004778259975302974;0.02839803924892864;0.12087088247143843;0.24245807208557307;0.37583214100591544
sift_upright_true_rootsift_true_th_0.95_nfeat_8000;miho_duplex_max_iter_1500;nnc_subpix_true_w_10_w_big_none_ref_images_both_scales_5_angles_5;opencv_magsac_fundamental_matrix_th_1.0_conf_0.9999_max_iters_100000;0.7911104226360505;0.5923007726669312;0.4909815192222595;0.0803193217137895;0.17952520956704135;0.29475027176741575;0.11763940748100372;0.24576926323896023;0.37854490779083544
sift_upright_true_rootsift_true_th_0.95_nfeat_8000;miho_unduplex_max_iter_1500;;;0.711375011900767;0.5212822556495667;0.6114555597305298;0.007545123908866772;0.026330846838967515;0.06786279731558756;0.11531044842257872;0.2356909278893211;0.36511275681959643
sift_upright_true_rootsift_true_th_0.95_nfeat_8000;miho_unduplex_max_iter_1500;opencv_magsac_fundamental_matrix_th_1.0_conf_0.9999_max_iters_100000;;0.816623596588696;0.5830350518226624;0.4304754137992859;0.08304489810827687;0.17633331514361844;0.28006692493517465;0.1124064280637029;0.2337831290921172;0.3620481488085564
sift_upright_true_rootsift_true_th_0.95_nfeat_8000;miho_unduplex_max_iter_1500;nnc_subpix_true_w_10_w_big_none_ref_images_both_scales_5_angles_5;;0.711375011900767;0.5171336531639099;0.6093874573707581;0.006366195976116965;0.023106014414066785;0.06666845750872766;0.11127512564871003;0.23351603048419914;0.35852648674745446
sift_upright_true_rootsift_true_th_0.95_nfeat_8000;miho_unduplex_max_iter_1500;nnc_subpix_true_w_10_w_big_none_ref_images_both_scales_5_angles_5;opencv_magsac_fundamental_matrix_th_1.0_conf_0.9999_max_iters_100000;0.8082531875972768;0.5838750600814819;0.44961604475975037;0.08167602592178322;0.17326637056929767;0.281339335353591;0.1268900623773825;0.24753512433916075;0.3755338739578411
sift_upright_true_rootsift_true_th_0.95_nfeat_8000;miho_duplex_max_iter_2000;;;0.5963523535153699;0.4459688365459442;0.7430543303489685;0.000707431543928691;0.004636622337237712;0.025599237637326622;0.11831688692510163;0.24902489490142887;0.3873722272083168
sift_upright_true_rootsift_true_th_0.95_nfeat_8000;miho_duplex_max_iter_2000;opencv_magsac_fundamental_matrix_th_1.0_conf_0.9999_max_iters_100000;;0.7980504627932928;0.5956821441650391;0.47992220520973206;0.08202982844345914;0.1772320285717332;0.2800836426325451;0.12387243578988494;0.24952342413408757;0.3855109129116666
sift_upright_true_rootsift_true_th_0.95_nfeat_8000;miho_duplex_max_iter_2000;nnc_subpix_true_w_10_w_big_none_ref_images_both_scales_5_angles_5;;0.5963523535153699;0.4444763958454132;0.7486879825592041;0.0007319594749520808;0.004317287792111523;0.025467643032990418;0.1307760198436902;0.2532975830403525;0.39047989398601746
sift_upright_true_rootsift_true_th_0.95_nfeat_8000;miho_duplex_max_iter_2000;nnc_subpix_true_w_10_w_big_none_ref_images_both_scales_5_angles_5;opencv_magsac_fundamental_matrix_th_1.0_conf_0.9999_max_iters_100000;0.7900406235188194;0.5925334692001343;0.4946300685405731;0.08022732813766904;0.17420582728965275;0.2831216328368381;0.12472001968701948;0.2508032989143459;0.38323140830599733
sift_upright_true_rootsift_true_th_0.95_nfeat_8000;miho_unduplex_max_iter_2000;;;0.708987520758536;0.5218189358711243;0.6158111691474915;0.006079850944992681;0.021023337718353973;0.06343410001190863;0.10773897398419338;0.232721869460784;0.3692366385951422
sift_upright_true_rootsift_true_th_0.95_nfeat_8000;miho_unduplex_max_iter_2000;opencv_magsac_fundamental_matrix_th_1.0_conf_0.9999_max_iters_100000;;0.8158408696635491;0.5863943696022034;0.4335716962814331;0.0836113627354266;0.1747094975121637;0.27442394213400795;0.11464363837003955;0.2388615899145256;0.36487105255149394
sift_upright_true_rootsift_true_th_0.95_nfeat_8000;miho_unduplex_max_iter_2000;nnc_subpix_true_w_10_w_big_none_ref_images_both_scales_5_angles_5;;0.708987520758536;0.5180850625038147;0.6144275665283203;0.005562603107613016;0.021465039985035583;0.06565309519492654;0.1160874376120127;0.24043081613773182;0.36775160450254996
sift_upright_true_rootsift_true_th_0.95_nfeat_8000;miho_unduplex_max_iter_2000;nnc_subpix_true_w_10_w_big_none_ref_images_both_scales_5_angles_5;opencv_magsac_fundamental_matrix_th_1.0_conf_0.9999_max_iters_100000;0.8072850545186819;0.5874185562133789;0.4534473717212677;0.08456607469174467;0.1790982899719712;0.2863392366361854;0.12360696565555909;0.24371551545499193;0.3700644615291035
sift_upright_true_rootsift_true_th_0.95_nfeat_8000;opencv_magsac_fundamental_matrix_th_1.0_conf_0.9999_max_iters_100000;;;0.7854103808351307;0.5519704818725586;0.4605809152126312;0.05931414201927839;0.14280328636836215;0.2476678098933481;0.10767579395249113;0.2227231968122399;0.35122935385980114
sift_upright_true_rootsift_true_th_0.95_nfeat_8000;nnc_subpix_true_w_10_w_big_none_ref_images_both_scales_5_angles_5;;;0.0;0.24540376663208008;1.0028661489486694;0.0;0.0009844363743165664;0.00473876277130708;0.10178450154877909;0.21168503763385654;0.3297917536079832
sift_upright_true_rootsift_true_th_0.95_nfeat_8000;nnc_subpix_true_w_10_w_big_none_ref_images_both_scales_5_angles_5;opencv_magsac_fundamental_matrix_th_1.0_conf_0.9999_max_iters_100000;;0.7871780173668173;0.5497108101844788;0.4619408845901489;0.057652104696404194;0.13066954430448713;0.23070885136179758;0.10642149803674616;0.22416593010861113;0.35596233853339077
sift_upright_true_rootsift_true_th_0.95_nfeat_8000;gms;;;0.8717069724766372;0.5198584794998169;0.2555106282234192;0.009882169218976434;0.03304463091641546;0.07361829033652609;0.044115764936588496;0.10831204285278692;0.1897179942661237
sift_upright_true_rootsift_true_th_0.95_nfeat_8000;gms;opencv_magsac_fundamental_matrix_th_1.0_conf_0.9999_max_iters_100000;;0.8995785785306977;0.4792911410331726;0.20545269548892975;0.031563496301743064;0.07976765331926745;0.13895128253312658;0.042898889601774355;0.10535003386319908;0.1882590555258254
sift_upright_true_rootsift_true_th_0.95_nfeat_8000;oanet;;;0.8063139278832606;0.6041774153709412;0.5020479559898376;0.03331145387976198;0.09562647313329724;0.20055781772453835;0.10490032363073314;0.22243879107190642;0.3572068060288541
sift_upright_true_rootsift_true_th_0.95_nfeat_8000;oanet;opencv_magsac_fundamental_matrix_th_1.0_conf_0.9999_max_iters_100000;;0.8511744227792406;0.6244704723358154;0.3862364888191223;0.05857340983745496;0.14717219156951522;0.2657849971048652;0.1116364746462825;0.23953032569398972;0.37107818367214074
sift_upright_true_rootsift_true_th_0.95_nfeat_8000;adalam_th_0.6400000000000001_scale_th_1.5_ori_th_30;;;0.9253676566787796;0.5326547026634216;0.15009920299053192;0.010212939632235959;0.027748082954762093;0.06112486435697338;0.06403113374095473;0.13725668901597565;0.2279007180566599
sift_upright_true_rootsift_true_th_0.95_nfeat_8000;adalam_th_0.6400000000000001_scale_th_1.5_ori_th_30;opencv_magsac_fundamental_matrix_th_1.0_conf_0.9999_max_iters_100000;;0.9408953437117504;0.4665102958679199;0.12112825363874435;0.046948615695176624;0.10265093803471326;0.1784111590410121;0.05398804679866036;0.12307677198627687;0.21376469203595966
sift_upright_true_rootsift_true_th_0.95_nfeat_8000;acne_outdoor_false;;;0.6785814627712483;0.5501649379730225;0.7084684371948242;0.0314587070882772;0.1093563628671264;0.24975489412042223;0.12491930603947891;0.2610424382799842;0.40815275884786517
sift_upright_true_rootsift_true_th_0.95_nfeat_8000;acne_outdoor_false;opencv_magsac_fundamental_matrix_th_1.0_conf_0.9999_max_iters_100000;;0.8020135328381879;0.604351818561554;0.47248774766921997;0.0796084191280191;0.18004066239872096;0.3127725223175085;0.12649232411805927;0.2565152068246047;0.39953993857272874
sift_upright_true_rootsift_true_th_0.95_nfeat_8000;consensusclustering_th_7_max_tanimoto_similarity_0.75_cluster_assignment_hard;;;0.40753224188713255;0.5133695602416992;0.8093315958976746;0.018259251431648256;0.04664022752103763;0.09772896945106654;0.08704868612873821;0.1888571998933893;0.3076811056200975
sift_upright_true_rootsift_true_th_0.95_nfeat_8000;consensusclustering_th_7_max_tanimoto_similarity_0.75_cluster_assignment_hard;opencv_magsac_fundamental_matrix_th_1.0_conf_0.9999_max_iters_100000;;0.8164640883965509;0.5857613682746887;0.4046155512332916;0.052519907940996924;0.11667210143558479;0.2040091134557815;0.08737373464038237;0.18585779854593598;0.3082396412277485
sift_upright_true_rootsift_true_th_0.95_nfeat_8000;dematch_outdoor_false_inlier_threshold_0.0;;;0.7029167949076285;0.5568022131919861;0.6740848422050476;0.017829932563405253;0.05043130660161451;0.13314291745767437;0.10039266261947617;0.22485868807799775;0.3662848346161421
sift_upright_true_rootsift_true_th_0.95_nfeat_8000;dematch_outdoor_false_inlier_threshold_0.0;opencv_magsac_fundamental_matrix_th_1.0_conf_0.9999_max_iters_100000;;0.8168454307710238;0.606920063495636;0.4450690746307373;0.061583524274704995;0.14708247190085239;0.2557160942036222;0.10723590429736704;0.23182792546636963;0.36491012445725635
sift_upright_true_rootsift_true_th_0.95_nfeat_8000;convmatch_outdoor_false_inlier_threshold_0.0;;;0.6975910622408095;0.5668332576751709;0.698841392993927;0.02071626099190428;0.06484662098828281;0.16449102718890868;0.12009971046954651;0.24630835376054333;0.38011931312415587
sift_upright_true_rootsift_true_th_0.95_nfeat_8000;convmatch_outdoor_false_inlier_threshold_0.0;opencv_magsac_fundamental_matrix_th_1.0_conf_0.9999_max_iters_100000;;0.8119233202192188;0.6167250871658325;0.46426305174827576;0.07641658767785028;0.17385978417292153;0.29314109880193867;0.11504268075188644;0.24326281224784516;0.3816062393649148
sift_upright_true_rootsift_true_th_0.95_nfeat_8000;fcgnn;;;0.7984729394451251;0.6371757984161377;0.4763846695423126;0.041893144957257475;0.10417726373273048;0.19184455214303056;0.12005321531711341;0.2437057777743492;0.38296931360153125
sift_upright_true_rootsift_true_th_0.95_nfeat_8000;fcgnn;opencv_magsac_fundamental_matrix_th_1.0_conf_0.9999_max_iters_100000;;0.8172918045524054;0.6492117643356323;0.4366588592529297;0.0964582027364506;0.19752937918571117;0.3143750188258837;0.12240383518868256;0.2466364528756675;0.3837870993336421
sift_upright_true_rootsift_true_th_0.95_nfeat_8000;clnet_inlier_threshold_0.0001;;;0.7743466612147566;0.5773529410362244;0.5238900780677795;0.004652207088935837;0.021562227254295418;0.06813383177068352;0.0904496087028257;0.19838643094870967;0.32088216501067146
sift_upright_true_rootsift_true_th_0.95_nfeat_8000;clnet_inlier_threshold_0.0001;opencv_magsac_fundamental_matrix_th_1.0_conf_0.9999_max_iters_100000;;0.8373377783977278;0.609849750995636;0.39264732599258423;0.043185254812832766;0.10166198943948875;0.1991769014720685;0.08430407070330806;0.19073472385855933;0.3189328193091335
sift_upright_true_rootsift_true_th_0.95_nfeat_8000;ms2dgnet;;;0.6822908617315757;0.43134719133377075;0.5711725950241089;0.0;0.0016700509670769363;0.008278455874761684;0.08649912414281576;0.18883052318816734;0.3044528838134032
sift_upright_true_rootsift_true_th_0.95_nfeat_8000;ms2dgnet;opencv_magsac_fundamental_matrix_th_1.0_conf_0.9999_max_iters_100000;;0.8536706871928641;0.5658168792724609;0.3525865077972412;0.0524358109883908;0.11747103102365611;0.2068767271599879;0.08824916792570306;0.18997587159952903;0.3125004010917246
sift_upright_true_rootsift_true_th_0.95_nfeat_8000;ncmnet_obj_geod_th_0.0001;;;0.764867771065348;0.5799369215965271;0.5406075716018677;0.01422610075580344;0.03975046853506155;0.10400685080667835;0.09911424534152334;0.2105318892183286;0.33561911826753377
sift_upright_true_rootsift_true_th_0.95_nfeat_8000;ncmnet_obj_geod_th_0.0001;opencv_magsac_fundamental_matrix_th_1.0_conf_0.9999_max_iters_100000;;0.8291254908024951;0.610165536403656;0.4064781069755554;0.0428534562037475;0.11153405729134533;0.2090172128227885;0.09433529897400576;0.20767706669998023;0.33690953621463887
sift_upright_true_rootsift_true_th_0.95_nfeat_8000;miho_duplex_max_iter_500;opencv_magsac_fundamental_matrix_th_0.75_conf_0.9999_max_iters_100000;;0.825624090137844;0.5920953750610352;0.40950292348861694;0.08813764279043568;0.18088270910833035;0.2879079887780974;0.12179620345387872;0.24351309158963041;0.3741747466505616
sift_upright_true_rootsift_true_th_0.95_nfeat_8000;miho_duplex_max_iter_500;nnc_subpix_true_w_10_w_big_none_ref_images_both_scales_5_angles_5;opencv_magsac_fundamental_matrix_th_0.75_conf_0.9999_max_iters_100000;0.8140997740522774;0.5898458361625671;0.43431535363197327;0.08047899228296711;0.1735840625878566;0.2859205939864423;0.11280031356647428;0.2363069298848884;0.37424796651280523
sift_upright_true_rootsift_true_th_0.95_nfeat_8000;miho_unduplex_max_iter_500;opencv_magsac_fundamental_matrix_th_0.75_conf_0.9999_max_iters_100000;;0.8414900231857194;0.5731450915336609;0.3657063841819763;0.08106016579060839;0.16728864037064978;0.27100762302784176;0.10791025744405132;0.22432287173404092;0.35013384051670476
sift_upright_true_rootsift_true_th_0.95_nfeat_8000;miho_unduplex_max_iter_500;nnc_subpix_true_w_10_w_big_none_ref_images_both_scales_5_angles_5;opencv_magsac_fundamental_matrix_th_0.75_conf_0.9999_max_iters_100000;0.8285441967525549;0.571721076965332;0.3929290175437927;0.07952943347112787;0.16870455389918373;0.26778491593059073;0.11220104698173738;0.2260721782319802;0.3429927792473792
sift_upright_true_rootsift_true_th_0.95_nfeat_8000;miho_duplex_max_iter_1000;opencv_magsac_fundamental_matrix_th_0.75_conf_0.9999_max_iters_100000;;0.8234927303337878;0.5920945405960083;0.41591569781303406;0.0851204504041464;0.17567632701191643;0.2882856675159591;0.11884520452504024;0.2316097884604833;0.3650054961783061
sift_upright_true_rootsift_true_th_0.95_nfeat_8000;miho_duplex_max_iter_1000;nnc_subpix_true_w_10_w_big_none_ref_images_both_scales_5_angles_5;opencv_magsac_fundamental_matrix_th_0.75_conf_0.9999_max_iters_100000;0.811285158931287;0.5946732759475708;0.44490933418273926;0.08355296311069957;0.1784565398989096;0.2916871873404862;0.12257316638080665;0.24446046390804593;0.37657017337210374
sift_upright_true_rootsift_true_th_0.95_nfeat_8000;miho_unduplex_max_iter_1000;opencv_magsac_fundamental_matrix_th_0.75_conf_0.9999_max_iters_100000;;0.8389989732058928;0.580269455909729;0.3759322464466095;0.08967503664067855;0.1782944107338383;0.2821423429025277;0.11284257009501579;0.23183731033268487;0.3607921996917618
sift_upright_true_rootsift_true_th_0.95_nfeat_8000;miho_unduplex_max_iter_1000;nnc_subpix_true_w_10_w_big_none_ref_images_both_scales_5_angles_5;opencv_magsac_fundamental_matrix_th_0.75_conf_0.9999_max_iters_100000;0.825969110569609;0.57907634973526;0.4034610092639923;0.08358804161677527;0.16914557205004038;0.2713846569537749;0.11814514084667564;0.23564152278292813;0.36153206584842523
sift_upright_true_rootsift_true_th_0.95_nfeat_8000;miho_duplex_max_iter_1500;opencv_magsac_fundamental_matrix_th_0.75_conf_0.9999_max_iters_100000;;0.8219972803373081;0.597510814666748;0.42192700505256653;0.09147913840990875;0.1921170155429519;0.3032778919541276;0.12669488537090473;0.2575182664378944;0.3875266410272595
sift_upright_true_rootsift_true_th_0.95_nfeat_8000;miho_duplex_max_iter_1500;nnc_subpix_true_w_10_w_big_none_ref_images_both_scales_5_angles_5;opencv_magsac_fundamental_matrix_th_0.75_conf_0.9999_max_iters_100000;0.8100364768509376;0.593163013458252;0.4446817934513092;0.08433491420128779;0.1774160244815246;0.2944061199877813;0.11601402926542552;0.24559146297692372;0.37842819978118125
sift_upright_true_rootsift_true_th_0.95_nfeat_8000;miho_unduplex_max_iter_1500;opencv_magsac_fundamental_matrix_th_0.75_conf_0.9999_max_iters_100000;;0.8379966295869119;0.5837927460670471;0.38003596663475037;0.08456109699969667;0.1812315933526029;0.28667627991789735;0.11474286743650541;0.23080380013552743;0.3588558253665778
sift_upright_true_rootsift_true_th_0.95_nfeat_8000;miho_unduplex_max_iter_1500;nnc_subpix_true_w_10_w_big_none_ref_images_both_scales_5_angles_5;opencv_magsac_fundamental_matrix_th_0.75_conf_0.9999_max_iters_100000;0.8252323093381831;0.5857545733451843;0.4092811644077301;0.08292203545588461;0.17590879467252069;0.2810697941249833;0.11849012551775236;0.2404335569694478;0.36579714211095443
sift_upright_true_rootsift_true_th_0.95_nfeat_8000;miho_duplex_max_iter_2000;opencv_magsac_fundamental_matrix_th_0.75_conf_0.9999_max_iters_100000;;0.8218578490375239;0.5962058305740356;0.4220593571662903;0.08894281090981897;0.18162664182571672;0.2934554753853991;0.12187003097644186;0.2441677974850846;0.37977864649629456
sift_upright_true_rootsift_true_th_0.95_nfeat_8000;miho_duplex_max_iter_2000;nnc_subpix_true_w_10_w_big_none_ref_images_both_scales_5_angles_5;opencv_magsac_fundamental_matrix_th_0.75_conf_0.9999_max_iters_100000;0.8091955972326446;0.592655599117279;0.4463162422180176;0.0819586248913828;0.17527640843076273;0.2879138551065945;0.11471265912643196;0.2380280814788343;0.37402747224942245
sift_upright_true_rootsift_true_th_0.95_nfeat_8000;miho_unduplex_max_iter_2000;opencv_magsac_fundamental_matrix_th_0.75_conf_0.9999_max_iters_100000;;0.8378371375523737;0.5868104100227356;0.3805394768714905;0.08454032026466261;0.17713846329138863;0.2808812929056808;0.11192196144195625;0.2322588941680208;0.36053137497856513
sift_upright_true_rootsift_true_th_0.95_nfeat_8000;miho_unduplex_max_iter_2000;nnc_subpix_true_w_10_w_big_none_ref_images_both_scales_5_angles_5;opencv_magsac_fundamental_matrix_th_0.75_conf_0.9999_max_iters_100000;0.8242798036270023;0.5878603458404541;0.4120313227176666;0.09331076571719846;0.18620271346050882;0.2910554635122293;0.11936037972864857;0.24338060163413444;0.3732710698176192
sift_upright_true_rootsift_true_th_0.95_nfeat_8000;opencv_magsac_fundamental_matrix_th_0.75_conf_0.9999_max_iters_100000;;;0.8120236638726783;0.551293134689331;0.4006246328353882;0.0631275875705741;0.14332972898135157;0.24875232937688666;0.10907991851421464;0.2232952110690476;0.3465597466030822
sift_upright_true_rootsift_true_th_0.95_nfeat_8000;nnc_subpix_true_w_10_w_big_none_ref_images_both_scales_5_angles_5;opencv_magsac_fundamental_matrix_th_0.75_conf_0.9999_max_iters_100000;;0.8119967023706525;0.5510616898536682;0.40686893463134766;0.0587065629285799;0.13292373325884843;0.23543373652537097;0.10376641887525369;0.21910957694522856;0.3446539884525614
sift_upright_true_rootsift_true_th_0.95_nfeat_8000;gms;opencv_magsac_fundamental_matrix_th_0.75_conf_0.9999_max_iters_100000;;0.9091466082191152;0.47922345995903015;0.18616436421871185;0.029524269725617454;0.07570560762747976;0.13583421154983483;0.04227423922454595;0.10408270585480059;0.1893600356179939
sift_upright_true_rootsift_true_th_0.95_nfeat_8000;oanet;opencv_magsac_fundamental_matrix_th_0.75_conf_0.9999_max_iters_100000;;0.8660980038550437;0.6248623132705688;0.3454526364803314;0.06099995368672171;0.14340871392281912;0.262051498339958;0.10328875217614997;0.2198966642948521;0.3533870529430271
sift_upright_true_rootsift_true_th_0.95_nfeat_8000;adalam_th_0.6400000000000001_scale_th_1.5_ori_th_30;opencv_magsac_fundamental_matrix_th_0.75_conf_0.9999_max_iters_100000;;0.9454416021268564;0.4667406380176544;0.11214873939752579;0.05097269791243014;0.10948711906769085;0.18366117657198133;0.06577658683479636;0.13671507836410415;0.22633415409279234
sift_upright_true_rootsift_true_th_0.95_nfeat_8000;acne_outdoor_false;opencv_magsac_fundamental_matrix_th_0.75_conf_0.9999_max_iters_100000;;0.8244439068823192;0.6041030287742615;0.41592395305633545;0.08267789226205965;0.18915529556532307;0.32346799791322073;0.12286086336879867;0.24958278160653719;0.3949850810745552
sift_upright_true_rootsift_true_th_0.95_nfeat_8000;consensusclustering_th_7_max_tanimoto_similarity_0.75_cluster_assignment_hard;opencv_magsac_fundamental_matrix_th_0.75_conf_0.9999_max_iters_100000;;0.8371966902774051;0.58565354347229;0.3576195538043976;0.053935554595916244;0.1174270461877801;0.2068243727827598;0.08726010315314288;0.18861907749110665;0.31046122183045216
sift_upright_true_rootsift_true_th_0.95_nfeat_8000;dematch_outdoor_false_inlier_threshold_0.0;opencv_magsac_fundamental_matrix_th_0.75_conf_0.9999_max_iters_100000;;0.8376695856141239;0.6063008308410645;0.3921053111553192;0.06344956863958688;0.1514282138331242;0.26252393794487744;0.09895582604549494;0.21841332960282953;0.3544929269648105
sift_upright_true_rootsift_true_th_0.95_nfeat_8000;convmatch_outdoor_false_inlier_threshold_0.0;opencv_magsac_fundamental_matrix_th_0.75_conf_0.9999_max_iters_100000;;0.8332615988948483;0.61600261926651;0.41058409214019775;0.07779598385664885;0.1746113054104645;0.2939199632273986;0.11072579104279781;0.2395299112932204;0.37892121363677916
sift_upright_true_rootsift_true_th_0.95_nfeat_8000;fcgnn;opencv_magsac_fundamental_matrix_th_0.75_conf_0.9999_max_iters_100000;;0.8254766577280847;0.6499467492103577;0.41702568531036377;0.09596620408649614;0.19538446100339887;0.3111570330704635;0.12039387326385254;0.253132206018783;0.3885604110817104
sift_upright_true_rootsift_true_th_0.95_nfeat_8000;clnet_inlier_threshold_0.0001;opencv_magsac_fundamental_matrix_th_0.75_conf_0.9999_max_iters_100000;;0.855504281971739;0.6069194078445435;0.3466304540634155;0.04347906684338651;0.1007314321847732;0.19558859708735202;0.09072828633227112;0.1944165490735422;0.31533866092607954
sift_upright_true_rootsift_true_th_0.95_nfeat_8000;ms2dgnet;opencv_magsac_fundamental_matrix_th_0.75_conf_0.9999_max_iters_100000;;0.8690456767340341;0.5646683573722839;0.31243109703063965;0.054704813154026054;0.11610666576834691;0.2012898353938417;0.08335052101256199;0.18030275290150913;0.29664692474052234
sift_upright_true_rootsift_true_th_0.95_nfeat_8000;ncmnet_obj_geod_th_0.0001;opencv_magsac_fundamental_matrix_th_0.75_conf_0.9999_max_iters_100000;;0.8477470207713094;0.6087965369224548;0.36127665638923645;0.047841558665718695;0.11154722756691635;0.21211789320061153;0.08854495851251944;0.194266336127984;0.32379383269510786
