pipe_module_0;pipe_module_1;pipe_module_2;pipe_module_3;filtered_of_3262;F_precision;F_recall;F_AUC@5;F_AUC@10;F_AUC@20;E_AUC@5;E_AUC@10;E_AUC@20
loftr_outdoor_true_upright_true;;;;0.0;0.8240116834640503;0.9991110563278198;0.07496237279323506;0.15336776101631974;0.27884323020357266;0.4206891726218752;0.589510232268785;0.7316813951685088
loftr_outdoor_true_upright_true;miho_duplex_max_iter_500;;;0.013445289514960225;0.8302151560783386;0.9970904588699341;0.1150854968078946;0.21595262264428086;0.35763863076596436;0.42598832390131525;0.5965316038346601;0.7318730361471646
loftr_outdoor_true_upright_true;miho_duplex_max_iter_500;opencv_magsac_fundamental_matrix_th_1.0_conf_0.9999_max_iters_100000;;0.4194104116358652;0.9075227975845337;0.6493165493011475;0.41565681566663193;0.5641006576497463;0.6940969417055871;0.4745822850280767;0.6429492117422327;0.7756858618521417
loftr_outdoor_true_upright_true;miho_duplex_max_iter_500;nnc_subpix_true_w_10_w_big_none_ref_images_both_scales_5_angles_5;;0.013445289514960225;0.8144547343254089;1.1283410787582397;0.09226242029337946;0.1842730899722536;0.3307282278711514;0.5253054281739133;0.6991631227525251;0.8224377042709154
loftr_outdoor_true_upright_true;miho_duplex_max_iter_500;nnc_subpix_true_w_10_w_big_none_ref_images_both_scales_5_angles_5;opencv_magsac_fundamental_matrix_th_1.0_conf_0.9999_max_iters_100000;0.33515525359642917;0.9548730254173279;0.9189931750297546;0.4399187500973566;0.580900534293224;0.7068511690768243;0.49868258399380083;0.6823305647522164;0.8081712797623686
loftr_outdoor_true_upright_true;miho_unduplex_max_iter_500;;;0.027522042520165768;0.838108479976654;0.9926624298095703;0.1571698453869696;0.26860580017743957;0.41581185266331666;0.42877111402889456;0.5959181544377189;0.7286211192750105
loftr_outdoor_true_upright_true;miho_unduplex_max_iter_500;opencv_magsac_fundamental_matrix_th_1.0_conf_0.9999_max_iters_100000;;0.4203170348831977;0.9083265662193298;0.6481180787086487;0.4118406447610348;0.5540080464332552;0.6925846632913875;0.48504540222666226;0.6464470064046446;0.7762200493807774
loftr_outdoor_true_upright_true;miho_unduplex_max_iter_500;nnc_subpix_true_w_10_w_big_none_ref_images_both_scales_5_angles_5;;0.027522042520165768;0.8175414800643921;1.0903489589691162;0.12699609564271186;0.22922295189974579;0.3762143130261212;0.5053955615282574;0.6818406629176104;0.8061539802871819
loftr_outdoor_true_upright_true;miho_unduplex_max_iter_500;nnc_subpix_true_w_10_w_big_none_ref_images_both_scales_5_angles_5;opencv_magsac_fundamental_matrix_th_1.0_conf_0.9999_max_iters_100000;0.34155409665522285;0.9535198211669922;0.8920021653175354;0.44859356349670054;0.5861045383313167;0.7044146176431519;0.506574719525872;0.6810221395294295;0.8101970467744444
loftr_outdoor_true_upright_true;miho_duplex_max_iter_1000;;;0.013141630102824913;0.82989501953125;0.9967369437217712;0.11353696934711252;0.2115331386599868;0.35607785537028347;0.4190265517560367;0.5893025726779417;0.730709803769624
loftr_outdoor_true_upright_true;miho_duplex_max_iter_1000;opencv_magsac_fundamental_matrix_th_1.0_conf_0.9999_max_iters_100000;;0.41963810771972876;0.9072054624557495;0.6482231616973877;0.4019880385523627;0.5506961281775076;0.6891032841094235;0.46725577639135674;0.645591326899955;0.7811312973266992
loftr_outdoor_true_upright_true;miho_duplex_max_iter_1000;nnc_subpix_true_w_10_w_big_none_ref_images_both_scales_5_angles_5;;0.013141630102824913;0.8141708970069885;1.1297439336776733;0.09084055951680967;0.18528597621930376;0.33258946752819785;0.5006262532106133;0.6807591779535879;0.8057336782756753
loftr_outdoor_true_upright_true;miho_duplex_max_iter_1000;nnc_subpix_true_w_10_w_big_none_ref_images_both_scales_5_angles_5;opencv_magsac_fundamental_matrix_th_1.0_conf_0.9999_max_iters_100000;0.3352208465573689;0.9548495411872864;0.9212737679481506;0.4603372982806698;0.5952174278434528;0.7160815312102354;0.5095593451145733;0.6823964305296152;0.8083229612577781
loftr_outdoor_true_upright_true;miho_unduplex_max_iter_1000;;;0.026842046544204464;0.8377788066864014;0.9929689168930054;0.1496377523691635;0.25801616921706966;0.4023432573084572;0.41725349049623495;0.5832760455858549;0.7228755087120963
loftr_outdoor_true_upright_true;miho_unduplex_max_iter_1000;opencv_magsac_fundamental_matrix_th_1.0_conf_0.9999_max_iters_100000;;0.4200304085182128;0.9079975485801697;0.6487945318222046;0.41954019572441537;0.5634103103428472;0.6996813500595015;0.48592603297082054;0.661581098240623;0.7870493205174335
loftr_outdoor_true_upright_true;miho_unduplex_max_iter_1000;nnc_subpix_true_w_10_w_big_none_ref_images_both_scales_5_angles_5;;0.026842046544204464;0.8170132637023926;1.0902884006500244;0.11438177118880939;0.2172771666489277;0.3669953783310192;0.5095306522388932;0.6830740771969672;0.8067789972786962
loftr_outdoor_true_upright_true;miho_unduplex_max_iter_1000;nnc_subpix_true_w_10_w_big_none_ref_images_both_scales_5_angles_5;opencv_magsac_fundamental_matrix_th_1.0_conf_0.9999_max_iters_100000;0.341930233838926;0.9531750679016113;0.890029788017273;0.45368866337518476;0.583836946619339;0.6988606767235603;0.50372113801688;0.6821207811968448;0.810527208845698
loftr_outdoor_true_upright_true;miho_duplex_max_iter_1500;;;0.012428102885662456;0.8296393156051636;0.99728924036026;0.11708039301820934;0.21561832860986807;0.3541935117148232;0.40368261300414066;0.5768067619885985;0.7220644464167112
loftr_outdoor_true_upright_true;miho_duplex_max_iter_1500;opencv_magsac_fundamental_matrix_th_1.0_conf_0.9999_max_iters_100000;;0.4189353662754573;0.9077280163764954;0.6493614912033081;0.4232807267168238;0.5604863551488901;0.6938680212240709;0.48209196628978185;0.6522018843567362;0.7834125796284918
loftr_outdoor_true_upright_true;miho_duplex_max_iter_1500;nnc_subpix_true_w_10_w_big_none_ref_images_both_scales_5_angles_5;;0.012428102885662456;0.8138230443000793;1.1318550109863281;0.09260544190712791;0.18637717965179532;0.3272719184493346;0.5099490528924713;0.6871453945874789;0.8129159614839402
loftr_outdoor_true_upright_true;miho_duplex_max_iter_1500;nnc_subpix_true_w_10_w_big_none_ref_images_both_scales_5_angles_5;opencv_magsac_fundamental_matrix_th_1.0_conf_0.9999_max_iters_100000;0.3347798391714545;0.9548897743225098;0.9275750517845154;0.4641759245410239;0.600178693086069;0.7137671664237497;0.5188487827863161;0.6926814455382231;0.8148794980325975
loftr_outdoor_true_upright_true;miho_unduplex_max_iter_1500;;;0.02605390954964138;0.8373849391937256;0.9924786686897278;0.1543076218373237;0.2625629452577191;0.4091301397145267;0.4142332446427391;0.5792373800185454;0.7215269590826399
loftr_outdoor_true_upright_true;miho_unduplex_max_iter_1500;opencv_magsac_fundamental_matrix_th_1.0_conf_0.9999_max_iters_100000;;0.42020220238865547;0.9079211354255676;0.6477338671684265;0.40953034820456813;0.5469541807409557;0.6908547645454564;0.4725478852338396;0.6460959041795011;0.7773307004209908
loftr_outdoor_true_upright_true;miho_unduplex_max_iter_1500;nnc_subpix_true_w_10_w_big_none_ref_images_both_scales_5_angles_5;;0.02605390954964138;0.8166961073875427;1.0908613204956055;0.1206723810694114;0.21959226505695212;0.36914634628531034;0.5066820676168071;0.6812511827197538;0.8074555211988326
loftr_outdoor_true_upright_true;miho_unduplex_max_iter_1500;nnc_subpix_true_w_10_w_big_none_ref_images_both_scales_5_angles_5;opencv_magsac_fundamental_matrix_th_1.0_conf_0.9999_max_iters_100000;0.3414583739784434;0.9531276226043701;0.8892590403556824;0.4528879649131512;0.593901066496781;0.7114273952798056;0.5120954120023536;0.688231580261347;0.8134569143933487
loftr_outdoor_true_upright_true;miho_duplex_max_iter_2000;;;0.012566419487392282;0.8296655416488647;0.9979949593544006;0.11447104632873525;0.21342260906934624;0.35305769157142874;0.4173147604149551;0.582581487007378;0.7238904636734301
loftr_outdoor_true_upright_true;miho_duplex_max_iter_2000;opencv_magsac_fundamental_matrix_th_1.0_conf_0.9999_max_iters_100000;;0.41916549261259956;0.9071864485740662;0.6489708423614502;0.4123416786188849;0.5565735221955974;0.6889757150326636;0.48253827846191966;0.654945745146605;0.7848310735825919
loftr_outdoor_true_upright_true;miho_duplex_max_iter_2000;nnc_subpix_true_w_10_w_big_none_ref_images_both_scales_5_angles_5;;0.012566419487392282;0.8136780261993408;1.127198338508606;0.09110690816974856;0.18541790366264552;0.32711756357247124;0.5088019440663608;0.6879959142325609;0.8127237833562668
loftr_outdoor_true_upright_true;miho_duplex_max_iter_2000;nnc_subpix_true_w_10_w_big_none_ref_images_both_scales_5_angles_5;opencv_magsac_fundamental_matrix_th_1.0_conf_0.9999_max_iters_100000;0.3353129349826557;0.9544528722763062;0.9171674847602844;0.4452478542031687;0.584258957941205;0.7033485763830666;0.5013186365786181;0.680235320051907;0.8075747503678716
loftr_outdoor_true_upright_true;miho_unduplex_max_iter_2000;;;0.02559954236083852;0.8371345400810242;0.9928087592124939;0.14986221893277551;0.2590329612099828;0.40143509709846004;0.42240333946093295;0.5929236350275346;0.7294315813478762
loftr_outdoor_true_upright_true;miho_unduplex_max_iter_2000;opencv_magsac_fundamental_matrix_th_1.0_conf_0.9999_max_iters_100000;;0.4199908105094587;0.9080058336257935;0.6482414603233337;0.40992221686692976;0.5548185880165535;0.6947837350457658;0.47777948406775145;0.647297559876639;0.7792162227707955
loftr_outdoor_true_upright_true;miho_unduplex_max_iter_2000;nnc_subpix_true_w_10_w_big_none_ref_images_both_scales_5_angles_5;;0.02559954236083852;0.8164251446723938;1.0913372039794922;0.12424256040049833;0.22161427526723704;0.36551338346420786;0.5046726539112927;0.6773373066582228;0.8037826219465465
loftr_outdoor_true_upright_true;miho_unduplex_max_iter_2000;nnc_subpix_true_w_10_w_big_none_ref_images_both_scales_5_angles_5;opencv_magsac_fundamental_matrix_th_1.0_conf_0.9999_max_iters_100000;0.3418706336179302;0.9528414011001587;0.8873910903930664;0.44329797619029154;0.5852989887541026;0.7069163741827238;0.5059257535503069;0.6827520597331529;0.8076862934664535
loftr_outdoor_true_upright_true;opencv_magsac_fundamental_matrix_th_1.0_conf_0.9999_max_iters_100000;;;0.41828966029265074;0.9063435196876526;0.648687481880188;0.4062596233933178;0.5523431182295072;0.6846159659960945;0.4723321197519361;0.6404727556391958;0.7716006269405093
loftr_outdoor_true_upright_true;nnc_subpix_true_w_10_w_big_none_ref_images_both_scales_5_angles_5;;;0.0;0.7136833667755127;0.9025591015815735;0.058495080409496414;0.13340159173111918;0.2563395747876639;0.37132712290316017;0.5220205288171;0.6582276996577417
loftr_outdoor_true_upright_true;nnc_subpix_true_w_10_w_big_none_ref_images_both_scales_5_angles_5;opencv_magsac_fundamental_matrix_th_1.0_conf_0.9999_max_iters_100000;;0.49387050409038225;0.8776160478591919;0.5993137955665588;0.3124492331637536;0.41730284488399105;0.5279435762201794;0.37686894841480145;0.5250388405915137;0.6610042232695601
loftr_outdoor_true_upright_true;gms;;;0.16190217929967565;0.826606273651123;0.8595893383026123;0.23761345563526284;0.36282263769904277;0.5004757837840229;0.3855001444151716;0.5528787025025401;0.6885187756666793
loftr_outdoor_true_upright_true;gms;opencv_magsac_fundamental_matrix_th_1.0_conf_0.9999_max_iters_100000;;0.4964051787249399;0.8798801898956299;0.5603680610656738;0.37791845478506203;0.5143612504732368;0.6485695886153711;0.4434146526817691;0.6051775087686352;0.7320546555615557
loftr_outdoor_true_upright_true;oanet;;;0.8560646540125671;0.8640385866165161;0.15333698689937592;0.054050451450442696;0.11688773886610189;0.2211030739079541;0.1146587913510515;0.22036935395476914;0.3649333639764655
loftr_outdoor_true_upright_true;oanet;opencv_magsac_fundamental_matrix_th_1.0_conf_0.9999_max_iters_100000;;0.8962305046471025;0.8889080882072449;0.1143178716301918;0.08120978719426654;0.15033687969033338;0.25773614960284724;0.12627036190990515;0.24583031871668481;0.3987049243836854
loftr_outdoor_true_upright_true;adalam_th_0.6400000000000001_scale_th_1.5_ori_th_30;;;0.0;0.8240116834640503;0.9991110563278198;0.07496237279323506;0.15336776101631974;0.27884323020357266;0.4206891726218752;0.589510232268785;0.7316813951685088
loftr_outdoor_true_upright_true;adalam_th_0.6400000000000001_scale_th_1.5_ori_th_30;opencv_magsac_fundamental_matrix_th_1.0_conf_0.9999_max_iters_100000;;0.41828966029265074;0.9063435196876526;0.648687481880188;0.4062596233933178;0.5523431182295072;0.6846159659960945;0.4723321197519361;0.6404727556391958;0.7716006269405093
loftr_outdoor_true_upright_true;acne_outdoor_true;;;0.40973415250108003;0.8589230179786682;0.6197214126586914;0.1428816598675649;0.25090806378334235;0.4026673557170019;0.27012176527384246;0.44268920722859184;0.6076938366808646
loftr_outdoor_true_upright_true;acne_outdoor_true;opencv_magsac_fundamental_matrix_th_1.0_conf_0.9999_max_iters_100000;;0.6199012817986791;0.9045182466506958;0.4230397045612335;0.22986400756206438;0.36189340155258687;0.5133991101444009;0.324814140090815;0.5088111992474305;0.6726566166483703
loftr_outdoor_true_upright_true;consensusclustering_th_7_max_tanimoto_similarity_0.75_cluster_assignment_hard;;;0.18344084077661357;0.8501081466674805;0.8519291281700134;0.23266131992991737;0.36371146823173606;0.5162712679902802;0.33029448258030203;0.5016420735249744;0.65126217572706
loftr_outdoor_true_upright_true;consensusclustering_th_7_max_tanimoto_similarity_0.75_cluster_assignment_hard;opencv_magsac_fundamental_matrix_th_1.0_conf_0.9999_max_iters_100000;;0.48649692868518013;0.8990897536277771;0.5715804100036621;0.3185537887336208;0.454418955452747;0.5899879159168016;0.39382409421194536;0.5673333481413148;0.7093764765612195
loftr_outdoor_true_upright_true;dematch_outdoor_true_inlier_threshold_0.0;;;0.6249001421795922;0.8641250133514404;0.397955060005188;0.1097771172000294;0.21573333751824397;0.35806302997649675;0.19089314626090928;0.3369029914099939;0.5006433770397474
loftr_outdoor_true_upright_true;dematch_outdoor_true_inlier_threshold_0.0;opencv_magsac_fundamental_matrix_th_1.0_conf_0.9999_max_iters_100000;;0.7448001367533258;0.8962447047233582;0.2825092077255249;0.14527544595350314;0.25243193040530354;0.4064994038321704;0.20844791031985052;0.36918826110857744;0.541396436169055
loftr_outdoor_true_upright_true;convmatch_outdoor_true_inlier_threshold_0.0;;;0.7520059749091599;0.8603883385658264;0.2658233344554901;0.09551645435257568;0.1848290160045578;0.3230200748973299;0.1512853979892712;0.2930723065748092;0.4652494145404935
loftr_outdoor_true_upright_true;convmatch_outdoor_true_inlier_threshold_0.0;opencv_magsac_fundamental_matrix_th_1.0_conf_0.9999_max_iters_100000;;0.8270506399880457;0.8792786598205566;0.19297130405902863;0.11192132271993885;0.21059312687176773;0.3524016853711905;0.16046417723206755;0.30469952566204295;0.47519815293658885
loftr_outdoor_true_upright_true;fcgnn;;;0.20396719241737044;0.9323977828025818;0.9894838929176331;0.2730260187715795;0.40220538085173274;0.548926463286519;0.5170508312436068;0.6832537318468898;0.8059947605323131
loftr_outdoor_true_upright_true;fcgnn;opencv_magsac_fundamental_matrix_th_1.0_conf_0.9999_max_iters_100000;;0.293795660454644;0.9539908766746521;0.9087968468666077;0.5105633381287359;0.6568272796734164;0.7743091011216129;0.5337362789148444;0.695129158335474;0.8130883818430841
loftr_outdoor_true_upright_true;clnet_inlier_threshold_0.0001;;;0.1912814090148814;0.8552893996238708;0.8392762541770935;0.1198523680863484;0.2028252685189738;0.3283597258007821;0.2991485381653666;0.47537703292622463;0.6338861196269152
loftr_outdoor_true_upright_true;clnet_inlier_threshold_0.0001;opencv_magsac_fundamental_matrix_th_1.0_conf_0.9999_max_iters_100000;;0.4963306620018696;0.9058390855789185;0.5592119693756104;0.21184623949286308;0.3288304988496792;0.4727045367229107;0.3523840196039839;0.5345916482566607;0.6903797335647986
loftr_outdoor_true_upright_true;ms2dgnet;;;0.7950425917241496;0.844010055065155;0.2166227400302887;0.0355552153331157;0.0820744270664193;0.16927124397669774;0.1467303790657151;0.2709728992131501;0.42023654489260415
loftr_outdoor_true_upright_true;ms2dgnet;opencv_magsac_fundamental_matrix_th_1.0_conf_0.9999_max_iters_100000;;0.8663419010303445;0.8834429383277893;0.15044888854026794;0.16129920007857082;0.256413662883174;0.3794520875627614;0.17007097831709;0.3099888293296355;0.4719355586404353
loftr_outdoor_true_upright_true;ncmnet_obj_geod_th_0.0001;;;0.17513520512051714;0.8584036231040955;0.8588325381278992;0.10415892049680756;0.17788742002596591;0.30465026214198965;0.30564797481518896;0.4830036286612966;0.6445934546768497
loftr_outdoor_true_upright_true;ncmnet_obj_geod_th_0.0001;opencv_magsac_fundamental_matrix_th_1.0_conf_0.9999_max_iters_100000;;0.4854575001612778;0.9071202874183655;0.5715606212615967;0.2164921345609918;0.33663431397839283;0.47801105786043757;0.36050430711923326;0.5479878826137394;0.7024659829754688
loftr_outdoor_true_upright_true;miho_duplex_max_iter_500;opencv_magsac_fundamental_matrix_th_0.75_conf_0.9999_max_iters_100000;;0.4995357179130022;0.9128300547599792;0.560784637928009;0.4203807203666403;0.5658950914655734;0.7005298537610494;0.4907975414286354;0.656096670612025;0.7835084493522034
loftr_outdoor_true_upright_true;miho_duplex_max_iter_500;nnc_subpix_true_w_10_w_big_none_ref_images_both_scales_5_angles_5;opencv_magsac_fundamental_matrix_th_0.75_conf_0.9999_max_iters_100000;0.38514389231139473;0.9608651399612427;0.8628565073013306;0.4659763854010183;0.6068855311687227;0.7278526005868138;0.5135122765767488;0.6876377975067129;0.8123653465611191
loftr_outdoor_true_upright_true;miho_unduplex_max_iter_500;opencv_magsac_fundamental_matrix_th_0.75_conf_0.9999_max_iters_100000;;0.500176593124168;0.9141200184822083;0.5607313513755798;0.4236218380841457;0.572101691747356;0.7056601932806399;0.4790206567399896;0.6534888648664224;0.7790396480593402
loftr_outdoor_true_upright_true;miho_unduplex_max_iter_500;nnc_subpix_true_w_10_w_big_none_ref_images_both_scales_5_angles_5;opencv_magsac_fundamental_matrix_th_0.75_conf_0.9999_max_iters_100000;0.39119866878453424;0.9591460824012756;0.8334020972251892;0.4704211629509129;0.6075167738931072;0.7220478853390249;0.5039003520175163;0.682034176509158;0.8092930764560382
loftr_outdoor_true_upright_true;miho_duplex_max_iter_1000;opencv_magsac_fundamental_matrix_th_0.75_conf_0.9999_max_iters_100000;;0.4995965398133358;0.9128968119621277;0.5607818365097046;0.4200446714923639;0.5663176494517761;0.7028644937233525;0.4724812784391933;0.6430508524007078;0.7786499752868083
loftr_outdoor_true_upright_true;miho_duplex_max_iter_1000;nnc_subpix_true_w_10_w_big_none_ref_images_both_scales_5_angles_5;opencv_magsac_fundamental_matrix_th_0.75_conf_0.9999_max_iters_100000;0.3855466431085931;0.9601165056228638;0.8600609302520752;0.47041000876504374;0.6122483804134078;0.731453662882244;0.5073844526862736;0.685890205702924;0.8098875234515411
loftr_outdoor_true_upright_true;miho_unduplex_max_iter_1000;opencv_magsac_fundamental_matrix_th_0.75_conf_0.9999_max_iters_100000;;0.49976471292002894;0.9132372736930847;0.5607743859291077;0.4257383356219231;0.5662973029771459;0.6993784933486706;0.48498602929094503;0.651046383890362;0.7793893653592963
loftr_outdoor_true_upright_true;miho_unduplex_max_iter_1000;nnc_subpix_true_w_10_w_big_none_ref_images_both_scales_5_angles_5;opencv_magsac_fundamental_matrix_th_0.75_conf_0.9999_max_iters_100000;0.3914278519665283;0.9591231942176819;0.8336467742919922;0.47478114939904303;0.6077278203537334;0.7235910554603345;0.5172053554034806;0.6895583722002487;0.8115119922395329
loftr_outdoor_true_upright_true;miho_duplex_max_iter_1500;opencv_magsac_fundamental_matrix_th_0.75_conf_0.9999_max_iters_100000;;0.49940022635218306;0.9128528833389282;0.5606995224952698;0.41936907530616574;0.5666799570852159;0.7034689705999491;0.4809253543213453;0.6492223667469962;0.7833686483836522
loftr_outdoor_true_upright_true;miho_duplex_max_iter_1500;nnc_subpix_true_w_10_w_big_none_ref_images_both_scales_5_angles_5;opencv_magsac_fundamental_matrix_th_0.75_conf_0.9999_max_iters_100000;0.38512959768441807;0.9605509042739868;0.8659572005271912;0.46712526083697503;0.6074614072265042;0.7234566173708611;0.5034230853616701;0.6857257543979681;0.8120548020301495
loftr_outdoor_true_upright_true;miho_unduplex_max_iter_1500;opencv_magsac_fundamental_matrix_th_0.75_conf_0.9999_max_iters_100000;;0.5000393142073923;0.9134616851806641;0.5600905418395996;0.4130263294079767;0.5586354923590351;0.6974469820175121;0.4796032367851758;0.6484337258881743;0.7773800589672631
loftr_outdoor_true_upright_true;miho_unduplex_max_iter_1500;nnc_subpix_true_w_10_w_big_none_ref_images_both_scales_5_angles_5;opencv_magsac_fundamental_matrix_th_0.75_conf_0.9999_max_iters_100000;0.3910118922894275;0.9588056802749634;0.8327961564064026;0.4692046909718369;0.6064570974669535;0.7259189057997255;0.5043953485443554;0.682916759037574;0.8107729108138454
loftr_outdoor_true_upright_true;miho_duplex_max_iter_2000;opencv_magsac_fundamental_matrix_th_0.75_conf_0.9999_max_iters_100000;;0.49982939273450183;0.9125698208808899;0.5603910684585571;0.42010043764599114;0.5702331460889245;0.7020994089646491;0.49407076633894126;0.65414696823117;0.7829938318778834
loftr_outdoor_true_upright_true;miho_duplex_max_iter_2000;nnc_subpix_true_w_10_w_big_none_ref_images_both_scales_5_angles_5;opencv_magsac_fundamental_matrix_th_0.75_conf_0.9999_max_iters_100000;0.3855377936374157;0.9600318670272827;0.8580567240715027;0.46667597805678407;0.6061547216461738;0.7230455042718732;0.5119288287476684;0.6881798404006113;0.8142916536760009
loftr_outdoor_true_upright_true;miho_unduplex_max_iter_2000;opencv_magsac_fundamental_matrix_th_0.75_conf_0.9999_max_iters_100000;;0.4999518619463659;0.9135308861732483;0.560697078704834;0.41495794089535315;0.560552312409138;0.6971735972698065;0.4692318737156375;0.6441078466610721;0.776917178322322
loftr_outdoor_true_upright_true;miho_unduplex_max_iter_2000;nnc_subpix_true_w_10_w_big_none_ref_images_both_scales_5_angles_5;opencv_magsac_fundamental_matrix_th_0.75_conf_0.9999_max_iters_100000;0.39151515881799803;0.958511471748352;0.8318938612937927;0.4598807447389409;0.6039613980713341;0.7246913202848093;0.5069600568211957;0.6829138537321585;0.810060510584381
loftr_outdoor_true_upright_true;opencv_magsac_fundamental_matrix_th_0.75_conf_0.9999_max_iters_100000;;;0.4995478004893133;0.91256183385849;0.5598079562187195;0.42418474693865116;0.570255566701507;0.7028445524248744;0.47949345920391373;0.642815232101675;0.7779491032638777
loftr_outdoor_true_upright_true;nnc_subpix_true_w_10_w_big_none_ref_images_both_scales_5_angles_5;opencv_magsac_fundamental_matrix_th_0.75_conf_0.9999_max_iters_100000;;0.557892003030013;0.883556604385376;0.5313894152641296;0.3118283916898591;0.4167696384897486;0.5290492243728475;0.3852674691078527;0.5316503664333663;0.663018763448664
loftr_outdoor_true_upright_true;gms;opencv_magsac_fundamental_matrix_th_0.75_conf_0.9999_max_iters_100000;;0.5639126432335729;0.8844194412231445;0.48596081137657166;0.38718623252478845;0.5263426069004158;0.6560643869234148;0.44535658779417925;0.6100511833528648;0.7358664720545921
loftr_outdoor_true_upright_true;oanet;opencv_magsac_fundamental_matrix_th_0.75_conf_0.9999_max_iters_100000;;0.9085858311127556;0.8912323117256165;0.1006929948925972;0.08075278689820717;0.15319070949972916;0.26349231027551473;0.13191309981671573;0.2501557698719961;0.40861926748407285
loftr_outdoor_true_upright_true;adalam_th_0.6400000000000001_scale_th_1.5_ori_th_30;opencv_magsac_fundamental_matrix_th_0.75_conf_0.9999_max_iters_100000;;0.4995478004893133;0.91256183385849;0.5598079562187195;0.42418474693865116;0.570255566701507;0.7028445524248744;0.47949345920391373;0.642815232101675;0.7779491032638777
loftr_outdoor_true_upright_true;acne_outdoor_true;opencv_magsac_fundamental_matrix_th_0.75_conf_0.9999_max_iters_100000;;0.6685432728825209;0.909089982509613;0.36898016929626465;0.23409080366199012;0.3649380649246173;0.5161264622952562;0.33031707195508647;0.5143362822504502;0.6797443205584847
loftr_outdoor_true_upright_true;consensusclustering_th_7_max_tanimoto_similarity_0.75_cluster_assignment_hard;opencv_magsac_fundamental_matrix_th_0.75_conf_0.9999_max_iters_100000;;0.5528616228059542;0.9033345580101013;0.4980679452419281;0.32422868861479603;0.45665031281175866;0.5912632182828997;0.40707731532083524;0.5723580561018241;0.7173875349629492
loftr_outdoor_true_upright_true;dematch_outdoor_true_inlier_threshold_0.0;opencv_magsac_fundamental_matrix_th_0.75_conf_0.9999_max_iters_100000;;0.7769696111422091;0.9000674486160278;0.24750016629695892;0.14785254703231185;0.2462984977908706;0.3931884044133045;0.2193350686665534;0.38475938690366196;0.5587597067284252
loftr_outdoor_true_upright_true;convmatch_outdoor_true_inlier_threshold_0.0;opencv_magsac_fundamental_matrix_th_0.75_conf_0.9999_max_iters_100000;;0.8498558746049046;0.8826004266738892;0.16787351667881012;0.1116757275576918;0.21667020203489634;0.35660448114641424;0.16191051068988002;0.31457874875383807;0.5003182154422299
loftr_outdoor_true_upright_true;fcgnn;opencv_magsac_fundamental_matrix_th_0.75_conf_0.9999_max_iters_100000;;0.33130739099890366;0.9563567638397217;0.8639711737632751;0.5190580957172138;0.6618864611275691;0.7760107599853654;0.5171336073446374;0.688883674576931;0.8097355851828425
loftr_outdoor_true_upright_true;clnet_inlier_threshold_0.0001;opencv_magsac_fundamental_matrix_th_0.75_conf_0.9999_max_iters_100000;;0.5629149596197252;0.9100420475006104;0.4860002398490906;0.2202843066374883;0.3415753142574146;0.4844320651236023;0.36567830894221626;0.5484128683780856;0.7025143930039941
loftr_outdoor_true_upright_true;ms2dgnet;opencv_magsac_fundamental_matrix_th_0.75_conf_0.9999_max_iters_100000;;0.8824707073853504;0.8877524137496948;0.13249808549880981;0.16105538466249197;0.26287412562284324;0.39096339630478233;0.18051279679606386;0.3114230081307333;0.46379683620621953
loftr_outdoor_true_upright_true;ncmnet_obj_geod_th_0.0001;opencv_magsac_fundamental_matrix_th_0.75_conf_0.9999_max_iters_100000;;0.5535042347702741;0.9120107293128967;0.4971061944961548;0.22546775961314158;0.35201323828961073;0.49670907504605133;0.35587220796682695;0.5389740538922866;0.6959205924568437
