pipe_module_0;pipe_module_1;pipe_module_2;pipe_module_3;filtered_of_993;H_precision;H_recall;H_AUC@5;H_AUC@10;H_AUC@15
superpoint_lightglue_upright_true_nfeat_8000_resize_1024;;;;0.0;0.7476786375045776;0.9076542854309082;0.4197920744728159;0.5707112567623458;0.6397523666384779
superpoint_lightglue_upright_true_nfeat_8000_resize_1024;opencv_magsac_homography_th_1.0_conf_0.9999_max_iters_100000;;;0.6371172535362392;0.822257399559021;0.37161722779273987;0.4518201513753996;0.596522984157006;0.6571246522775402
superpoint_lightglue_upright_true_nfeat_8000_resize_1024;nnc_subpix_true_w_10_w_big_none_ref_images_both_scales_5_angles_5;;;0.0;0.6092492938041687;0.7254117131233215;0.3672653991204721;0.5292363796410738;0.6051340920836838
superpoint_lightglue_upright_true_nfeat_8000_resize_1024;nnc_subpix_true_w_10_w_big_none_ref_images_both_scales_5_angles_5;opencv_magsac_homography_th_1.0_conf_0.9999_max_iters_100000;;0.6728418358704129;0.8169408440589905;0.33689913153648376;0.4056530418440148;0.5581655275932065;0.6257507189777163
superpoint_lightglue_upright_true_nfeat_8000_resize_1024;miho_default_duplex;;;0.06983684125367598;0.7482868432998657;0.9076542854309082;0.42605226962654685;0.58309351614228;0.653638638464021
superpoint_lightglue_upright_true_nfeat_8000_resize_1024;miho_default_duplex;opencv_magsac_homography_th_1.0_conf_0.9999_max_iters_100000;;0.6655480450800093;0.8223802447319031;0.37207263708114624;0.44955287723629567;0.5953792925344573;0.6573179047269586
superpoint_lightglue_upright_true_nfeat_8000_resize_1024;miho_default_duplex;nnc_subpix_true_w_10_w_big_none_ref_images_both_scales_5_angles_5;;0.06983684125367598;0.7608629465103149;0.979650616645813;0.40146939257780706;0.5594761331765741;0.6354391398768368
superpoint_lightglue_upright_true_nfeat_8000_resize_1024;miho_default_duplex;nnc_subpix_true_w_10_w_big_none_ref_images_both_scales_5_angles_5;opencv_magsac_homography_th_1.0_conf_0.9999_max_iters_100000;0.3860988773189313;0.8287000060081482;0.7300270795822144;0.43899577861858746;0.5892562317696435;0.6549222474526845
superpoint_lightglue_upright_true_nfeat_8000_resize_1024;miho_default_unduplex;;;0.07894071904880433;0.7491896748542786;0.9036760330200195;0.4262464623539536;0.5805558622104151;0.6541085238957112
superpoint_lightglue_upright_true_nfeat_8000_resize_1024;miho_default_unduplex;opencv_magsac_homography_th_1.0_conf_0.9999_max_iters_100000;;0.6670255567179479;0.8228088021278381;0.3723144829273224;0.4456222907039855;0.5929689395979599;0.6560855038445673
superpoint_lightglue_upright_true_nfeat_8000_resize_1024;miho_default_unduplex;nnc_subpix_true_w_10_w_big_none_ref_images_both_scales_5_angles_5;;0.07894071904880433;0.7581391334533691;0.9682542681694031;0.4110008413537785;0.562252479871666;0.6326343176339145
superpoint_lightglue_upright_true_nfeat_8000_resize_1024;miho_default_unduplex;nnc_subpix_true_w_10_w_big_none_ref_images_both_scales_5_angles_5;opencv_magsac_homography_th_1.0_conf_0.9999_max_iters_100000;0.3877062982668369;0.8276972770690918;0.7288478016853333;0.4479504432501617;0.5860134662963727;0.6459158773481111
superpoint_lightglue_upright_true_nfeat_8000_resize_1024;gms;;;0.3801391208732363;0.7589154243469238;0.6198171973228455;0.3947677277746024;0.5483823458850384;0.6207665231823921
superpoint_lightglue_upright_true_nfeat_8000_resize_1024;gms;opencv_magsac_homography_th_1.0_conf_0.9999_max_iters_100000;;0.7638121272190939;0.8107243180274963;0.26532119512557983;0.41137220244164824;0.5568796025520123;0.6241701063789703
superpoint_lightglue_upright_true_nfeat_8000_resize_1024;oanet;;;0.8866433142777149;0.7526507377624512;0.0922730416059494;0.17103742758433024;0.33354209396574236;0.42237528500733557
superpoint_lightglue_upright_true_nfeat_8000_resize_1024;oanet;opencv_magsac_homography_th_1.0_conf_0.9999_max_iters_100000;;0.9445303777295287;0.799146294593811;0.04754219576716423;0.1731297779524768;0.33534364737846234;0.43243325552822637
superpoint_lightglue_upright_true_nfeat_8000_resize_1024;adalam_th_0.6400000000000001_scale_th_1.5_ori_th_30;;;0.0;0.7476786375045776;0.9076542854309082;0.4197920744728159;0.5707112567623458;0.6397523666384779
superpoint_lightglue_upright_true_nfeat_8000_resize_1024;adalam_th_0.6400000000000001_scale_th_1.5_ori_th_30;opencv_magsac_homography_th_1.0_conf_0.9999_max_iters_100000;;0.6371172535362392;0.822257399559021;0.37161722779273987;0.4518201513753996;0.596522984157006;0.6571246522775402
superpoint_lightglue_upright_true_nfeat_8000_resize_1024;acne_outdoor_true;;;0.542831445231644;0.7667044997215271;0.4305277466773987;0.33266109195020466;0.5024117221324532;0.5782962388536076
superpoint_lightglue_upright_true_nfeat_8000_resize_1024;acne_outdoor_true;opencv_magsac_homography_th_1.0_conf_0.9999_max_iters_100000;;0.8157480183333211;0.8221520185470581;0.19551032781600952;0.350439709380821;0.5213098980762341;0.5978190946578977
superpoint_lightglue_upright_true_nfeat_8000_resize_1024;consensusclustering_th_7_max_tanimoto_similarity_0.75_cluster_assignment_hard;;;0.7586226576071249;0.13284221291542053;0.16053633391857147;0.04258446331377382;0.06142723767845719;0.07459479223062962
superpoint_lightglue_upright_true_nfeat_8000_resize_1024;consensusclustering_th_7_max_tanimoto_similarity_0.75_cluster_assignment_hard;opencv_magsac_homography_th_1.0_conf_0.9999_max_iters_100000;;0.9129524582358195;0.1490987092256546;0.05862581357359886;0.04520034123350073;0.06615420255396101;0.08160914740444701
superpoint_lightglue_upright_true_nfeat_8000_resize_1024;dematch_outdoor_true_inlier_threshold_0.0;;;0.6699953571248318;0.7627513408660889;0.3072115182876587;0.27293747235227517;0.4531737711032232;0.5387961487858383
superpoint_lightglue_upright_true_nfeat_8000_resize_1024;dematch_outdoor_true_inlier_threshold_0.0;opencv_magsac_homography_th_1.0_conf_0.9999_max_iters_100000;;0.8590022677885151;0.8136537671089172;0.14445041120052338;0.28694881492190893;0.45955322715971203;0.5467869571991908
superpoint_lightglue_upright_true_nfeat_8000_resize_1024;convmatch_outdoor_true_inlier_threshold_0.0;;;0.6176691096118581;0.7639452815055847;0.3614751100540161;0.2895416984293196;0.472259105598485;0.5575391695381683
superpoint_lightglue_upright_true_nfeat_8000_resize_1024;convmatch_outdoor_true_inlier_threshold_0.0;opencv_magsac_homography_th_1.0_conf_0.9999_max_iters_100000;;0.8356515962445767;0.8148558735847473;0.17155113816261292;0.30610905589880766;0.4772191295579627;0.5602534233346397
superpoint_lightglue_upright_true_nfeat_8000_resize_1024;fcgnn;;;0.10928436600084024;0.8058475852012634;0.943121612071991;0.4361663839883274;0.5880485155129873;0.6544393736160832
superpoint_lightglue_upright_true_nfeat_8000_resize_1024;fcgnn;opencv_magsac_homography_th_1.0_conf_0.9999_max_iters_100000;;0.3566582522011745;0.8258826732635498;0.7283665537834167;0.43387419616734535;0.5850341294650679;0.6506568244209997
superpoint_lightglue_upright_true_nfeat_8000_resize_1024;clnet_inlier_threshold_0.0001;;;0.13368478576128498;0.752429187297821;0.8122653961181641;0.425117896342719;0.5738324769062024;0.639611118439539
superpoint_lightglue_upright_true_nfeat_8000_resize_1024;clnet_inlier_threshold_0.0001;opencv_magsac_homography_th_1.0_conf_0.9999_max_iters_100000;;0.6623092766019393;0.8182612657546997;0.3440048098564148;0.44282435514860696;0.5833248925678157;0.6405248582823042
superpoint_lightglue_upright_true_nfeat_8000_resize_1024;ms2dgnet;;;0.6627171410375436;0.7671294808387756;0.28036272525787354;0.3083703200022379;0.4722762289753667;0.550789834363961
superpoint_lightglue_upright_true_nfeat_8000_resize_1024;ms2dgnet;opencv_magsac_homography_th_1.0_conf_0.9999_max_iters_100000;;0.847212272313024;0.8197972774505615;0.13028551638126373;0.32462603264384804;0.48116060846381714;0.5555033894968621
superpoint_lightglue_upright_true_nfeat_8000_resize_1024;ncmnet_obj_geod_th_0.0001;;;0.12100681342674957;0.753021240234375;0.8295040130615234;0.4352967467904089;0.5790048509560249;0.6449585847758954
superpoint_lightglue_upright_true_nfeat_8000_resize_1024;ncmnet_obj_geod_th_0.0001;opencv_magsac_homography_th_1.0_conf_0.9999_max_iters_100000;;0.6595908216375957;0.8150697946548462;0.34701937437057495;0.4468609752643992;0.5830689620612949;0.6421091159534308
superpoint_lightglue_upright_true_nfeat_8000_resize_1024;opencv_magsac_homography_th_0.75_conf_0.9999_max_iters_100000;;;0.7452677250454698;0.8284080028533936;0.25242385268211365;0.4478849358415163;0.5982697637186006;0.6612301728883644
superpoint_lightglue_upright_true_nfeat_8000_resize_1024;nnc_subpix_true_w_10_w_big_none_ref_images_both_scales_5_angles_5;opencv_magsac_homography_th_0.75_conf_0.9999_max_iters_100000;;0.7486989009923851;0.8241061568260193;0.2531977593898773;0.4070539643725864;0.562049935820202;0.6316959076062029
superpoint_lightglue_upright_true_nfeat_8000_resize_1024;miho_default_duplex;opencv_magsac_homography_th_0.75_conf_0.9999_max_iters_100000;;0.772681088491671;0.8281569480895996;0.25259509682655334;0.44632332914957296;0.5975273323417813;0.6630703737945468
superpoint_lightglue_upright_true_nfeat_8000_resize_1024;miho_default_duplex;nnc_subpix_true_w_10_w_big_none_ref_images_both_scales_5_angles_5;opencv_magsac_homography_th_0.75_conf_0.9999_max_iters_100000;0.4819916571677873;0.8313583135604858;0.619100034236908;0.44472252065660783;0.584514562273743;0.6494270189207646
superpoint_lightglue_upright_true_nfeat_8000_resize_1024;miho_default_unduplex;opencv_magsac_homography_th_0.75_conf_0.9999_max_iters_100000;;0.7736885070550176;0.8286651372909546;0.25238466262817383;0.44644187104370864;0.5966254896063495;0.6608912810223337
superpoint_lightglue_upright_true_nfeat_8000_resize_1024;miho_default_unduplex;nnc_subpix_true_w_10_w_big_none_ref_images_both_scales_5_angles_5;opencv_magsac_homography_th_0.75_conf_0.9999_max_iters_100000;0.47886526658890455;0.8308296203613281;0.6219382286071777;0.4430642585483967;0.593209888232803;0.6566845610728602
superpoint_lightglue_upright_true_nfeat_8000_resize_1024;gms;opencv_magsac_homography_th_0.75_conf_0.9999_max_iters_100000;;0.8387917135335398;0.8158618211746216;0.1814527064561844;0.4065723641271945;0.5493147825090974;0.611801864232546
superpoint_lightglue_upright_true_nfeat_8000_resize_1024;oanet;opencv_magsac_homography_th_0.75_conf_0.9999_max_iters_100000;;0.9571922150138149;0.8053885698318481;0.034130096435546875;0.17343065129386054;0.33681681107591704;0.42889998238763705
superpoint_lightglue_upright_true_nfeat_8000_resize_1024;adalam_th_0.6400000000000001_scale_th_1.5_ori_th_30;opencv_magsac_homography_th_0.75_conf_0.9999_max_iters_100000;;0.7452677250454698;0.8284080028533936;0.25242385268211365;0.4478849358415163;0.5982697637186006;0.6612301728883644
superpoint_lightglue_upright_true_nfeat_8000_resize_1024;acne_outdoor_true;opencv_magsac_homography_th_0.75_conf_0.9999_max_iters_100000;;0.8699330827292215;0.827329695224762;0.13584499061107635;0.3501268776478591;0.5214534578168835;0.5980642984310786
superpoint_lightglue_upright_true_nfeat_8000_resize_1024;consensusclustering_th_7_max_tanimoto_similarity_0.75_cluster_assignment_hard;opencv_magsac_homography_th_0.75_conf_0.9999_max_iters_100000;;0.9300289840429922;0.14936167001724243;0.03919504955410957;0.04600740366511874;0.06314135659624029;0.07559844348165724
superpoint_lightglue_upright_true_nfeat_8000_resize_1024;dematch_outdoor_true_inlier_threshold_0.0;opencv_magsac_homography_th_0.75_conf_0.9999_max_iters_100000;;0.8995622771271042;0.8170936703681946;0.10059291869401932;0.28481729026193975;0.4662258659247998;0.5510468178472402
superpoint_lightglue_upright_true_nfeat_8000_resize_1024;convmatch_outdoor_true_inlier_threshold_0.0;opencv_magsac_homography_th_0.75_conf_0.9999_max_iters_100000;;0.883901669751971;0.8208773136138916;0.11964255571365356;0.3068596590006793;0.48397238665156905;0.5671370205172788
superpoint_lightglue_upright_true_nfeat_8000_resize_1024;fcgnn;opencv_magsac_homography_th_0.75_conf_0.9999_max_iters_100000;;0.4613736175608882;0.8310827612876892;0.6140204668045044;0.4413530052260117;0.5921745365250994;0.6541325475882601
superpoint_lightglue_upright_true_nfeat_8000_resize_1024;clnet_inlier_threshold_0.0001;opencv_magsac_homography_th_0.75_conf_0.9999_max_iters_100000;;0.7618205435303859;0.8251073956489563;0.23643721640110016;0.43301851864766194;0.5751154577759681;0.6362499557030791
superpoint_lightglue_upright_true_nfeat_8000_resize_1024;ms2dgnet;opencv_magsac_homography_th_0.75_conf_0.9999_max_iters_100000;;0.8846514441187887;0.826406717300415;0.08930955082178116;0.3273715781061738;0.486910789222629;0.5619106249971154
superpoint_lightglue_upright_true_nfeat_8000_resize_1024;ncmnet_obj_geod_th_0.0001;opencv_magsac_homography_th_0.75_conf_0.9999_max_iters_100000;;0.7622546049099727;0.8214696049690247;0.23577752709388733;0.44996138563862564;0.5847375060452354;0.6419444133322916
