pipe_module_0;pipe_module_1;pipe_module_2;pipe_module_3;filtered_of_171;F_precision;F_recall;F_AUC@5;F_AUC@10;F_AUC@20;E_AUC@5;E_AUC@10;E_AUC@20
aliked_lightglue_upright_true_nfeat_8000_resize_1024_model_aliked-n16rot;;;;0.0;0.6550369262695312;0.93057781457901;0.04749108369373646;0.11443726277556432;0.21955776148668377;0.12838015632704625;0.2648979081048829;0.410445419419702
aliked_lightglue_upright_true_nfeat_8000_resize_1024_model_aliked-n16rot;opencv_magsac_fundamental_matrix_th_1.0_conf_0.9999_max_iters_100000;;;0.3348088462937792;0.684355616569519;0.6540203094482422;0.08455740004814487;0.18816968230388645;0.3138879474475982;0.13204255947126714;0.2672675527631724;0.4101819258472775
aliked_lightglue_upright_true_nfeat_8000_resize_1024_model_aliked-n16rot;nnc_subpix_true_w_10_w_big_none_ref_images_both_scales_5_angles_5;;;0.0;0.6152309775352478;0.8988143801689148;0.01907281480474091;0.06157346580549562;0.1444984834406357;0.11116430053605411;0.23737827685041474;0.37870540551598764
aliked_lightglue_upright_true_nfeat_8000_resize_1024_model_aliked-n16rot;nnc_subpix_true_w_10_w_big_none_ref_images_both_scales_5_angles_5;opencv_magsac_fundamental_matrix_th_1.0_conf_0.9999_max_iters_100000;;0.4046324053939703;0.6729605793952942;0.5899540185928345;0.06807191617674;0.15741449801646923;0.26484398941432397;0.10960744772743394;0.22910295950694434;0.36931250635304136
aliked_lightglue_upright_true_nfeat_8000_resize_1024_model_aliked-n16rot;miho_default_duplex;;;0.11293591877523053;0.6528385877609253;0.8746793270111084;0.05113988469492917;0.12238285174065211;0.22784507794489114;0.12612849006439414;0.2606199796278104;0.4013796728003955
aliked_lightglue_upright_true_nfeat_8000_resize_1024_model_aliked-n16rot;miho_default_duplex;opencv_magsac_fundamental_matrix_th_1.0_conf_0.9999_max_iters_100000;;0.37548165522701515;0.6815401315689087;0.6311952471733093;0.0844394857611263;0.1846538116954385;0.306625352831673;0.12634817712507035;0.2610473140688069;0.40558023482114647
aliked_lightglue_upright_true_nfeat_8000_resize_1024_model_aliked-n16rot;miho_default_duplex;nnc_subpix_true_w_10_w_big_none_ref_images_both_scales_5_angles_5;;0.11293591877523053;0.629128098487854;0.8627609610557556;0.0255351321918017;0.07425887599456026;0.16458191951177956;0.13261545072101452;0.2721644368355721;0.4201518759462985
aliked_lightglue_upright_true_nfeat_8000_resize_1024_model_aliked-n16rot;miho_default_duplex;nnc_subpix_true_w_10_w_big_none_ref_images_both_scales_5_angles_5;opencv_magsac_fundamental_matrix_th_1.0_conf_0.9999_max_iters_100000;0.397190988161291;0.6799964308738708;0.6190853714942932;0.08446911743156502;0.18428764625848;0.2997472238001837;0.12639279584694066;0.2635625966257086;0.4052093117100858
aliked_lightglue_upright_true_nfeat_8000_resize_1024_model_aliked-n16rot;miho_default_unduplex;;;0.1792210393601023;0.6446381211280823;0.8225101828575134;0.052138711516850636;0.1264878553995855;0.23426686231781316;0.12282344351539046;0.26056717172954186;0.40167657097468157
aliked_lightglue_upright_true_nfeat_8000_resize_1024_model_aliked-n16rot;miho_default_unduplex;opencv_magsac_fundamental_matrix_th_1.0_conf_0.9999_max_iters_100000;;0.41395639930334815;0.6681588888168335;0.6003034710884094;0.08109376396303435;0.17862431814440644;0.29805199219770057;0.1276589635299857;0.2567225952843364;0.3951828856494119
aliked_lightglue_upright_true_nfeat_8000_resize_1024_model_aliked-n16rot;miho_default_unduplex;nnc_subpix_true_w_10_w_big_none_ref_images_both_scales_5_angles_5;;0.1792210393601023;0.6201086640357971;0.8075854182243347;0.02613776615432768;0.07275126330874133;0.15671567703619982;0.1400575721611538;0.2705795867890247;0.40805739595387286
aliked_lightglue_upright_true_nfeat_8000_resize_1024_model_aliked-n16rot;miho_default_unduplex;nnc_subpix_true_w_10_w_big_none_ref_images_both_scales_5_angles_5;opencv_magsac_fundamental_matrix_th_1.0_conf_0.9999_max_iters_100000;0.4329984322890168;0.6670414805412292;0.589854896068573;0.07871250302335159;0.1796660326548089;0.2967826259960184;0.12751101042380103;0.2624910821292664;0.4026804185022602
aliked_lightglue_upright_true_nfeat_8000_resize_1024_model_aliked-n16rot;gms;;;0.5419580396439517;0.6458224058151245;0.4640232026576996;0.032332480386584775;0.08472553433527837;0.1630835469163392;0.07486835810431489;0.16085090752026576;0.2671212636405204
aliked_lightglue_upright_true_nfeat_8000_resize_1024_model_aliked-n16rot;gms;opencv_magsac_fundamental_matrix_th_1.0_conf_0.9999_max_iters_100000;;0.6393707369425876;0.60872882604599;0.36634308099746704;0.04317932014174601;0.10350970915699435;0.19059819659345156;0.07161386781858448;0.15911960053346855;0.26408385165156734
aliked_lightglue_upright_true_nfeat_8000_resize_1024_model_aliked-n16rot;oanet;;;0.8814468296457947;0.6735473275184631;0.11035403609275818;0.00541590516200941;0.019263612311297355;0.06133089839180955;0.014662020564901923;0.04801129808852084;0.11423532774443927
aliked_lightglue_upright_true_nfeat_8000_resize_1024_model_aliked-n16rot;oanet;opencv_magsac_fundamental_matrix_th_1.0_conf_0.9999_max_iters_100000;;0.9289411723334511;0.5254066586494446;0.07119854539632797;0.0061571486617682195;0.017968862662091144;0.05555197922467496;0.016256548622024046;0.04917382731030869;0.10904340882252513
aliked_lightglue_upright_true_nfeat_8000_resize_1024_model_aliked-n16rot;adalam_th_0.6400000000000001_scale_th_1.5_ori_th_30;;;0.0;0.6550369262695312;0.93057781457901;0.04749108369373646;0.11443726277556432;0.21955776148668377;0.12838015632704625;0.2648979081048829;0.410445419419702
aliked_lightglue_upright_true_nfeat_8000_resize_1024_model_aliked-n16rot;adalam_th_0.6400000000000001_scale_th_1.5_ori_th_30;opencv_magsac_fundamental_matrix_th_1.0_conf_0.9999_max_iters_100000;;0.3348088462937792;0.684355616569519;0.6540203094482422;0.08455740004814487;0.18816968230388645;0.3138879474475982;0.13204255947126714;0.2672675527631724;0.4101819258472775
aliked_lightglue_upright_true_nfeat_8000_resize_1024_model_aliked-n16rot;acne_outdoor_false;;;0.4297504529268708;0.674900472164154;0.545901358127594;0.0303329716029035;0.0864666844610998;0.18010420966131596;0.07283460367396535;0.17436104542348818;0.30293450491496976
aliked_lightglue_upright_true_nfeat_8000_resize_1024_model_aliked-n16rot;acne_outdoor_false;opencv_magsac_fundamental_matrix_th_1.0_conf_0.9999_max_iters_100000;;0.5887319009700962;0.6768859028816223;0.41037359833717346;0.04496714420683147;0.1080444595661318;0.20424536898517381;0.07875626750017448;0.17971976034360085;0.3069746042216767
aliked_lightglue_upright_true_nfeat_8000_resize_1024_model_aliked-n16rot;consensusclustering_th_7_max_tanimoto_similarity_0.75_cluster_assignment_hard;;;0.3398330543113204;0.5491366982460022;0.6109619736671448;0.04101408399605584;0.09535112307126117;0.17548216033420627;0.09207624209555773;0.18664910667162504;0.2925780957466761
aliked_lightglue_upright_true_nfeat_8000_resize_1024_model_aliked-n16rot;consensusclustering_th_7_max_tanimoto_similarity_0.75_cluster_assignment_hard;opencv_magsac_fundamental_matrix_th_1.0_conf_0.9999_max_iters_100000;;0.5455682293338443;0.5591228008270264;0.4450605511665344;0.053919681087462625;0.11515366793565378;0.20147151285980244;0.0849421678191939;0.1833588190057484;0.2989512704205242
aliked_lightglue_upright_true_nfeat_8000_resize_1024_model_aliked-n16rot;dematch_outdoor_false_inlier_threshold_0.0;;;0.6800875350771969;0.6736376881599426;0.31005486845970154;0.009315660870715357;0.032201803145056974;0.08953527244755335;0.03626344060450928;0.09977667384232587;0.19428938535218648
aliked_lightglue_upright_true_nfeat_8000_resize_1024_model_aliked-n16rot;dematch_outdoor_false_inlier_threshold_0.0;opencv_magsac_fundamental_matrix_th_1.0_conf_0.9999_max_iters_100000;;0.7615451504206479;0.6428301334381104;0.24393370747566223;0.014599750829425134;0.04116304421452419;0.0984359132369407;0.03534706663726398;0.09606395947740534;0.19763042636954223
aliked_lightglue_upright_true_nfeat_8000_resize_1024_model_aliked-n16rot;convmatch_outdoor_false_inlier_threshold_0.0;;;0.659746987308086;0.6798396706581116;0.3309069871902466;0.016182775199931755;0.054114567033876404;0.13116734744679998;0.054342293614478863;0.12962782465706993;0.24310125890315532
aliked_lightglue_upright_true_nfeat_8000_resize_1024_model_aliked-n16rot;convmatch_outdoor_false_inlier_threshold_0.0;opencv_magsac_fundamental_matrix_th_1.0_conf_0.9999_max_iters_100000;;0.7533153632920193;0.6430423259735107;0.2539585530757904;0.022359548927771998;0.0648243425363264;0.1379947074687437;0.04878976821601076;0.12335494751087332;0.23334625327224146
aliked_lightglue_upright_true_nfeat_8000_resize_1024_model_aliked-n16rot;fcgnn;;;0.3230280688423433;0.7065581679344177;0.6588239669799805;0.07175376963760391;0.15900520024458512;0.2706325142813993;0.12120256515249446;0.2502529111049928;0.38696104197423764
aliked_lightglue_upright_true_nfeat_8000_resize_1024_model_aliked-n16rot;fcgnn;opencv_magsac_fundamental_matrix_th_1.0_conf_0.9999_max_iters_100000;;0.40674268275496245;0.7076360583305359;0.5967496633529663;0.08522655181337223;0.1815219877954221;0.2977369960914656;0.12340986706353049;0.25439917628895903;0.3927384942793482
aliked_lightglue_upright_true_nfeat_8000_resize_1024_model_aliked-n16rot;clnet_inlier_threshold_0.0001;;;0.46800558497976347;0.6860175728797913;0.5087103843688965;0.01908217085017898;0.04997581332599373;0.11365687039048078;0.06460685761532228;0.15740903019487065;0.27603051860492656
aliked_lightglue_upright_true_nfeat_8000_resize_1024_model_aliked-n16rot;clnet_inlier_threshold_0.0001;opencv_magsac_fundamental_matrix_th_1.0_conf_0.9999_max_iters_100000;;0.6039709910988521;0.6441090703010559;0.39419397711753845;0.028918133881478254;0.07707154089203191;0.15625814301712274;0.06725292711235306;0.15551476934681802;0.2657481798796205
aliked_lightglue_upright_true_nfeat_8000_resize_1024_model_aliked-n16rot;ms2dgnet;;;0.5915124168460771;0.6781910061836243;0.3596876561641693;0.024084744982071336;0.06167599343072259;0.13774088748548233;0.04208809292674704;0.1092110082368315;0.20177862983429556
aliked_lightglue_upright_true_nfeat_8000_resize_1024_model_aliked-n16rot;ms2dgnet;opencv_magsac_fundamental_matrix_th_1.0_conf_0.9999_max_iters_100000;;0.6982223508227251;0.6822615265846252;0.2792203724384308;0.03156412097029776;0.07319279163816847;0.14576889670124732;0.042413134701139374;0.10209386922604566;0.1960012442814266
aliked_lightglue_upright_true_nfeat_8000_resize_1024_model_aliked-n16rot;ncmnet_obj_geod_th_0.0001;;;0.4451000234093452;0.6792471408843994;0.5275315642356873;0.024843457925406567;0.06304860911087096;0.1324019601009479;0.07122459201929905;0.16133569554712968;0.27723618401084715
aliked_lightglue_upright_true_nfeat_8000_resize_1024_model_aliked-n16rot;ncmnet_obj_geod_th_0.0001;opencv_magsac_fundamental_matrix_th_1.0_conf_0.9999_max_iters_100000;;0.5884606159926524;0.6372535824775696;0.4079418480396271;0.034253137344606444;0.08724676427598678;0.1687850994500856;0.07177408678128679;0.15645837243033225;0.2666225852359393
aliked_lightglue_upright_true_nfeat_8000_resize_1024_model_aliked-n16rot;opencv_magsac_fundamental_matrix_th_0.75_conf_0.9999_max_iters_100000;;;0.40665065620901697;0.6839656233787537;0.5782971978187561;0.0890327358662074;0.19235138295732032;0.3156951745298691;0.12845854959228162;0.26577618681711107;0.41043379166843097
aliked_lightglue_upright_true_nfeat_8000_resize_1024_model_aliked-n16rot;nnc_subpix_true_w_10_w_big_none_ref_images_both_scales_5_angles_5;opencv_magsac_fundamental_matrix_th_0.75_conf_0.9999_max_iters_100000;;0.45931767332171025;0.6736001968383789;0.5321012139320374;0.06931746449844084;0.1605299356839644;0.2706491187967429;0.10841661675718066;0.23064417174722474;0.3680973373821281
aliked_lightglue_upright_true_nfeat_8000_resize_1024_model_aliked-n16rot;miho_default_duplex;opencv_magsac_fundamental_matrix_th_0.75_conf_0.9999_max_iters_100000;;0.44583949861465455;0.6815460324287415;0.5574495196342468;0.08757261778854628;0.1893101070972963;0.30849992656753816;0.12437254717014609;0.25963515281029803;0.4020718905130309
aliked_lightglue_upright_true_nfeat_8000_resize_1024_model_aliked-n16rot;miho_default_duplex;nnc_subpix_true_w_10_w_big_none_ref_images_both_scales_5_angles_5;opencv_magsac_fundamental_matrix_th_0.75_conf_0.9999_max_iters_100000;0.4473445723754803;0.6812606453895569;0.5675048828125;0.08455367534294918;0.1890623560884028;0.3065191472407382;0.1311084390767025;0.2679062090547418;0.4123373305016605
aliked_lightglue_upright_true_nfeat_8000_resize_1024_model_aliked-n16rot;miho_default_unduplex;opencv_magsac_fundamental_matrix_th_0.75_conf_0.9999_max_iters_100000;;0.4814705468047041;0.6689884662628174;0.5299823880195618;0.08652069990293498;0.18409482975427552;0.3030238137180705;0.12322848937060238;0.256030632822657;0.3952342300554314
aliked_lightglue_upright_true_nfeat_8000_resize_1024_model_aliked-n16rot;miho_default_unduplex;nnc_subpix_true_w_10_w_big_none_ref_images_both_scales_5_angles_5;opencv_magsac_fundamental_matrix_th_0.75_conf_0.9999_max_iters_100000;0.4792889226688876;0.6671692728996277;0.540591299533844;0.08260419654078824;0.18289227368526154;0.29889523852329064;0.130531714475022;0.26714933545388125;0.4040787162211771
aliked_lightglue_upright_true_nfeat_8000_resize_1024_model_aliked-n16rot;gms;opencv_magsac_fundamental_matrix_th_0.75_conf_0.9999_max_iters_100000;;0.6753547159326225;0.6092358231544495;0.3294409215450287;0.04346249798401476;0.10451325677052932;0.19068413299213663;0.0738011948558905;0.16228266973447694;0.26837585887777016
aliked_lightglue_upright_true_nfeat_8000_resize_1024_model_aliked-n16rot;oanet;opencv_magsac_fundamental_matrix_th_0.75_conf_0.9999_max_iters_100000;;0.9320690785996749;0.5252282023429871;0.06790413707494736;0.006075291381446094;0.01685710447810271;0.05815114151912274;0.016452215624315727;0.050068844290640124;0.11475216191972135
aliked_lightglue_upright_true_nfeat_8000_resize_1024_model_aliked-n16rot;adalam_th_0.6400000000000001_scale_th_1.5_ori_th_30;opencv_magsac_fundamental_matrix_th_0.75_conf_0.9999_max_iters_100000;;0.40665065620901697;0.6839656233787537;0.5782971978187561;0.0890327358662074;0.19235138295732032;0.3156951745298691;0.12845854959228162;0.26577618681711107;0.41043379166843097
aliked_lightglue_upright_true_nfeat_8000_resize_1024_model_aliked-n16rot;acne_outdoor_false;opencv_magsac_fundamental_matrix_th_0.75_conf_0.9999_max_iters_100000;;0.6263034473962132;0.6769964694976807;0.37100520730018616;0.04374319476544401;0.10915398401520164;0.2092475852280163;0.07868545576154984;0.18007016036854068;0.30885555824607586
aliked_lightglue_upright_true_nfeat_8000_resize_1024_model_aliked-n16rot;consensusclustering_th_7_max_tanimoto_similarity_0.75_cluster_assignment_hard;opencv_magsac_fundamental_matrix_th_0.75_conf_0.9999_max_iters_100000;;0.5899059067693925;0.5592343211174011;0.3977675437927246;0.05521513836358605;0.11700828054750334;0.2066737475099023;0.08858170369993261;0.18563777750153082;0.29529857285231464
aliked_lightglue_upright_true_nfeat_8000_resize_1024_model_aliked-n16rot;dematch_outdoor_false_inlier_threshold_0.0;opencv_magsac_fundamental_matrix_th_0.75_conf_0.9999_max_iters_100000;;0.7813035344588146;0.6434385776519775;0.22342760860919952;0.016130515823373482;0.04272763721121026;0.09970229636878747;0.0405070657267004;0.10132228133359726;0.19328079897883393
aliked_lightglue_upright_true_nfeat_8000_resize_1024_model_aliked-n16rot;convmatch_outdoor_false_inlier_threshold_0.0;opencv_magsac_fundamental_matrix_th_0.75_conf_0.9999_max_iters_100000;;0.7738283934479129;0.6433514952659607;0.23218950629234314;0.021560570274214392;0.06327586585061909;0.13697949509944232;0.04841087144404983;0.12509644977824155;0.23408070423516936
aliked_lightglue_upright_true_nfeat_8000_resize_1024_model_aliked-n16rot;fcgnn;opencv_magsac_fundamental_matrix_th_0.75_conf_0.9999_max_iters_100000;;0.43233432044941505;0.7079465389251709;0.5695604681968689;0.08746043579456272;0.18352195646970765;0.29701656964442913;0.12402017982453359;0.25355810659750444;0.39159484699873887
aliked_lightglue_upright_true_nfeat_8000_resize_1024_model_aliked-n16rot;clnet_inlier_threshold_0.0001;opencv_magsac_fundamental_matrix_th_0.75_conf_0.9999_max_iters_100000;;0.6406668406155861;0.6450973749160767;0.3566966652870178;0.030667008671774482;0.07948197245040098;0.15911403537719337;0.05946164591765161;0.14772636081578644;0.25527716955859947
aliked_lightglue_upright_true_nfeat_8000_resize_1024_model_aliked-n16rot;ms2dgnet;opencv_magsac_fundamental_matrix_th_0.75_conf_0.9999_max_iters_100000;;0.7180590182752545;0.6819292902946472;0.2596367299556732;0.02592802493261806;0.0687624037000715;0.14213886941656945;0.04358670055684826;0.10546160867017178;0.1946750725565563
aliked_lightglue_upright_true_nfeat_8000_resize_1024_model_aliked-n16rot;ncmnet_obj_geod_th_0.0001;opencv_magsac_fundamental_matrix_th_0.75_conf_0.9999_max_iters_100000;;0.6268740601873031;0.6378869414329529;0.368279367685318;0.03560298344482568;0.08420837377535714;0.16367221512183258;0.0702898383075711;0.16476622175555805;0.27542051171299636
