pipe_module_0;pipe_module_1;pipe_module_2;pipe_module_3;filtered_of_910;F_precision;F_recall;F_AUC@5;F_AUC@10;F_AUC@20;E_AUC@5;E_AUC@10;E_AUC@20
aliked_lightglue_upright_true_nfeat_8000_resize_1024_model_aliked-n16rot;;;;0.0;0.9295235872268677;0.9971556067466736;0.394193562377348;0.553057981777095;0.6976114056459587;0.45849734844787227;0.6298718530795825;0.765474360900916
aliked_lightglue_upright_true_nfeat_8000_resize_1024_model_aliked-n16rot;opencv_magsac_fundamental_matrix_th_1.0_conf_0.9999_max_iters_100000;;;0.1588376294019665;0.9563257694244385;0.8688300848007202;0.47294904276552285;0.6299972801092322;0.7527523658478182;0.4535200068209152;0.631056288026646;0.7701395822801863
aliked_lightglue_upright_true_nfeat_8000_resize_1024_model_aliked-n16rot;nnc_subpix_true_w_10_w_big_none_ref_images_both_scales_5_angles_5;;;0.0;0.7788110375404358;0.820155918598175;0.13754891789550763;0.26334701301864355;0.42899515167991914;0.32905075722008037;0.4695734010717432;0.6081553381807846
aliked_lightglue_upright_true_nfeat_8000_resize_1024_model_aliked-n16rot;nnc_subpix_true_w_10_w_big_none_ref_images_both_scales_5_angles_5;opencv_magsac_fundamental_matrix_th_1.0_conf_0.9999_max_iters_100000;;0.3681374568837817;0.8937358260154724;0.6200887560844421;0.27923702698862085;0.3887547857196689;0.5147905418704308;0.32414441042468745;0.47331743303654006;0.619118407106687
aliked_lightglue_upright_true_nfeat_8000_resize_1024_model_aliked-n16rot;miho_default_duplex;;;0.005172902819191065;0.929763674736023;0.9937713742256165;0.395366760999751;0.5564835014951816;0.7022946883214723;0.4578591638196462;0.631882388648246;0.7683186520820487
aliked_lightglue_upright_true_nfeat_8000_resize_1024_model_aliked-n16rot;miho_default_duplex;opencv_magsac_fundamental_matrix_th_1.0_conf_0.9999_max_iters_100000;;0.15997324987793338;0.9564797282218933;0.8681658506393433;0.4709848534774098;0.626008173873408;0.7499000847725991;0.45806881594912985;0.6321384431625898;0.7696858066005109
aliked_lightglue_upright_true_nfeat_8000_resize_1024_model_aliked-n16rot;miho_default_duplex;nnc_subpix_true_w_10_w_big_none_ref_images_both_scales_5_angles_5;;0.005172902819191065;0.8799615502357483;0.9449809193611145;0.19138928218279544;0.334647379110747;0.500487452473106;0.47568370071233995;0.65437878864195;0.7858679330809542
aliked_lightglue_upright_true_nfeat_8000_resize_1024_model_aliked-n16rot;miho_default_duplex;nnc_subpix_true_w_10_w_big_none_ref_images_both_scales_5_angles_5;opencv_magsac_fundamental_matrix_th_1.0_conf_0.9999_max_iters_100000;0.2146541521174246;0.9628940224647522;0.8226199746131897;0.4369413215497541;0.5871126945955958;0.7181611108569328;0.47663889748063754;0.6565573279491395;0.7895951370915519
aliked_lightglue_upright_true_nfeat_8000_resize_1024_model_aliked-n16rot;miho_default_unduplex;;;0.010460196208756215;0.9298849105834961;0.9902102947235107;0.4001088910623964;0.5610605148224923;0.7037786104219489;0.4651540928176117;0.6339023013255999;0.7675270359666607
aliked_lightglue_upright_true_nfeat_8000_resize_1024_model_aliked-n16rot;miho_default_unduplex;opencv_magsac_fundamental_matrix_th_1.0_conf_0.9999_max_iters_100000;;0.1628971693667039;0.956046998500824;0.8659812211990356;0.4680056684601035;0.6233136125353689;0.7479546764944114;0.4564464469776651;0.63410714495642;0.7700622958613758
aliked_lightglue_upright_true_nfeat_8000_resize_1024_model_aliked-n16rot;miho_default_unduplex;nnc_subpix_true_w_10_w_big_none_ref_images_both_scales_5_angles_5;;0.010460196208756215;0.877413809299469;0.9380696415901184;0.18581569572849962;0.3252385836742447;0.4842936133222522;0.46333731407793194;0.645876041853984;0.7824549921742048
aliked_lightglue_upright_true_nfeat_8000_resize_1024_model_aliked-n16rot;miho_default_unduplex;nnc_subpix_true_w_10_w_big_none_ref_images_both_scales_5_angles_5;opencv_magsac_fundamental_matrix_th_1.0_conf_0.9999_max_iters_100000;0.2205257459123151;0.9609386920928955;0.8157796263694763;0.4274987862044055;0.5747070176223501;0.7050962153924143;0.4686713707999971;0.6493581228184182;0.786762216052392
aliked_lightglue_upright_true_nfeat_8000_resize_1024_model_aliked-n16rot;gms;;;0.20692653282401838;0.9092839956283569;0.7956777215003967;0.3656669968651613;0.5169022228409375;0.6542951677129418;0.4179498603088028;0.5756021596929131;0.7029996098964709
aliked_lightglue_upright_true_nfeat_8000_resize_1024_model_aliked-n16rot;gms;opencv_magsac_fundamental_matrix_th_1.0_conf_0.9999_max_iters_100000;;0.3160906792773508;0.920166015625;0.704361617565155;0.42080557299940136;0.5652555149390504;0.6869353953021874;0.4126881172283346;0.578047116823693;0.7098274716252632
aliked_lightglue_upright_true_nfeat_8000_resize_1024_model_aliked-n16rot;oanet;;;0.8959672885993379;0.9434540867805481;0.10533129423856735;0.04666181821598391;0.10403137860658093;0.2165748905628228;0.10487009425567631;0.22428424908030511;0.3837711870790238
aliked_lightglue_upright_true_nfeat_8000_resize_1024_model_aliked-n16rot;oanet;opencv_magsac_fundamental_matrix_th_1.0_conf_0.9999_max_iters_100000;;0.9043590480356279;0.9473069310188293;0.09853263199329376;0.05061192082148921;0.11384324196702085;0.2278021381139593;0.11048948641054195;0.2266540685121848;0.3839912920700946
aliked_lightglue_upright_true_nfeat_8000_resize_1024_model_aliked-n16rot;adalam_th_0.6400000000000001_scale_th_1.5_ori_th_30;;;0.0;0.9295235872268677;0.9971556067466736;0.394193562377348;0.553057981777095;0.6976114056459587;0.45849734844787227;0.6298718530795825;0.765474360900916
aliked_lightglue_upright_true_nfeat_8000_resize_1024_model_aliked-n16rot;adalam_th_0.6400000000000001_scale_th_1.5_ori_th_30;opencv_magsac_fundamental_matrix_th_1.0_conf_0.9999_max_iters_100000;;0.1588376294019665;0.9563257694244385;0.8688300848007202;0.47294904276552285;0.6299972801092322;0.7527523658478182;0.4535200068209152;0.631056288026646;0.7701395822801863
aliked_lightglue_upright_true_nfeat_8000_resize_1024_model_aliked-n16rot;acne_outdoor_true;;;0.3969954542253238;0.9367243647575378;0.6075971126556396;0.20011452710753183;0.33706424364898774;0.4946524393938649;0.3159157275287606;0.5038645523962402;0.6712055293147945
aliked_lightglue_upright_true_nfeat_8000_resize_1024_model_aliked-n16rot;acne_outdoor_true;opencv_magsac_fundamental_matrix_th_1.0_conf_0.9999_max_iters_100000;;0.47229401242931895;0.9554829597473145;0.5450742244720459;0.24461388818531243;0.388004060684652;0.5419476191287675;0.32469357260847537;0.5146300948897132;0.6797826516200144
aliked_lightglue_upright_true_nfeat_8000_resize_1024_model_aliked-n16rot;consensusclustering_th_7_max_tanimoto_similarity_0.75_cluster_assignment_hard;;;0.17594622608734073;0.8623927235603333;0.8254368305206299;0.28810231937488207;0.4323034500038679;0.5742456316747748;0.3809544722250096;0.5486028818703523;0.6856788180520125
aliked_lightglue_upright_true_nfeat_8000_resize_1024_model_aliked-n16rot;consensusclustering_th_7_max_tanimoto_similarity_0.75_cluster_assignment_hard;opencv_magsac_fundamental_matrix_th_1.0_conf_0.9999_max_iters_100000;;0.2981635773032084;0.8835597038269043;0.7248924970626831;0.34497949669514294;0.487299145741099;0.6157923148914379;0.3914112025953327;0.562524202101921;0.6951668267643436
aliked_lightglue_upright_true_nfeat_8000_resize_1024_model_aliked-n16rot;dematch_outdoor_true_inlier_threshold_0.0;;;0.6463146323596765;0.9335304498672485;0.3544286787509918;0.1166056297156169;0.23184383469438105;0.38690069624131695;0.22367107616051904;0.4004451044188195;0.5826630046097045
aliked_lightglue_upright_true_nfeat_8000_resize_1024_model_aliked-n16rot;dematch_outdoor_true_inlier_threshold_0.0;opencv_magsac_fundamental_matrix_th_1.0_conf_0.9999_max_iters_100000;;0.686508852987765;0.9478891491889954;0.3215706944465637;0.1417309832055807;0.25716459352784005;0.4047266417910528;0.22244932638331924;0.4017863585987619;0.5887470560150614
aliked_lightglue_upright_true_nfeat_8000_resize_1024_model_aliked-n16rot;convmatch_outdoor_true_inlier_threshold_0.0;;;0.6567321632583543;0.9306445121765137;0.3438834547996521;0.13935294473474988;0.2523639139929061;0.40238133495859;0.23123781959697776;0.4037502370220286;0.5799794253244042
aliked_lightglue_upright_true_nfeat_8000_resize_1024_model_aliked-n16rot;convmatch_outdoor_true_inlier_threshold_0.0;opencv_magsac_fundamental_matrix_th_1.0_conf_0.9999_max_iters_100000;;0.6963845556721135;0.9430555701255798;0.3120300769805908;0.15499035649551618;0.2703035441427059;0.4209381439146558;0.23815614578322825;0.40668223200057596;0.5841895416606667
aliked_lightglue_upright_true_nfeat_8000_resize_1024_model_aliked-n16rot;fcgnn;;;0.13688917308958198;0.9688658714294434;0.909310519695282;0.48977247480976266;0.6458769245962965;0.7681149967959515;0.484117794909506;0.6632369368264515;0.7951783967493185
aliked_lightglue_upright_true_nfeat_8000_resize_1024_model_aliked-n16rot;fcgnn;opencv_magsac_fundamental_matrix_th_1.0_conf_0.9999_max_iters_100000;;0.15664465935300897;0.9724279046058655;0.8935074806213379;0.5167294672848328;0.6679694452588019;0.7839482201262523;0.49761089026880817;0.6686728092782002;0.795032193931446
aliked_lightglue_upright_true_nfeat_8000_resize_1024_model_aliked-n16rot;clnet_inlier_threshold_0.0001;;;0.14873528583464396;0.9336800575256348;0.8530980348587036;0.21130005570510152;0.3459037995828023;0.5017280645165118;0.3501454353862348;0.5399276572531824;0.6955800782189341
aliked_lightglue_upright_true_nfeat_8000_resize_1024_model_aliked-n16rot;clnet_inlier_threshold_0.0001;opencv_magsac_fundamental_matrix_th_1.0_conf_0.9999_max_iters_100000;;0.2661906984327664;0.9541218280792236;0.7563710808753967;0.26754496197425465;0.41122339258039176;0.5681700232589941;0.36077833418073435;0.5495205398487581;0.7092157973260067
aliked_lightglue_upright_true_nfeat_8000_resize_1024_model_aliked-n16rot;ms2dgnet;;;0.7080427011574335;0.9383032917976379;0.29363521933555603;0.21738538805552263;0.3604756766029524;0.5267440944363145;0.2217757914984367;0.3728473759105078;0.5369528310176501
aliked_lightglue_upright_true_nfeat_8000_resize_1024_model_aliked-n16rot;ms2dgnet;opencv_magsac_fundamental_matrix_th_1.0_conf_0.9999_max_iters_100000;;0.7475905011128077;0.9563701152801514;0.2618870139122009;0.22509975927541692;0.36835001190192773;0.5233124964345157;0.21691381397179282;0.37618483477496223;0.5513796789897765
aliked_lightglue_upright_true_nfeat_8000_resize_1024_model_aliked-n16rot;ncmnet_obj_geod_th_0.0001;;;0.13493863570838496;0.9343892931938171;0.867781400680542;0.21776962245448597;0.3526029673936184;0.5140680870245641;0.35716052398944365;0.549144594029855;0.7036030686761879
aliked_lightglue_upright_true_nfeat_8000_resize_1024_model_aliked-n16rot;ncmnet_obj_geod_th_0.0001;opencv_magsac_fundamental_matrix_th_1.0_conf_0.9999_max_iters_100000;;0.25513858883234003;0.953842282295227;0.7685239315032959;0.268441218653406;0.41529780467054866;0.5692394799420393;0.354770652463951;0.542708038969707;0.7024595472554367
aliked_lightglue_upright_true_nfeat_8000_resize_1024_model_aliked-n16rot;opencv_magsac_fundamental_matrix_th_0.75_conf_0.9999_max_iters_100000;;;0.237148589307422;0.9622535705566406;0.7940444350242615;0.47256222744126386;0.6282834162428308;0.7529761377483422;0.46948383599556254;0.6483658320751979;0.7827742265691786
aliked_lightglue_upright_true_nfeat_8000_resize_1024_model_aliked-n16rot;nnc_subpix_true_w_10_w_big_none_ref_images_both_scales_5_angles_5;opencv_magsac_fundamental_matrix_th_0.75_conf_0.9999_max_iters_100000;;0.42672932920998846;0.8984366655349731;0.5671362280845642;0.28688960809473407;0.3961993204650941;0.5190230938473801;0.3271957499206516;0.4773826191495846;0.6242081989008812
aliked_lightglue_upright_true_nfeat_8000_resize_1024_model_aliked-n16rot;miho_default_duplex;opencv_magsac_fundamental_matrix_th_0.75_conf_0.9999_max_iters_100000;;0.23827896690247022;0.962205708026886;0.7933290004730225;0.47027640055912856;0.624293684118977;0.7494064898739614;0.469203782502919;0.646905025808993;0.7819896309541566
aliked_lightglue_upright_true_nfeat_8000_resize_1024_model_aliked-n16rot;miho_default_duplex;nnc_subpix_true_w_10_w_big_none_ref_images_both_scales_5_angles_5;opencv_magsac_fundamental_matrix_th_0.75_conf_0.9999_max_iters_100000;0.2553751563605719;0.9664072394371033;0.7836867570877075;0.44762718622580555;0.5956517147445359;0.7270021115945722;0.4672473667492369;0.6437962405143504;0.7747798894958257
aliked_lightglue_upright_true_nfeat_8000_resize_1024_model_aliked-n16rot;miho_default_unduplex;opencv_magsac_fundamental_matrix_th_0.75_conf_0.9999_max_iters_100000;;0.2412273228574525;0.9617661833763123;0.7910769581794739;0.4688287736964861;0.626156015278639;0.750416816845259;0.4698991747437827;0.6464433983914593;0.7790493505683767
aliked_lightglue_upright_true_nfeat_8000_resize_1024_model_aliked-n16rot;miho_default_unduplex;nnc_subpix_true_w_10_w_big_none_ref_images_both_scales_5_angles_5;opencv_magsac_fundamental_matrix_th_0.75_conf_0.9999_max_iters_100000;0.2622472833593607;0.9649337530136108;0.7762446999549866;0.4340133168770099;0.5775150242295672;0.7068196231440662;0.4620060903139618;0.6439213974793222;0.7823986387132823
aliked_lightglue_upright_true_nfeat_8000_resize_1024_model_aliked-n16rot;gms;opencv_magsac_fundamental_matrix_th_0.75_conf_0.9999_max_iters_100000;;0.3743764985215915;0.9249067306518555;0.6484503149986267;0.4179139477498978;0.5671503011762045;0.6905307603133959;0.4199698472300115;0.5842806424275735;0.7131532555869723
aliked_lightglue_upright_true_nfeat_8000_resize_1024_model_aliked-n16rot;oanet;opencv_magsac_fundamental_matrix_th_0.75_conf_0.9999_max_iters_100000;;0.9094413509598177;0.9496682286262512;0.09364002197980881;0.056347097263544796;0.11990429944613812;0.23540268068990908;0.10695353699691634;0.21858782210122168;0.38355187070323316
aliked_lightglue_upright_true_nfeat_8000_resize_1024_model_aliked-n16rot;adalam_th_0.6400000000000001_scale_th_1.5_ori_th_30;opencv_magsac_fundamental_matrix_th_0.75_conf_0.9999_max_iters_100000;;0.23715124534991866;0.9622535705566406;0.794041633605957;0.47256222744126386;0.6282834162428308;0.7529761377483422;0.46948383599556254;0.6482623226780109;0.7826173318353981
aliked_lightglue_upright_true_nfeat_8000_resize_1024_model_aliked-n16rot;acne_outdoor_true;opencv_magsac_fundamental_matrix_th_0.75_conf_0.9999_max_iters_100000;;0.5159591277194595;0.9604762196540833;0.5031784772872925;0.2473884769311432;0.3906066026156737;0.5459395743901128;0.33422590019749826;0.5259397802366128;0.6918038493212924
aliked_lightglue_upright_true_nfeat_8000_resize_1024_model_aliked-n16rot;consensusclustering_th_7_max_tanimoto_similarity_0.75_cluster_assignment_hard;opencv_magsac_fundamental_matrix_th_0.75_conf_0.9999_max_iters_100000;;0.3618598350999329;0.8886384963989258;0.663303792476654;0.3446013135094298;0.4883660545203208;0.6211021670879905;0.39264759928385906;0.5617705914774127;0.6949460239904772
aliked_lightglue_upright_true_nfeat_8000_resize_1024_model_aliked-n16rot;dematch_outdoor_true_inlier_threshold_0.0;opencv_magsac_fundamental_matrix_th_0.75_conf_0.9999_max_iters_100000;;0.7111720214864672;0.9520571827888489;0.29793596267700195;0.1470003667918768;0.2627138689922224;0.4048079479975784;0.2194904126322001;0.3999245637869732;0.5818624566569619
aliked_lightglue_upright_true_nfeat_8000_resize_1024_model_aliked-n16rot;convmatch_outdoor_true_inlier_threshold_0.0;opencv_magsac_fundamental_matrix_th_0.75_conf_0.9999_max_iters_100000;;0.7206521270685539;0.9471103549003601;0.2886894941329956;0.16266431383162766;0.2836428608257542;0.429242839387578;0.23412797376743674;0.4105712324113663;0.5905438198453259
aliked_lightglue_upright_true_nfeat_8000_resize_1024_model_aliked-n16rot;fcgnn;opencv_magsac_fundamental_matrix_th_0.75_conf_0.9999_max_iters_100000;;0.17312066720208763;0.9735106229782104;0.8769217729568481;0.5172079840282691;0.6691167381474618;0.7845541425789732;0.4945614414621849;0.6638017485571679;0.793188614978428
aliked_lightglue_upright_true_nfeat_8000_resize_1024_model_aliked-n16rot;clnet_inlier_threshold_0.0001;opencv_magsac_fundamental_matrix_th_0.75_conf_0.9999_max_iters_100000;;0.329950857329297;0.9592964053153992;0.6953326463699341;0.2697616678971472;0.4122725709727851;0.5640827370804142;0.3693067197975167;0.5581785128461971;0.7121808869594066
aliked_lightglue_upright_true_nfeat_8000_resize_1024_model_aliked-n16rot;ms2dgnet;opencv_magsac_fundamental_matrix_th_0.75_conf_0.9999_max_iters_100000;;0.7684146012928311;0.9612783193588257;0.2418215274810791;0.22843436260227837;0.37177593111460655;0.5266576386130711;0.22027524670736548;0.38375523490729646;0.5602423601288387
aliked_lightglue_upright_true_nfeat_8000_resize_1024_model_aliked-n16rot;ncmnet_obj_geod_th_0.0001;opencv_magsac_fundamental_matrix_th_0.75_conf_0.9999_max_iters_100000;;0.3202805058839647;0.9590485692024231;0.7061612010002136;0.27211172667087513;0.42290670965435184;0.5801576158316464;0.37527760951823924;0.5601200533267642;0.7164806581856424
