pipe_module_0;pipe_module_1;pipe_module_2;pipe_module_3;filtered_of_2205;H_precision;H_recall;H_AUC@5;H_AUC@10;H_AUC@15
dedodev2_th_0.01_nfeat_8000_upright_true;;;;0.0;0.6115118861198425;0.9422222375869751;0.02060707516140408;0.04373453104937518;0.07163505719031818
dedodev2_th_0.01_nfeat_8000_upright_true;opencv_magsac_homography_th_1.0_conf_0.9999_max_iters_100000;;;0.6394302468694958;0.8171008825302124;0.47914445400238037;0.41115305787435286;0.5513204780855665;0.6147489859494898
dedodev2_th_0.01_nfeat_8000_upright_true;nnc_subpix_true_w_10_w_big_none_ref_images_both_scales_5_angles_5;;;0.0;0.5193291306495667;0.7556468844413757;0.019400758919892486;0.0431628355273494;0.07129252451437491
dedodev2_th_0.01_nfeat_8000_upright_true;nnc_subpix_true_w_10_w_big_none_ref_images_both_scales_5_angles_5;opencv_magsac_homography_th_1.0_conf_0.9999_max_iters_100000;;0.7299787600209366;0.7977445125579834;0.3405148983001709;0.3835865367673062;0.530621766552881;0.5995246396498916
dedodev2_th_0.01_nfeat_8000_upright_true;miho_default_duplex;;;0.1632377054835961;0.6517118811607361;0.9076287746429443;0.08154289510515003;0.14271340043456468;0.18390641783490597
dedodev2_th_0.01_nfeat_8000_upright_true;miho_default_duplex;opencv_magsac_homography_th_1.0_conf_0.9999_max_iters_100000;;0.6387390722736555;0.8206499218940735;0.48711150884628296;0.41778213780787254;0.5559778031458458;0.623293724404073
dedodev2_th_0.01_nfeat_8000_upright_true;miho_default_duplex;nnc_subpix_true_w_10_w_big_none_ref_images_both_scales_5_angles_5;;0.1632377054835961;0.669405460357666;0.9416397213935852;0.08316683619110672;0.14415223046585365;0.18259378100618903
dedodev2_th_0.01_nfeat_8000_upright_true;miho_default_duplex;nnc_subpix_true_w_10_w_big_none_ref_images_both_scales_5_angles_5;opencv_magsac_homography_th_1.0_conf_0.9999_max_iters_100000;0.4899582190135614;0.816535234451294;0.6958449482917786;0.42056419971502496;0.5592602450683437;0.6237571796319552
dedodev2_th_0.01_nfeat_8000_upright_true;miho_default_unduplex;;;0.21443546550570922;0.6782917380332947;0.8958209753036499;0.1485834061547562;0.22727846869164042;0.2808100164635682
dedodev2_th_0.01_nfeat_8000_upright_true;miho_default_unduplex;opencv_magsac_homography_th_1.0_conf_0.9999_max_iters_100000;;0.6398604822645335;0.8173511624336243;0.4868799149990082;0.41864221349358566;0.5595108510250295;0.6256918173274141
dedodev2_th_0.01_nfeat_8000_upright_true;miho_default_unduplex;nnc_subpix_true_w_10_w_big_none_ref_images_both_scales_5_angles_5;;0.21443546550570922;0.6947435140609741;0.933728814125061;0.14408629677913806;0.22331835541460246;0.2776338558874013
dedodev2_th_0.01_nfeat_8000_upright_true;miho_default_unduplex;nnc_subpix_true_w_10_w_big_none_ref_images_both_scales_5_angles_5;opencv_magsac_homography_th_1.0_conf_0.9999_max_iters_100000;0.4906118658585603;0.8231118321418762;0.6996924877166748;0.41689052596274345;0.5621008347423264;0.6281984666435991
dedodev2_th_0.01_nfeat_8000_upright_true;gms;;;0.35762535335116397;0.71527099609375;0.7495995759963989;0.24003609652872435;0.3454946987496482;0.40870732953518996
dedodev2_th_0.01_nfeat_8000_upright_true;gms;opencv_magsac_homography_th_1.0_conf_0.9999_max_iters_100000;;0.673308425680927;0.806302011013031;0.4276743531227112;0.3846959555673378;0.5217678990228861;0.5892108755963453
dedodev2_th_0.01_nfeat_8000_upright_true;oanet;;;0.8046961569978414;0.7127195000648499;0.2579862177371979;0.05628730762887885;0.12802338506336566;0.16679062863190972
dedodev2_th_0.01_nfeat_8000_upright_true;oanet;opencv_magsac_homography_th_1.0_conf_0.9999_max_iters_100000;;0.8891142482172592;0.7918291687965393;0.15727025270462036;0.2537971978496622;0.42744660597156603;0.5123307216829724
dedodev2_th_0.01_nfeat_8000_upright_true;adalam_th_0.6400000000000001_scale_th_1.5_ori_th_30;;;0.0;0.6115118861198425;0.9422222375869751;0.02060707516140408;0.04373453104937518;0.07163505719031818
dedodev2_th_0.01_nfeat_8000_upright_true;adalam_th_0.6400000000000001_scale_th_1.5_ori_th_30;opencv_magsac_homography_th_1.0_conf_0.9999_max_iters_100000;;0.6394302468694958;0.8171008825302124;0.47914445400238037;0.41115305787435286;0.5513204780855665;0.6147489859494898
dedodev2_th_0.01_nfeat_8000_upright_true;acne_outdoor_true;;;0.42857472661817964;0.7271050214767456;0.6910092830657959;0.22564828708215998;0.3506999865891757;0.41607972808458193
dedodev2_th_0.01_nfeat_8000_upright_true;acne_outdoor_true;opencv_magsac_homography_th_1.0_conf_0.9999_max_iters_100000;;0.6964187987499303;0.8052970767021179;0.4074806869029999;0.3620153604061515;0.5080193933016723;0.5766329923198548
dedodev2_th_0.01_nfeat_8000_upright_true;consensusclustering_th_7_max_tanimoto_similarity_0.75_cluster_assignment_hard;;;0.15480177591536481;0.7075209021568298;0.9178420305252075;0.2923883957333035;0.41983804490831167;0.4810948517881794
dedodev2_th_0.01_nfeat_8000_upright_true;consensusclustering_th_7_max_tanimoto_similarity_0.75_cluster_assignment_hard;opencv_magsac_homography_th_1.0_conf_0.9999_max_iters_100000;;0.638785847934271;0.8225839138031006;0.48524823784828186;0.41636717316729055;0.555565159307034;0.6220470270017783
dedodev2_th_0.01_nfeat_8000_upright_true;dematch_outdoor_true_inlier_threshold_0.0;;;0.6315068155746568;0.7321826815605164;0.4684050381183624;0.22480888224862242;0.37131117078717113;0.45091508511959766
dedodev2_th_0.01_nfeat_8000_upright_true;dematch_outdoor_true_inlier_threshold_0.0;opencv_magsac_homography_th_1.0_conf_0.9999_max_iters_100000;;0.7934654614789047;0.8049265146255493;0.2882899343967438;0.3057370564120787;0.4688681228238124;0.5452013656349829
dedodev2_th_0.01_nfeat_8000_upright_true;convmatch_outdoor_true_inlier_threshold_0.0;;;0.7852027451909181;0.6837139129638672;0.314937025308609;0.11071015538992705;0.24148968539856094;0.32588913542253006
dedodev2_th_0.01_nfeat_8000_upright_true;convmatch_outdoor_true_inlier_threshold_0.0;opencv_magsac_homography_th_1.0_conf_0.9999_max_iters_100000;;0.8864353538688832;0.7332697510719299;0.18477746844291687;0.19577644489429616;0.3457738433060823;0.42106174033365135
dedodev2_th_0.01_nfeat_8000_upright_true;fcgnn;;;0.3179159248905345;0.7366084456443787;0.8425038456916809;0.1938565123081207;0.29417762930746433;0.3492628055001482
dedodev2_th_0.01_nfeat_8000_upright_true;fcgnn;opencv_magsac_homography_th_1.0_conf_0.9999_max_iters_100000;;0.528313808277554;0.8141839504241943;0.619109570980072;0.396679625880939;0.552764786357681;0.6203617094236392
dedodev2_th_0.01_nfeat_8000_upright_true;clnet_inlier_threshold_0.0001;;;0.34272693772318885;0.7280003428459167;0.7912048101425171;0.2927716711494658;0.41238738805055625;0.47458331734309966
dedodev2_th_0.01_nfeat_8000_upright_true;clnet_inlier_threshold_0.0001;opencv_magsac_homography_th_1.0_conf_0.9999_max_iters_100000;;0.6590708179265496;0.8023015856742859;0.4515972137451172;0.4005968849029807;0.5443225537047341;0.6069710996176725
dedodev2_th_0.01_nfeat_8000_upright_true;ms2dgnet;;;0.7704004582234176;0.6653302311897278;0.2736688256263733;0.0;0.0;0.0
dedodev2_th_0.01_nfeat_8000_upright_true;ms2dgnet;opencv_magsac_homography_th_1.0_conf_0.9999_max_iters_100000;;0.8892141459360648;0.7725947499275208;0.16015219688415527;0.2075461189172886;0.37390400618314745;0.4584220823608799
dedodev2_th_0.01_nfeat_8000_upright_true;ncmnet_obj_geod_th_0.0001;;;0.325126046374272;0.7248651385307312;0.8082064390182495;0.2941452497133502;0.4125333353821879;0.47461412162324534
dedodev2_th_0.01_nfeat_8000_upright_true;ncmnet_obj_geod_th_0.0001;opencv_magsac_homography_th_1.0_conf_0.9999_max_iters_100000;;0.6480600203441557;0.800048828125;0.4638664722442627;0.41026934908496016;0.5429513007733557;0.6035999118030806
dedodev2_th_0.01_nfeat_8000_upright_true;opencv_magsac_homography_th_0.75_conf_0.9999_max_iters_100000;;;0.7375736958818574;0.8257132768630981;0.3534831702709198;0.41280284390405375;0.5545475866342031;0.6211082471557605
dedodev2_th_0.01_nfeat_8000_upright_true;nnc_subpix_true_w_10_w_big_none_ref_images_both_scales_5_angles_5;opencv_magsac_homography_th_0.75_conf_0.9999_max_iters_100000;;0.7951541969144201;0.8011690378189087;0.2593693137168884;0.37972216643255063;0.5226596210710704;0.5912221849760341
dedodev2_th_0.01_nfeat_8000_upright_true;miho_default_duplex;opencv_magsac_homography_th_0.75_conf_0.9999_max_iters_100000;;0.7361088944912585;0.8249574303627014;0.35813963413238525;0.4128385252919462;0.549700426991891;0.6199894776333262
dedodev2_th_0.01_nfeat_8000_upright_true;miho_default_duplex;nnc_subpix_true_w_10_w_big_none_ref_images_both_scales_5_angles_5;opencv_magsac_homography_th_0.75_conf_0.9999_max_iters_100000;0.5693043174836429;0.8193961381912231;0.5910999178886414;0.42038731138187424;0.5640953872173473;0.6298787644036391
dedodev2_th_0.01_nfeat_8000_upright_true;miho_default_unduplex;opencv_magsac_homography_th_0.75_conf_0.9999_max_iters_100000;;0.7389552300105119;0.8256160020828247;0.358506441116333;0.4220052737659878;0.5608762488983295;0.624092886330169
dedodev2_th_0.01_nfeat_8000_upright_true;miho_default_unduplex;nnc_subpix_true_w_10_w_big_none_ref_images_both_scales_5_angles_5;opencv_magsac_homography_th_0.75_conf_0.9999_max_iters_100000;0.5711875543113765;0.8268032073974609;0.5930091738700867;0.41070803831710856;0.5557866464479377;0.6258441607585109
dedodev2_th_0.01_nfeat_8000_upright_true;gms;opencv_magsac_homography_th_0.75_conf_0.9999_max_iters_100000;;0.7602306612268842;0.8097366094589233;0.31598544120788574;0.3846889938634855;0.5282173800220092;0.5923301445242063
dedodev2_th_0.01_nfeat_8000_upright_true;oanet;opencv_magsac_homography_th_0.75_conf_0.9999_max_iters_100000;;0.9140252976848077;0.7988267540931702;0.12173569202423096;0.25277902377976313;0.42015903201368127;0.4971275669409906
dedodev2_th_0.01_nfeat_8000_upright_true;adalam_th_0.6400000000000001_scale_th_1.5_ori_th_30;opencv_magsac_homography_th_0.75_conf_0.9999_max_iters_100000;;0.7375736958818574;0.8257132768630981;0.3534831702709198;0.41280284390405375;0.5545475866342031;0.6211082471557605
dedodev2_th_0.01_nfeat_8000_upright_true;acne_outdoor_true;opencv_magsac_homography_th_0.75_conf_0.9999_max_iters_100000;;0.7732818787972584;0.8100444674491882;0.30812472105026245;0.3624452537463771;0.5097230457128198;0.5788579859391406
dedodev2_th_0.01_nfeat_8000_upright_true;consensusclustering_th_7_max_tanimoto_similarity_0.75_cluster_assignment_hard;opencv_magsac_homography_th_0.75_conf_0.9999_max_iters_100000;;0.7353179712516413;0.8267563581466675;0.3589482009410858;0.41565341331340655;0.5466941779631156;0.6150280754065809
dedodev2_th_0.01_nfeat_8000_upright_true;dematch_outdoor_true_inlier_threshold_0.0;opencv_magsac_homography_th_0.75_conf_0.9999_max_iters_100000;;0.8408958497308412;0.81045001745224;0.2243644744157791;0.2927624444553146;0.4511689489831527;0.5318108692857219
dedodev2_th_0.01_nfeat_8000_upright_true;convmatch_outdoor_true_inlier_threshold_0.0;opencv_magsac_homography_th_0.75_conf_0.9999_max_iters_100000;;0.9114669124398764;0.7392361164093018;0.14832468330860138;0.2019329591592153;0.34562673310438796;0.41813982214456724
dedodev2_th_0.01_nfeat_8000_upright_true;fcgnn;opencv_magsac_homography_th_0.75_conf_0.9999_max_iters_100000;;0.6118618806845665;0.8130319118499756;0.51320481300354;0.4032924180284695;0.5431225507209699;0.6118934338677813
dedodev2_th_0.01_nfeat_8000_upright_true;clnet_inlier_threshold_0.0001;opencv_magsac_homography_th_0.75_conf_0.9999_max_iters_100000;;0.7492735495178283;0.8074864149093628;0.33743348717689514;0.39974474089013207;0.5431229963733092;0.6034139257411899
dedodev2_th_0.01_nfeat_8000_upright_true;ms2dgnet;opencv_magsac_homography_th_0.75_conf_0.9999_max_iters_100000;;0.9134402398377367;0.7801694273948669;0.12515710294246674;0.19795088330904642;0.3507437650583408;0.4393934648566776
dedodev2_th_0.01_nfeat_8000_upright_true;ncmnet_obj_geod_th_0.0001;opencv_magsac_homography_th_0.75_conf_0.9999_max_iters_100000;;0.7428014492377083;0.8016276359558105;0.34178975224494934;0.40925967874350366;0.5358408805396822;0.5995065270677026
