pipe_module_0;pipe_module_1;pipe_module_2;pipe_module_3;filtered_of_1038;H_precision;H_recall;H_AUC@5;H_AUC@10;H_AUC@15
sift_upright_true_rootsift_true_th_0.95_nfeat_8000;;;;0.0;0.44375720620155334;0.9041975140571594;0.0;0.004141807202939635;0.007023217472029321
sift_upright_true_rootsift_true_th_0.95_nfeat_8000;opencv_magsac_homography_th_1.0_conf_0.9999_max_iters_100000;;;0.6907156670138651;0.7334949374198914;0.5003744959831238;0.36606292933915496;0.5010750298898805;0.5576044380430271
sift_upright_true_rootsift_true_th_0.95_nfeat_8000;nnc_subpix_true_w_10_w_big_none_ref_images_both_scales_5_angles_5;;;0.0;0.43611207604408264;0.8965445160865784;0.0;0.004162322503549082;0.0070567262908558795
sift_upright_true_rootsift_true_th_0.95_nfeat_8000;nnc_subpix_true_w_10_w_big_none_ref_images_both_scales_5_angles_5;opencv_magsac_homography_th_1.0_conf_0.9999_max_iters_100000;;0.6976378818705494;0.7443050742149353;0.4826677143573761;0.36042945681070837;0.4910388971051133;0.549015947257479
sift_upright_true_rootsift_true_th_0.95_nfeat_8000;miho_default_duplex;;;0.4698944962717682;0.6376901865005493;0.7860406637191772;0.21458123948838975;0.30679516703994186;0.353455811371038
sift_upright_true_rootsift_true_th_0.95_nfeat_8000;miho_default_duplex;opencv_magsac_homography_th_1.0_conf_0.9999_max_iters_100000;;0.6946856119874004;0.7291379570960999;0.49261394143104553;0.34999950463711116;0.4829724258053359;0.5435449486662761
sift_upright_true_rootsift_true_th_0.95_nfeat_8000;miho_default_duplex;nnc_subpix_true_w_10_w_big_none_ref_images_both_scales_5_angles_5;;0.4698944962717682;0.6510462164878845;0.8147051334381104;0.21704561422268548;0.3048865876981506;0.35026979309173273
sift_upright_true_rootsift_true_th_0.95_nfeat_8000;miho_default_duplex;nnc_subpix_true_w_10_w_big_none_ref_images_both_scales_5_angles_5;opencv_magsac_homography_th_1.0_conf_0.9999_max_iters_100000;0.6165818978376912;0.730278491973877;0.6366419196128845;0.3611460622620803;0.4996042428427824;0.5528225816482747
sift_upright_true_rootsift_true_th_0.95_nfeat_8000;miho_default_unduplex;;;0.5011712765486117;0.6607929468154907;0.7618306279182434;0.3160549370006279;0.43156337161858876;0.48381254895233816
sift_upright_true_rootsift_true_th_0.95_nfeat_8000;miho_default_unduplex;opencv_magsac_homography_th_1.0_conf_0.9999_max_iters_100000;;0.6967794104993229;0.7161214351654053;0.4793495237827301;0.36411065143153626;0.4959791980276781;0.5492074680535329
sift_upright_true_rootsift_true_th_0.95_nfeat_8000;miho_default_unduplex;nnc_subpix_true_w_10_w_big_none_ref_images_both_scales_5_angles_5;;0.5011712765486117;0.6718763113021851;0.7804118990898132;0.3086166927328816;0.43136128450985317;0.480166782265828
sift_upright_true_rootsift_true_th_0.95_nfeat_8000;miho_default_unduplex;nnc_subpix_true_w_10_w_big_none_ref_images_both_scales_5_angles_5;opencv_magsac_homography_th_1.0_conf_0.9999_max_iters_100000;0.6170455602686096;0.7158057689666748;0.6240906715393066;0.354479226216122;0.4937985500748511;0.5505925472393448
sift_upright_true_rootsift_true_th_0.95_nfeat_8000;gms;;;0.6503110060059109;0.612049400806427;0.4627614915370941;0.26431765925001216;0.36943571840171463;0.4157901976358744
sift_upright_true_rootsift_true_th_0.95_nfeat_8000;gms;opencv_magsac_homography_th_1.0_conf_0.9999_max_iters_100000;;0.7634276323497403;0.6286453604698181;0.3263976275920868;0.2991038761412104;0.4117954906317647;0.46035499375865413
sift_upright_true_rootsift_true_th_0.95_nfeat_8000;oanet;;;0.7802040782011825;0.6840123534202576;0.41673293709754944;0.15473433165638534;0.25532198653176985;0.3096534584996141
sift_upright_true_rootsift_true_th_0.95_nfeat_8000;oanet;opencv_magsac_homography_th_1.0_conf_0.9999_max_iters_100000;;0.8581084194918264;0.7254080176353455;0.2664848566055298;0.27549943480226724;0.42702739988212224;0.49468727458406375
sift_upright_true_rootsift_true_th_0.95_nfeat_8000;adalam_th_0.6400000000000001_scale_th_1.5_ori_th_30;;;0.8066914734469165;0.6316062211990356;0.2589189410209656;0.20811828595620616;0.3107822235425314;0.3535926129494184
sift_upright_true_rootsift_true_th_0.95_nfeat_8000;adalam_th_0.6400000000000001_scale_th_1.5_ori_th_30;opencv_magsac_homography_th_1.0_conf_0.9999_max_iters_100000;;0.8494857407062602;0.6072520017623901;0.2040981948375702;0.2703735710846053;0.39749390791411754;0.4522860038096522
sift_upright_true_rootsift_true_th_0.95_nfeat_8000;acne_outdoor_true;;;0.5404623806124871;0.6612075567245483;0.7086907029151917;0.174761484855855;0.24204628972819558;0.27723374044269694
sift_upright_true_rootsift_true_th_0.95_nfeat_8000;acne_outdoor_true;opencv_magsac_homography_th_1.0_conf_0.9999_max_iters_100000;;0.7279592000958657;0.7424983978271484;0.4447824954986572;0.3223566508265558;0.46978230198086407;0.5398277560860655
sift_upright_true_rootsift_true_th_0.95_nfeat_8000;consensusclustering_th_7_max_tanimoto_similarity_0.75_cluster_assignment_hard;;;0.273347266677967;0.667657732963562;0.8962119221687317;0.3436951437702885;0.46105849186579384;0.5096324529176877
sift_upright_true_rootsift_true_th_0.95_nfeat_8000;consensusclustering_th_7_max_tanimoto_similarity_0.75_cluster_assignment_hard;opencv_magsac_homography_th_1.0_conf_0.9999_max_iters_100000;;0.692855133487911;0.733640730381012;0.49548032879829407;0.3626646274397219;0.49399515802454613;0.5471218719991084
sift_upright_true_rootsift_true_th_0.95_nfeat_8000;dematch_outdoor_true_inlier_threshold_0.0;;;0.6433419849064889;0.6516098380088806;0.5754539966583252;0.23746444875443426;0.34929144928300826;0.4007622007565734
sift_upright_true_rootsift_true_th_0.95_nfeat_8000;dematch_outdoor_true_inlier_threshold_0.0;opencv_magsac_homography_th_1.0_conf_0.9999_max_iters_100000;;0.7919062497421432;0.7273815870285034;0.36091771721839905;0.2914088572948067;0.4391766219061834;0.5093196823751486
sift_upright_true_rootsift_true_th_0.95_nfeat_8000;convmatch_outdoor_true_inlier_threshold_0.0;;;0.7107093734788524;0.6395506858825684;0.5095593333244324;0.1773571535172286;0.291495039275399;0.3542472416015319
sift_upright_true_rootsift_true_th_0.95_nfeat_8000;convmatch_outdoor_true_inlier_threshold_0.0;opencv_magsac_homography_th_1.0_conf_0.9999_max_iters_100000;;0.8461911961826839;0.7010632157325745;0.3068191409111023;0.22787165063398857;0.3713449007714237;0.44276410251487913
sift_upright_true_rootsift_true_th_0.95_nfeat_8000;fcgnn;;;0.5432485716415895;0.720809817314148;0.710444450378418;0.28818309261843006;0.40081504896283154;0.4579741779632039
sift_upright_true_rootsift_true_th_0.95_nfeat_8000;fcgnn;opencv_magsac_homography_th_1.0_conf_0.9999_max_iters_100000;;0.6357073342606268;0.7450892329216003;0.5721991658210754;0.3306281293542297;0.4672842164723961;0.5258593199797619
sift_upright_true_rootsift_true_th_0.95_nfeat_8000;clnet_inlier_threshold_0.0001;;;0.5070637472330779;0.6833534836769104;0.7640781998634338;0.20395133602398413;0.28162963214295883;0.33685483285306417
sift_upright_true_rootsift_true_th_0.95_nfeat_8000;clnet_inlier_threshold_0.0001;opencv_magsac_homography_th_1.0_conf_0.9999_max_iters_100000;;0.693092687331247;0.7419320344924927;0.4915831387042999;0.36136733635294227;0.4935220620236187;0.5504769766096164
sift_upright_true_rootsift_true_th_0.95_nfeat_8000;ms2dgnet;;;0.7084430095840467;0.5868569612503052;0.44679972529411316;0.0;0.0;0.0
sift_upright_true_rootsift_true_th_0.95_nfeat_8000;ms2dgnet;opencv_magsac_homography_th_1.0_conf_0.9999_max_iters_100000;;0.8541843024535396;0.7166193127632141;0.27928024530410767;0.2575159615057486;0.4079878825611539;0.4778968682112517
sift_upright_true_rootsift_true_th_0.95_nfeat_8000;ncmnet_obj_geod_th_0.0001;;;0.5090757438894787;0.6840757131576538;0.761442244052887;0.19322312400296884;0.2934986913259383;0.35000494524652576
sift_upright_true_rootsift_true_th_0.95_nfeat_8000;ncmnet_obj_geod_th_0.0001;opencv_magsac_homography_th_1.0_conf_0.9999_max_iters_100000;;0.6956783653605507;0.7432064414024353;0.4899848997592926;0.35762256319876073;0.49616418740263696;0.5530437865595759
sift_upright_true_rootsift_true_th_0.95_nfeat_8000;opencv_magsac_homography_th_0.75_conf_0.9999_max_iters_100000;;;0.7534402706481117;0.7343279719352722;0.3987549841403961;0.3643267490121502;0.4949425458845993;0.5466483927320367
sift_upright_true_rootsift_true_th_0.95_nfeat_8000;nnc_subpix_true_w_10_w_big_none_ref_images_both_scales_5_angles_5;opencv_magsac_homography_th_0.75_conf_0.9999_max_iters_100000;;0.7589888359612262;0.7433672547340393;0.3822553753852844;0.3532518150822984;0.4832523558192231;0.539448496521807
sift_upright_true_rootsift_true_th_0.95_nfeat_8000;miho_default_duplex;opencv_magsac_homography_th_0.75_conf_0.9999_max_iters_100000;;0.7564389193619965;0.7327748537063599;0.3935575485229492;0.3617157519401776;0.4898904298901282;0.5434273161743711
sift_upright_true_rootsift_true_th_0.95_nfeat_8000;miho_default_duplex;nnc_subpix_true_w_10_w_big_none_ref_images_both_scales_5_angles_5;opencv_magsac_homography_th_0.75_conf_0.9999_max_iters_100000;0.6699289087749329;0.7347127199172974;0.5516321063041687;0.3648214894008857;0.5018083605570374;0.5543704740252392
sift_upright_true_rootsift_true_th_0.95_nfeat_8000;miho_default_unduplex;opencv_magsac_homography_th_0.75_conf_0.9999_max_iters_100000;;0.7607272280099353;0.7200802564620972;0.37868762016296387;0.3637386104009218;0.4964572553771237;0.5527879032414452
sift_upright_true_rootsift_true_th_0.95_nfeat_8000;miho_default_unduplex;nnc_subpix_true_w_10_w_big_none_ref_images_both_scales_5_angles_5;opencv_magsac_homography_th_0.75_conf_0.9999_max_iters_100000;0.671447412519397;0.7196888327598572;0.5411831736564636;0.35314412186543154;0.4910280527836747;0.5472267132004103
sift_upright_true_rootsift_true_th_0.95_nfeat_8000;gms;opencv_magsac_homography_th_0.75_conf_0.9999_max_iters_100000;;0.8057275728448489;0.630327582359314;0.2675330638885498;0.2902752725159129;0.40249008394432845;0.451053781416957
sift_upright_true_rootsift_true_th_0.95_nfeat_8000;oanet;opencv_magsac_homography_th_0.75_conf_0.9999_max_iters_100000;;0.8820208691829106;0.7286921739578247;0.22063088417053223;0.27974251694149443;0.425414341379095;0.49121507285553734
sift_upright_true_rootsift_true_th_0.95_nfeat_8000;adalam_th_0.6400000000000001_scale_th_1.5_ori_th_30;opencv_magsac_homography_th_0.75_conf_0.9999_max_iters_100000;;0.8728274758225842;0.6098982095718384;0.17277438938617706;0.27157880665803397;0.39636114220790286;0.44979653978697315
sift_upright_true_rootsift_true_th_0.95_nfeat_8000;acne_outdoor_true;opencv_magsac_homography_th_0.75_conf_0.9999_max_iters_100000;;0.7778147754223257;0.7416771650314331;0.3581210970878601;0.31652490192541366;0.4578306611406583;0.525646466386539
sift_upright_true_rootsift_true_th_0.95_nfeat_8000;consensusclustering_th_7_max_tanimoto_similarity_0.75_cluster_assignment_hard;opencv_magsac_homography_th_0.75_conf_0.9999_max_iters_100000;;0.7560529654173735;0.7343956232070923;0.3961036205291748;0.3635706263104523;0.4892860508399705;0.5418046798524849
sift_upright_true_rootsift_true_th_0.95_nfeat_8000;dematch_outdoor_true_inlier_threshold_0.0;opencv_magsac_homography_th_0.75_conf_0.9999_max_iters_100000;;0.8264603373447551;0.7305760979652405;0.29999756813049316;0.2951893812969879;0.44066139430359563;0.5098636007713683
sift_upright_true_rootsift_true_th_0.95_nfeat_8000;convmatch_outdoor_true_inlier_threshold_0.0;opencv_magsac_homography_th_0.75_conf_0.9999_max_iters_100000;;0.8740324603448776;0.703222393989563;0.2519139051437378;0.23353929431350143;0.3737861807258041;0.4467255265624435
sift_upright_true_rootsift_true_th_0.95_nfeat_8000;fcgnn;opencv_magsac_homography_th_0.75_conf_0.9999_max_iters_100000;;0.6894131215349577;0.7469400763511658;0.4861392378807068;0.3331035279179061;0.4621459276063574;0.5201136683479504
sift_upright_true_rootsift_true_th_0.95_nfeat_8000;clnet_inlier_threshold_0.0001;opencv_magsac_homography_th_0.75_conf_0.9999_max_iters_100000;;0.7555634263395362;0.7423572540283203;0.39008381962776184;0.35866212793936336;0.4852943575044196;0.541711533576894
sift_upright_true_rootsift_true_th_0.95_nfeat_8000;ms2dgnet;opencv_magsac_homography_th_0.75_conf_0.9999_max_iters_100000;;0.87757918451095;0.7191774845123291;0.232970729470253;0.26045429730856856;0.4079976825692036;0.478237090309461
sift_upright_true_rootsift_true_th_0.95_nfeat_8000;ncmnet_obj_geod_th_0.0001;opencv_magsac_homography_th_0.75_conf_0.9999_max_iters_100000;;0.7566284318394075;0.749783456325531;0.3932793438434601;0.3643620612348119;0.4962382714567637;0.5502750944617538
