pipe_module_0;pipe_module_1;pipe_module_2;pipe_module_3;filtered_of_2662;H_precision;H_recall;H_AUC@5;H_AUC@10;H_AUC@15
loftr_outdoor_true_upright_true;;;;0.0;0.6029306650161743;0.9209876656532288;0.1466180525002656;0.23691685389589381;0.29925212927806527
loftr_outdoor_true_upright_true;fcgnn;;;0.3125806551490271;0.7337362170219421;1.1136034727096558;0.3418282473528827;0.4775904625433463;0.5375124379146247
loftr_outdoor_true_upright_true;fcgnn;opencv_magsac_homography_th_1.0_conf_0.9999_max_iters_100000;;0.5613910881827955;0.7719098329544067;0.7908833622932434;0.39376728700266944;0.522768701657101;0.5797735252130178
loftr_outdoor_true_upright_true;fcgnn;opencv_magsac_homography_th_0.75_conf_0.9999_max_iters_100000;;0.6490719493620067;0.7770171761512756;0.6416041851043701;0.39334597018029954;0.5273175592554941;0.5871720012470528
loftr_outdoor_true_upright_true;opencv_magsac_homography_th_1.0_conf_0.9999_max_iters_100000;;;0.8020545862707172;0.7442335486412048;0.23884251713752747;0.33476241389910383;0.49753327650052526;0.5689039387967851
loftr_outdoor_true_upright_true;nnc_subpix_true_w_10_w_big_none_ref_images_both_scales_5_angles_5;;;0.0;0.5253511667251587;0.9512118697166443;0.1594387428848832;0.2463374455769857;0.3052503008901338
loftr_outdoor_true_upright_true;nnc_subpix_true_w_10_w_big_none_ref_images_both_scales_5_angles_5;opencv_magsac_homography_th_1.0_conf_0.9999_max_iters_100000;;0.7791439872160217;0.7795953154563904;0.42030221223831177;0.3791226266379709;0.5136926701940873;0.5747205492706946
loftr_outdoor_true_upright_true;miho_default_duplex;;;0.11302795639328324;0.6158856153488159;0.8939791917800903;0.20879513846503364;0.33501281420389806;0.41077938315309126
loftr_outdoor_true_upright_true;miho_default_duplex;opencv_magsac_homography_th_1.0_conf_0.9999_max_iters_100000;;0.8003332008599306;0.7431595921516418;0.2417573183774948;0.33352370059048686;0.4951310137024632;0.5685499916841954
loftr_outdoor_true_upright_true;miho_default_duplex;nnc_subpix_true_w_10_w_big_none_ref_images_both_scales_5_angles_5;;0.11302795639328324;0.6933485269546509;1.5437133312225342;0.23342119439884468;0.352250972908956;0.42295896639794484
loftr_outdoor_true_upright_true;miho_default_duplex;nnc_subpix_true_w_10_w_big_none_ref_images_both_scales_5_angles_5;opencv_magsac_homography_th_1.0_conf_0.9999_max_iters_100000;0.48909647290948716;0.8213818669319153;1.134644865989685;0.40924656941658916;0.5517272785126612;0.6202200377530154
loftr_outdoor_true_upright_true;miho_default_unduplex;;;0.16209854678750152;0.6328302025794983;0.8978782892227173;0.25913999791498543;0.40993967862040914;0.4938876222239601
loftr_outdoor_true_upright_true;miho_default_unduplex;opencv_magsac_homography_th_1.0_conf_0.9999_max_iters_100000;;0.8027349824884187;0.7421179413795471;0.2431710958480835;0.33111599127451574;0.49301419584839445;0.5661583055684597
loftr_outdoor_true_upright_true;miho_default_unduplex;nnc_subpix_true_w_10_w_big_none_ref_images_both_scales_5_angles_5;;0.16209854678750152;0.7056404948234558;1.4792149066925049;0.3050100371131191;0.4419937952580275;0.5145228976526378
loftr_outdoor_true_upright_true;miho_default_unduplex;nnc_subpix_true_w_10_w_big_none_ref_images_both_scales_5_angles_5;opencv_magsac_homography_th_1.0_conf_0.9999_max_iters_100000;0.49973972714867804;0.819066047668457;1.0827821493148804;0.4051777470691336;0.5489728379318559;0.6192596027632187
loftr_outdoor_true_upright_true;gms;;;0.30910708092046135;0.630194365978241;0.7313289046287537;0.3017149594536534;0.44514855621037663;0.5103522151635017
loftr_outdoor_true_upright_true;gms;opencv_magsac_homography_th_1.0_conf_0.9999_max_iters_100000;;0.8250993514680087;0.7165459394454956;0.20964829623699188;0.32613307065433933;0.4883265548061441;0.5530515331544995
loftr_outdoor_true_upright_true;oanet;;;0.8692896568206758;0.6249787211418152;0.13115336000919342;0.08860615147484674;0.17548487884026986;0.24552185629620965
loftr_outdoor_true_upright_true;oanet;opencv_magsac_homography_th_1.0_conf_0.9999_max_iters_100000;;0.9583752588717457;0.6914147734642029;0.04321892559528351;0.12138752592934503;0.2589893927839067;0.3501346272892422
loftr_outdoor_true_upright_true;adalam_th_0.6400000000000001_scale_th_1.5_ori_th_30;;;0.0;0.6029441356658936;0.92296302318573;0.1463955499066247;0.2367970076975999;0.29896034139174005
loftr_outdoor_true_upright_true;adalam_th_0.6400000000000001_scale_th_1.5_ori_th_30;opencv_magsac_homography_th_1.0_conf_0.9999_max_iters_100000;;0.8020545862707172;0.7442335486412048;0.23884251713752747;0.33476241389910383;0.49753327650052526;0.5689039387967851
loftr_outdoor_true_upright_true;acne_outdoor_true;;;0.5216745779088329;0.645581841468811;0.5084995031356812;0.23082546781610563;0.37509815790035106;0.447802152339323
loftr_outdoor_true_upright_true;acne_outdoor_true;opencv_magsac_homography_th_1.0_conf_0.9999_max_iters_100000;;0.8680379033429325;0.7353858947753906;0.15700256824493408;0.26084604276551143;0.4262888290926262;0.5092294302545948
loftr_outdoor_true_upright_true;consensusclustering_th_7_max_tanimoto_similarity_0.75_cluster_assignment_hard;;;0.2814643487887516;0.49933934211730957;0.7097272872924805;0.23187638185642384;0.3550874662840808;0.4112133274843664
loftr_outdoor_true_upright_true;consensusclustering_th_7_max_tanimoto_similarity_0.75_cluster_assignment_hard;opencv_magsac_homography_th_1.0_conf_0.9999_max_iters_100000;;0.8516063449304628;0.5809348821640015;0.18134969472885132;0.2325501071082221;0.3648644558588664;0.4211642129921619
loftr_outdoor_true_upright_true;dematch_outdoor_true_inlier_threshold_0.0;;;0.6906208731372417;0.6377862095832825;0.32651346921920776;0.18241487485391122;0.3404009664500201;0.4228377314555792
loftr_outdoor_true_upright_true;dematch_outdoor_true_inlier_threshold_0.0;opencv_magsac_homography_th_1.0_conf_0.9999_max_iters_100000;;0.9093425743964575;0.7176158428192139;0.10588472336530685;0.18964292641039246;0.3703955940405527;0.4595085568192564
loftr_outdoor_true_upright_true;convmatch_outdoor_true_inlier_threshold_0.0;;;0.7382274762249078;0.6374980807304382;0.276023268699646;0.1554725397074664;0.3194784099525876;0.4080581824279126
loftr_outdoor_true_upright_true;convmatch_outdoor_true_inlier_threshold_0.0;opencv_magsac_homography_th_1.0_conf_0.9999_max_iters_100000;;0.9307407337977874;0.7098866105079651;0.08298298716545105;0.15704393430992408;0.31970183800767965;0.405436815597393
loftr_outdoor_true_upright_true;clnet_inlier_threshold_0.0001;;;0.30328271290731046;0.6387434601783752;0.7382282018661499;0.3104038916693793;0.44988493424874765;0.5219713806811674
loftr_outdoor_true_upright_true;clnet_inlier_threshold_0.0001;opencv_magsac_homography_th_1.0_conf_0.9999_max_iters_100000;;0.805821442970535;0.7166456580162048;0.22659681737422943;0.31151549604203965;0.4699199472533332;0.5418608221006982
loftr_outdoor_true_upright_true;ms2dgnet;;;0.7833669899180261;0.6250199675559998;0.2294546514749527;0.05371031602223715;0.085135812052974;0.10257889782940902
loftr_outdoor_true_upright_true;ms2dgnet;opencv_magsac_homography_th_1.0_conf_0.9999_max_iters_100000;;0.9515611782507006;0.7230179309844971;0.05895724892616272;0.1687449856157656;0.3090566701359219;0.3970845565678161
loftr_outdoor_true_upright_true;ncmnet_obj_geod_th_0.0001;;;0.25675803430833344;0.6420406699180603;0.788749635219574;0.3257449102843249;0.47175416321666147;0.536700616368541
loftr_outdoor_true_upright_true;ncmnet_obj_geod_th_0.0001;opencv_magsac_homography_th_1.0_conf_0.9999_max_iters_100000;;0.8032487668826535;0.7342209219932556;0.23651723563671112;0.3271414148807526;0.48800929508827345;0.5549288793110553
loftr_outdoor_true_upright_true;opencv_magsac_homography_th_0.75_conf_0.9999_max_iters_100000;;;0.8577404165319263;0.7403903007507324;0.1684064418077469;0.3362719399840744;0.4996240009201898;0.5647320835089978
loftr_outdoor_true_upright_true;nnc_subpix_true_w_10_w_big_none_ref_images_both_scales_5_angles_5;opencv_magsac_homography_th_0.75_conf_0.9999_max_iters_100000;;0.837480624007748;0.7852014899253845;0.3204295337200165;0.3680491695635849;0.5047908276567856;0.5694327454820827
loftr_outdoor_true_upright_true;miho_default_duplex;opencv_magsac_homography_th_0.75_conf_0.9999_max_iters_100000;;0.8573913217416884;0.7459851503372192;0.17163120210170746;0.33705496735043;0.4955135228015758;0.5624434976813234
loftr_outdoor_true_upright_true;miho_default_duplex;nnc_subpix_true_w_10_w_big_none_ref_images_both_scales_5_angles_5;opencv_magsac_homography_th_0.75_conf_0.9999_max_iters_100000;0.5761471048403545;0.8294208645820618;0.9674102663993835;0.4104210391944205;0.5565540595062906;0.6197414837713228
loftr_outdoor_true_upright_true;miho_default_unduplex;opencv_magsac_homography_th_0.75_conf_0.9999_max_iters_100000;;0.859266101073146;0.745756208896637;0.17418809235095978;0.33526301953527665;0.4963799688771918;0.5687077496522739
loftr_outdoor_true_upright_true;miho_default_unduplex;nnc_subpix_true_w_10_w_big_none_ref_images_both_scales_5_angles_5;opencv_magsac_homography_th_0.75_conf_0.9999_max_iters_100000;0.5799476882272498;0.8223176002502441;0.9324817061424255;0.40233244670210067;0.5392151090144008;0.6032034249493369
loftr_outdoor_true_upright_true;gms;opencv_magsac_homography_th_0.75_conf_0.9999_max_iters_100000;;0.8735901346715664;0.7211169004440308;0.15126700699329376;0.33064944880980035;0.4908014301679753;0.5525135994399036
loftr_outdoor_true_upright_true;oanet;opencv_magsac_homography_th_0.75_conf_0.9999_max_iters_100000;;0.9676608486695581;0.6963122487068176;0.03232172876596451;0.12917093824457238;0.26439575451391717;0.35320657971464553
loftr_outdoor_true_upright_true;adalam_th_0.6400000000000001_scale_th_1.5_ori_th_30;opencv_magsac_homography_th_0.75_conf_0.9999_max_iters_100000;;0.8577404165319263;0.7403903007507324;0.1684064418077469;0.3362719399840744;0.4996240009201898;0.5647320835089978
loftr_outdoor_true_upright_true;acne_outdoor_true;opencv_magsac_homography_th_0.75_conf_0.9999_max_iters_100000;;0.901855648164125;0.737251877784729;0.11464478075504303;0.2573451327836072;0.4220529603737372;0.5073095652350673
loftr_outdoor_true_upright_true;consensusclustering_th_7_max_tanimoto_similarity_0.75_cluster_assignment_hard;opencv_magsac_homography_th_0.75_conf_0.9999_max_iters_100000;;0.891190052158928;0.5829740166664124;0.13346830010414124;0.236935669625247;0.36405828177928934;0.4231292886057017
loftr_outdoor_true_upright_true;dematch_outdoor_true_inlier_threshold_0.0;opencv_magsac_homography_th_0.75_conf_0.9999_max_iters_100000;;0.9319514178446144;0.7196003198623657;0.07861879467964172;0.19428893195258243;0.3707491876460888;0.4540224676956365
loftr_outdoor_true_upright_true;convmatch_outdoor_true_inlier_threshold_0.0;opencv_magsac_homography_th_0.75_conf_0.9999_max_iters_100000;;0.9486373803446034;0.7123860716819763;0.05920155346393585;0.16398544664736148;0.31967010727635137;0.4045426287474456
loftr_outdoor_true_upright_true;clnet_inlier_threshold_0.0001;opencv_magsac_homography_th_0.75_conf_0.9999_max_iters_100000;;0.8616507901543594;0.7194693684577942;0.16095998883247375;0.31732472163659553;0.46957207163174947;0.540749088893702
loftr_outdoor_true_upright_true;ms2dgnet;opencv_magsac_homography_th_0.75_conf_0.9999_max_iters_100000;;0.9628595456277061;0.7286745309829712;0.04701435565948486;0.1735431534272653;0.30240339442535685;0.38212125274870135
loftr_outdoor_true_upright_true;ncmnet_obj_geod_th_0.0001;opencv_magsac_homography_th_0.75_conf_0.9999_max_iters_100000;;0.8587616190180877;0.7362122535705566;0.16984502971172333;0.33076703442467587;0.4876513019314519;0.5541527114091096
