pipe_module_0;pipe_module_1;pipe_module_2;pipe_module_3;filtered_of_998;H_precision;H_recall;H_AUC@5;H_AUC@10;H_AUC@15
aliked_lightglue_upright_true_nfeat_8000_resize_1024_model_aliked-n16rot;;;;0.0;0.7617180347442627;0.9091358184814453;0.37493826234782185;0.5362800266345342;0.6111575470588826
aliked_lightglue_upright_true_nfeat_8000_resize_1024_model_aliked-n16rot;opencv_magsac_homography_th_1.0_conf_0.9999_max_iters_100000;;;0.49918041104145544;0.8177449107170105;0.5272549390792847;0.4061791130955572;0.5681616179451898;0.6345197206864387
aliked_lightglue_upright_true_nfeat_8000_resize_1024_model_aliked-n16rot;nnc_subpix_true_w_10_w_big_none_ref_images_both_scales_5_angles_5;;;0.0;0.5844005346298218;0.6684951186180115;0.3241144429864707;0.47832221519615914;0.5612138008372284
aliked_lightglue_upright_true_nfeat_8000_resize_1024_model_aliked-n16rot;nnc_subpix_true_w_10_w_big_none_ref_images_both_scales_5_angles_5;opencv_magsac_homography_th_1.0_conf_0.9999_max_iters_100000;;0.6747887992407321;0.7977182865142822;0.3228253424167633;0.3723708534558062;0.5307057949507402;0.6039715178324668
aliked_lightglue_upright_true_nfeat_8000_resize_1024_model_aliked-n16rot;miho_default_duplex;;;0.09820414218418796;0.7615832686424255;0.8870659470558167;0.3803094485512486;0.5414406564279839;0.6143364633012701
aliked_lightglue_upright_true_nfeat_8000_resize_1024_model_aliked-n16rot;miho_default_duplex;opencv_magsac_homography_th_1.0_conf_0.9999_max_iters_100000;;0.5173101937892521;0.8144016861915588;0.515687882900238;0.4107082204189566;0.569060288168214;0.6370825828648644
aliked_lightglue_upright_true_nfeat_8000_resize_1024_model_aliked-n16rot;miho_default_duplex;nnc_subpix_true_w_10_w_big_none_ref_images_both_scales_5_angles_5;;0.09820414218418796;0.7707904577255249;0.9321491718292236;0.3815088506539663;0.5469507769081329;0.62333018483939
aliked_lightglue_upright_true_nfeat_8000_resize_1024_model_aliked-n16rot;miho_default_duplex;nnc_subpix_true_w_10_w_big_none_ref_images_both_scales_5_angles_5;opencv_magsac_homography_th_1.0_conf_0.9999_max_iters_100000;0.33541167126234034;0.8158982396125793;0.7366205453872681;0.4162648941659266;0.5774417269133307;0.648791512582957
aliked_lightglue_upright_true_nfeat_8000_resize_1024_model_aliked-n16rot;miho_default_unduplex;;;0.11468700750979552;0.7638998627662659;0.8859960436820984;0.38898803989092506;0.5463501914121487;0.6179302718168425
aliked_lightglue_upright_true_nfeat_8000_resize_1024_model_aliked-n16rot;miho_default_unduplex;opencv_magsac_homography_th_1.0_conf_0.9999_max_iters_100000;;0.5230646540408769;0.8148431777954102;0.5161560773849487;0.4033675635909593;0.5632097352296115;0.6299027058132637
aliked_lightglue_upright_true_nfeat_8000_resize_1024_model_aliked-n16rot;miho_default_unduplex;nnc_subpix_true_w_10_w_big_none_ref_images_both_scales_5_angles_5;;0.11468700750979552;0.7719936966896057;0.924130380153656;0.37918181871926343;0.54482950348545;0.6225375853423719
aliked_lightglue_upright_true_nfeat_8000_resize_1024_model_aliked-n16rot;miho_default_unduplex;nnc_subpix_true_w_10_w_big_none_ref_images_both_scales_5_angles_5;opencv_magsac_homography_th_1.0_conf_0.9999_max_iters_100000;0.33843871182029384;0.81658935546875;0.737136960029602;0.42407267370709667;0.5808944035183501;0.6455916398064591
aliked_lightglue_upright_true_nfeat_8000_resize_1024_model_aliked-n16rot;gms;;;0.3896486676511476;0.7569540143013;0.6169561743736267;0.35309282233317696;0.5010556816226905;0.5733283776449569
aliked_lightglue_upright_true_nfeat_8000_resize_1024_model_aliked-n16rot;gms;opencv_magsac_homography_th_1.0_conf_0.9999_max_iters_100000;;0.6373870048727267;0.7912436127662659;0.38843822479248047;0.3621438730756442;0.507193188385831;0.5737579389744335
aliked_lightglue_upright_true_nfeat_8000_resize_1024_model_aliked-n16rot;oanet;;;0.8990560282526162;0.7642388939857483;0.09211233258247375;0.20600531564818492;0.3621633315307123;0.45394400639298527
aliked_lightglue_upright_true_nfeat_8000_resize_1024_model_aliked-n16rot;oanet;opencv_magsac_homography_th_1.0_conf_0.9999_max_iters_100000;;0.9402594047660396;0.7788226008415222;0.06005500257015228;0.21965211576885646;0.36750168972545205;0.45463006876133105
aliked_lightglue_upright_true_nfeat_8000_resize_1024_model_aliked-n16rot;adalam_th_0.6400000000000001_scale_th_1.5_ori_th_30;;;0.0;0.7617180347442627;0.9091358184814453;0.37493826234782185;0.5362800266345342;0.6111575470588826
aliked_lightglue_upright_true_nfeat_8000_resize_1024_model_aliked-n16rot;adalam_th_0.6400000000000001_scale_th_1.5_ori_th_30;opencv_magsac_homography_th_1.0_conf_0.9999_max_iters_100000;;0.49918041104145544;0.8177449107170105;0.5272549390792847;0.4061791130955572;0.5681616179451898;0.6345197206864387
aliked_lightglue_upright_true_nfeat_8000_resize_1024_model_aliked-n16rot;acne_outdoor_true;;;0.5219626716478823;0.7714954614639282;0.4412061274051666;0.3235615335128926;0.4824564156929652;0.5623537440506028
aliked_lightglue_upright_true_nfeat_8000_resize_1024_model_aliked-n16rot;acne_outdoor_true;opencv_magsac_homography_th_1.0_conf_0.9999_max_iters_100000;;0.7263572181047822;0.807673454284668;0.2814099192619324;0.3452764835457008;0.510881379061827;0.5850169899820545
aliked_lightglue_upright_true_nfeat_8000_resize_1024_model_aliked-n16rot;consensusclustering_th_7_max_tanimoto_similarity_0.75_cluster_assignment_hard;;;0.7933290568903648;0.10370875895023346;0.1264934092760086;0.039074759836550114;0.06311987850401138;0.07398796711438968
aliked_lightglue_upright_true_nfeat_8000_resize_1024_model_aliked-n16rot;consensusclustering_th_7_max_tanimoto_similarity_0.75_cluster_assignment_hard;opencv_magsac_homography_th_1.0_conf_0.9999_max_iters_100000;;0.9280723478142231;0.11137450486421585;0.067805714905262;0.03859774227495547;0.06292151623302036;0.07414760904547608
aliked_lightglue_upright_true_nfeat_8000_resize_1024_model_aliked-n16rot;dematch_outdoor_true_inlier_threshold_0.0;;;0.6666756470056424;0.7640429139137268;0.29593199491500854;0.24029626579196367;0.40706550747156145;0.5030387577524892
aliked_lightglue_upright_true_nfeat_8000_resize_1024_model_aliked-n16rot;dematch_outdoor_true_inlier_threshold_0.0;opencv_magsac_homography_th_1.0_conf_0.9999_max_iters_100000;;0.7983351023671048;0.7985350489616394;0.19604936242103577;0.2758779078501242;0.4531173779125567;0.5366835367385252
aliked_lightglue_upright_true_nfeat_8000_resize_1024_model_aliked-n16rot;convmatch_outdoor_true_inlier_threshold_0.0;;;0.6291928456624033;0.7675502896308899;0.3406261205673218;0.29968150263583226;0.46473313023094776;0.5512878844804233
aliked_lightglue_upright_true_nfeat_8000_resize_1024_model_aliked-n16rot;convmatch_outdoor_true_inlier_threshold_0.0;opencv_magsac_homography_th_1.0_conf_0.9999_max_iters_100000;;0.7769714970372061;0.7928337454795837;0.2215353399515152;0.3120779930441468;0.47561137443339396;0.5591782063392946
aliked_lightglue_upright_true_nfeat_8000_resize_1024_model_aliked-n16rot;fcgnn;;;0.13036533028048283;0.7793347239494324;0.8253173232078552;0.3813740892266786;0.5388542033759532;0.6116632364837477
aliked_lightglue_upright_true_nfeat_8000_resize_1024_model_aliked-n16rot;fcgnn;opencv_magsac_homography_th_1.0_conf_0.9999_max_iters_100000;;0.5161407699634888;0.8127459287643433;0.4964631199836731;0.3986381010931951;0.558347797540051;0.627564117387857
aliked_lightglue_upright_true_nfeat_8000_resize_1024_model_aliked-n16rot;clnet_inlier_threshold_0.0001;;;0.17629379467943676;0.7742633819580078;0.8043479323387146;0.38474583946996266;0.5335632905419226;0.6082323953950847
aliked_lightglue_upright_true_nfeat_8000_resize_1024_model_aliked-n16rot;clnet_inlier_threshold_0.0001;opencv_magsac_homography_th_1.0_conf_0.9999_max_iters_100000;;0.5565588525751901;0.8163250684738159;0.4741700291633606;0.404278354683408;0.5564009882095788;0.6226994222604935
aliked_lightglue_upright_true_nfeat_8000_resize_1024_model_aliked-n16rot;ms2dgnet;;;0.6587069669384797;0.7794605493545532;0.27908292412757874;0.31677601803232125;0.4924203656669016;0.5699053363667594
aliked_lightglue_upright_true_nfeat_8000_resize_1024_model_aliked-n16rot;ms2dgnet;opencv_magsac_homography_th_1.0_conf_0.9999_max_iters_100000;;0.8140622741394823;0.812615156173706;0.1822558492422104;0.3016066556396308;0.48014954716519076;0.5609114240091524
aliked_lightglue_upright_true_nfeat_8000_resize_1024_model_aliked-n16rot;ncmnet_obj_geod_th_0.0001;;;0.15981253300787882;0.7661744356155396;0.809423565864563;0.39378619054953257;0.5458811288520142;0.6093364895788241
aliked_lightglue_upright_true_nfeat_8000_resize_1024_model_aliked-n16rot;ncmnet_obj_geod_th_0.0001;opencv_magsac_homography_th_1.0_conf_0.9999_max_iters_100000;;0.5385972016793857;0.8026169538497925;0.48513200879096985;0.3938146386267963;0.5428677774331084;0.6043281752956502
aliked_lightglue_upright_true_nfeat_8000_resize_1024_model_aliked-n16rot;opencv_magsac_homography_th_0.75_conf_0.9999_max_iters_100000;;;0.6156404876811465;0.8242362141609192;0.4038907587528229;0.4159410672717624;0.5642574328846403;0.6369020149442886
aliked_lightglue_upright_true_nfeat_8000_resize_1024_model_aliked-n16rot;nnc_subpix_true_w_10_w_big_none_ref_images_both_scales_5_angles_5;opencv_magsac_homography_th_0.75_conf_0.9999_max_iters_100000;;0.7491525515586694;0.7985392212867737;0.24460867047309875;0.375325690008424;0.5123317359925973;0.5788644057098363
aliked_lightglue_upright_true_nfeat_8000_resize_1024_model_aliked-n16rot;miho_default_duplex;opencv_magsac_homography_th_0.75_conf_0.9999_max_iters_100000;;0.632397088701851;0.821078896522522;0.3943946361541748;0.4162361471741288;0.5632279073750531;0.6366180308659872
aliked_lightglue_upright_true_nfeat_8000_resize_1024_model_aliked-n16rot;miho_default_duplex;nnc_subpix_true_w_10_w_big_none_ref_images_both_scales_5_angles_5;opencv_magsac_homography_th_0.75_conf_0.9999_max_iters_100000;0.4252066062980515;0.8190757036209106;0.6389158368110657;0.41578243809579707;0.5741589215390936;0.6455058762684096
aliked_lightglue_upright_true_nfeat_8000_resize_1024_model_aliked-n16rot;miho_default_unduplex;opencv_magsac_homography_th_0.75_conf_0.9999_max_iters_100000;;0.6385498063884664;0.8213599324226379;0.3937786817550659;0.4147881727748447;0.5650466504361894;0.637843699661302
aliked_lightglue_upright_true_nfeat_8000_resize_1024_model_aliked-n16rot;miho_default_unduplex;nnc_subpix_true_w_10_w_big_none_ref_images_both_scales_5_angles_5;opencv_magsac_homography_th_0.75_conf_0.9999_max_iters_100000;0.4309857490209986;0.8200196027755737;0.6353476643562317;0.4277406894388022;0.5806746370097002;0.6492506168690729
aliked_lightglue_upright_true_nfeat_8000_resize_1024_model_aliked-n16rot;gms;opencv_magsac_homography_th_0.75_conf_0.9999_max_iters_100000;;0.7226933361662381;0.7962303161621094;0.2993253767490387;0.3701058657412176;0.5103088766281252;0.5707034096121788
aliked_lightglue_upright_true_nfeat_8000_resize_1024_model_aliked-n16rot;oanet;opencv_magsac_homography_th_0.75_conf_0.9999_max_iters_100000;;0.951734791290116;0.7803826928138733;0.048618610948324203;0.2247672608605138;0.36321776255413346;0.44867704631369787
aliked_lightglue_upright_true_nfeat_8000_resize_1024_model_aliked-n16rot;adalam_th_0.6400000000000001_scale_th_1.5_ori_th_30;opencv_magsac_homography_th_0.75_conf_0.9999_max_iters_100000;;0.6156404876811465;0.8242362141609192;0.4038907587528229;0.4159410672717624;0.5642574328846403;0.6369020149442886
aliked_lightglue_upright_true_nfeat_8000_resize_1024_model_aliked-n16rot;acne_outdoor_true;opencv_magsac_homography_th_0.75_conf_0.9999_max_iters_100000;;0.7824139432955116;0.8119577765464783;0.22166883945465088;0.3535008615200167;0.5152962607448852;0.5838440803594795
aliked_lightglue_upright_true_nfeat_8000_resize_1024_model_aliked-n16rot;consensusclustering_th_7_max_tanimoto_similarity_0.75_cluster_assignment_hard;opencv_magsac_homography_th_0.75_conf_0.9999_max_iters_100000;;0.9411510560689023;0.11249189078807831;0.05391420051455498;0.03780886190908926;0.05956763673711707;0.07228505888102968
aliked_lightglue_upright_true_nfeat_8000_resize_1024_model_aliked-n16rot;dematch_outdoor_true_inlier_threshold_0.0;opencv_magsac_homography_th_0.75_conf_0.9999_max_iters_100000;;0.8369158218997911;0.8019758462905884;0.15592260658740997;0.2693905251114456;0.45196887210563375;0.5366962900279479
aliked_lightglue_upright_true_nfeat_8000_resize_1024_model_aliked-n16rot;convmatch_outdoor_true_inlier_threshold_0.0;opencv_magsac_homography_th_0.75_conf_0.9999_max_iters_100000;;0.8213307851097539;0.795941948890686;0.17508482933044434;0.31180176039536794;0.4783729036317931;0.5576638840230894
aliked_lightglue_upright_true_nfeat_8000_resize_1024_model_aliked-n16rot;fcgnn;opencv_magsac_homography_th_0.75_conf_0.9999_max_iters_100000;;0.6252810469386578;0.8192635178565979;0.38090240955352783;0.39915973604829225;0.555949006141336;0.6240417741073503
aliked_lightglue_upright_true_nfeat_8000_resize_1024_model_aliked-n16rot;clnet_inlier_threshold_0.0001;opencv_magsac_homography_th_0.75_conf_0.9999_max_iters_100000;;0.6601464731613425;0.8222693800926208;0.36300528049468994;0.3973981255734408;0.5427200006003733;0.6119878985190097
aliked_lightglue_upright_true_nfeat_8000_resize_1024_model_aliked-n16rot;ms2dgnet;opencv_magsac_homography_th_0.75_conf_0.9999_max_iters_100000;;0.8469070793254038;0.817230224609375;0.14777354896068573;0.3062473497788112;0.4829084244149703;0.5598716730909582
aliked_lightglue_upright_true_nfeat_8000_resize_1024_model_aliked-n16rot;ncmnet_obj_geod_th_0.0001;opencv_magsac_homography_th_0.75_conf_0.9999_max_iters_100000;;0.6477650759798099;0.8075482249259949;0.3707196116447449;0.405135216028602;0.5482158993902029;0.6114218006089883
