pipe_module_0;pipe_module_1;pipe_module_2;pipe_module_3;filtered_of_2472;H_precision;H_recall;H_AUC@5;H_AUC@10;H_AUC@15
disk_lightglue_upright_true_nfeat_8000_resize_1024;;;;0.0;0.7288899421691895;0.8646913766860962;0.3832834358899682;0.5297330709022505;0.5926981321492313
disk_lightglue_upright_true_nfeat_8000_resize_1024;opencv_magsac_homography_th_1.0_conf_0.9999_max_iters_100000;;;0.5505368699723604;0.7757993340492249;0.4373070001602173;0.40646292950544094;0.5445546495431551;0.6066436588000736
disk_lightglue_upright_true_nfeat_8000_resize_1024;nnc_subpix_true_w_10_w_big_none_ref_images_both_scales_5_angles_5;;;0.0;0.5362236499786377;0.6161460876464844;0.33234887021559256;0.48738781383743995;0.5559545739638952
disk_lightglue_upright_true_nfeat_8000_resize_1024;nnc_subpix_true_w_10_w_big_none_ref_images_both_scales_5_angles_5;opencv_magsac_homography_th_1.0_conf_0.9999_max_iters_100000;;0.7033424174934368;0.7747211456298828;0.2805458903312683;0.38079889368127895;0.5288855316020824;0.5959827983526537
disk_lightglue_upright_true_nfeat_8000_resize_1024;miho_default_duplex;;;0.15809572720426068;0.7265594601631165;0.8365380167961121;0.3845070402738121;0.5332276359324654;0.6022191319062755
disk_lightglue_upright_true_nfeat_8000_resize_1024;miho_default_duplex;opencv_magsac_homography_th_1.0_conf_0.9999_max_iters_100000;;0.5953043979969879;0.7745164632797241;0.4339888393878937;0.40897854018266555;0.5456341410966383;0.6091431165302609
disk_lightglue_upright_true_nfeat_8000_resize_1024;miho_default_duplex;nnc_subpix_true_w_10_w_big_none_ref_images_both_scales_5_angles_5;;0.15809572720426068;0.7128708958625793;0.829616367816925;0.36318299549045385;0.5231039229559677;0.5948322332917172
disk_lightglue_upright_true_nfeat_8000_resize_1024;miho_default_duplex;nnc_subpix_true_w_10_w_big_none_ref_images_both_scales_5_angles_5;opencv_magsac_homography_th_1.0_conf_0.9999_max_iters_100000;0.41602141481275745;0.7740249037742615;0.6304303407669067;0.400787147992739;0.5493428617288119;0.6153002641386824
disk_lightglue_upright_true_nfeat_8000_resize_1024;miho_default_unduplex;;;0.15862081061921204;0.7269665002822876;0.8365386724472046;0.38367508385192467;0.5335009687490485;0.6015247681415008
disk_lightglue_upright_true_nfeat_8000_resize_1024;miho_default_unduplex;opencv_magsac_homography_th_1.0_conf_0.9999_max_iters_100000;;0.5948013516052078;0.7747455835342407;0.43509095907211304;0.40746013380035206;0.5445556352052975;0.6067082542374178
disk_lightglue_upright_true_nfeat_8000_resize_1024;miho_default_unduplex;nnc_subpix_true_w_10_w_big_none_ref_images_both_scales_5_angles_5;;0.15862081061921204;0.7090904116630554;0.8243569135665894;0.36050766593880124;0.5165315333229524;0.5886508881677817
disk_lightglue_upright_true_nfeat_8000_resize_1024;miho_default_unduplex;nnc_subpix_true_w_10_w_big_none_ref_images_both_scales_5_angles_5;opencv_magsac_homography_th_1.0_conf_0.9999_max_iters_100000;0.4204625164035726;0.7738357186317444;0.6250095963478088;0.4052325915462441;0.5526526540766159;0.6190820136795074
disk_lightglue_upright_true_nfeat_8000_resize_1024;gms;;;0.24006586364437763;0.7262089252471924;0.7583888173103333;0.393591879815967;0.5370127114929535;0.6004986458317734
disk_lightglue_upright_true_nfeat_8000_resize_1024;gms;opencv_magsac_homography_th_1.0_conf_0.9999_max_iters_100000;;0.6231883172817593;0.7683448791503906;0.4012618362903595;0.41478767861922583;0.5469189704292351;0.6082055488891072
disk_lightglue_upright_true_nfeat_8000_resize_1024;oanet;;;0.8782361574140873;0.7324137091636658;0.0837303027510643;0.22855354044172502;0.37318397972318856;0.44739630186999285
disk_lightglue_upright_true_nfeat_8000_resize_1024;oanet;opencv_magsac_homography_th_1.0_conf_0.9999_max_iters_100000;;0.9431429051683619;0.7529089450836182;0.052392084151506424;0.2265775006347232;0.38734928150971726;0.4631187908884919
disk_lightglue_upright_true_nfeat_8000_resize_1024;adalam_th_0.6400000000000001_scale_th_1.5_ori_th_30;;;0.0;0.7288899421691895;0.8646913766860962;0.3832834358899682;0.5297330709022505;0.5926981321492313
disk_lightglue_upright_true_nfeat_8000_resize_1024;adalam_th_0.6400000000000001_scale_th_1.5_ori_th_30;opencv_magsac_homography_th_1.0_conf_0.9999_max_iters_100000;;0.5505368699723604;0.7757993340492249;0.4373070001602173;0.40646292950544094;0.5445546495431551;0.6066436588000736
disk_lightglue_upright_true_nfeat_8000_resize_1024;acne_outdoor_true;;;0.5825619394975464;0.7400635480880737;0.3619922697544098;0.30005039975599007;0.45538355607125497;0.5355947621111515
disk_lightglue_upright_true_nfeat_8000_resize_1024;acne_outdoor_true;opencv_magsac_homography_th_1.0_conf_0.9999_max_iters_100000;;0.7968813550368412;0.7756975293159485;0.20457814633846283;0.3243979074116106;0.47905983544058267;0.5507190149139476
disk_lightglue_upright_true_nfeat_8000_resize_1024;consensusclustering_th_7_max_tanimoto_similarity_0.75_cluster_assignment_hard;;;0.7238174820711545;0.10700425505638123;0.14291851222515106;0.03526930438147651;0.05407957085856685;0.06310130290043207
disk_lightglue_upright_true_nfeat_8000_resize_1024;consensusclustering_th_7_max_tanimoto_similarity_0.75_cluster_assignment_hard;opencv_magsac_homography_th_1.0_conf_0.9999_max_iters_100000;;0.9064433394949205;0.11485115438699722;0.05023903399705887;0.03784587091869778;0.05501160908628393;0.061365764082213975
disk_lightglue_upright_true_nfeat_8000_resize_1024;dematch_outdoor_true_inlier_threshold_0.0;;;0.6610498160580991;0.7355937957763672;0.2901008725166321;0.24660026340572921;0.4040532253517045;0.48875194432558833
disk_lightglue_upright_true_nfeat_8000_resize_1024;dematch_outdoor_true_inlier_threshold_0.0;opencv_magsac_homography_th_1.0_conf_0.9999_max_iters_100000;;0.8321916147751465;0.7672666907310486;0.16781426966190338;0.2830460245741738;0.4423424580030971;0.5190442832090236
disk_lightglue_upright_true_nfeat_8000_resize_1024;convmatch_outdoor_true_inlier_threshold_0.0;;;0.6031030867311178;0.7392500638961792;0.34978729486465454;0.29346483927082134;0.4482962770318544;0.5274885337404263
disk_lightglue_upright_true_nfeat_8000_resize_1024;convmatch_outdoor_true_inlier_threshold_0.0;opencv_magsac_homography_th_1.0_conf_0.9999_max_iters_100000;;0.8045141507641203;0.7637315988540649;0.19656899571418762;0.3152925729089313;0.4666707894206047;0.5395424009620408
disk_lightglue_upright_true_nfeat_8000_resize_1024;fcgnn;;;0.0573949783282778;0.7614648938179016;0.8754081130027771;0.3919294470769387;0.5370255763663185;0.6039477494469396
disk_lightglue_upright_true_nfeat_8000_resize_1024;fcgnn;opencv_magsac_homography_th_1.0_conf_0.9999_max_iters_100000;;0.33098680355341564;0.779047966003418;0.6897428631782532;0.4034520351997128;0.5502840088749374;0.6112417831428257
disk_lightglue_upright_true_nfeat_8000_resize_1024;clnet_inlier_threshold_0.0001;;;0.08943613454812023;0.7349565029144287;0.8178271055221558;0.39594691530973825;0.5412278544820018;0.6036077771602589
disk_lightglue_upright_true_nfeat_8000_resize_1024;clnet_inlier_threshold_0.0001;opencv_magsac_homography_th_1.0_conf_0.9999_max_iters_100000;;0.5747906305955331;0.7754936814308167;0.418732225894928;0.4093518094028587;0.5489661032747891;0.6064663566566176
disk_lightglue_upright_true_nfeat_8000_resize_1024;ms2dgnet;;;0.6360988344573857;0.744071900844574;0.23803626000881195;0.26883283015202597;0.4468026276015573;0.5247734516068006
disk_lightglue_upright_true_nfeat_8000_resize_1024;ms2dgnet;opencv_magsac_homography_th_1.0_conf_0.9999_max_iters_100000;;0.8313660033108571;0.7711354494094849;0.12996689975261688;0.2912384017142985;0.4781596723226486;0.5539800393673373
disk_lightglue_upright_true_nfeat_8000_resize_1024;ncmnet_obj_geod_th_0.0001;;;0.07225148477275367;0.7342467904090881;0.8352236151695251;0.40335967062248124;0.5414706184163138;0.6052708790570865
disk_lightglue_upright_true_nfeat_8000_resize_1024;ncmnet_obj_geod_th_0.0001;opencv_magsac_homography_th_1.0_conf_0.9999_max_iters_100000;;0.5698305882616547;0.7751094698905945;0.4281397759914398;0.41394212612675296;0.5487631855863664;0.608572942107732
disk_lightglue_upright_true_nfeat_8000_resize_1024;opencv_magsac_homography_th_0.75_conf_0.9999_max_iters_100000;;;0.6707931347202855;0.7820608615875244;0.31029701232910156;0.4121946904283983;0.552776931165545;0.6159866111918733
disk_lightglue_upright_true_nfeat_8000_resize_1024;nnc_subpix_true_w_10_w_big_none_ref_images_both_scales_5_angles_5;opencv_magsac_homography_th_0.75_conf_0.9999_max_iters_100000;;0.7642349605689712;0.779681384563446;0.21643877029418945;0.3849395170090376;0.5297621543788248;0.5925613747426757
disk_lightglue_upright_true_nfeat_8000_resize_1024;miho_default_duplex;opencv_magsac_homography_th_0.75_conf_0.9999_max_iters_100000;;0.714010708681968;0.7807208895683289;0.30871593952178955;0.4157334071508161;0.5518131331106025;0.6135201075599517
disk_lightglue_upright_true_nfeat_8000_resize_1024;miho_default_duplex;nnc_subpix_true_w_10_w_big_none_ref_images_both_scales_5_angles_5;opencv_magsac_homography_th_0.75_conf_0.9999_max_iters_100000;0.5010216799622722;0.777481734752655;0.5401353240013123;0.39908655493347733;0.5466794318181497;0.6112980908817716
disk_lightglue_upright_true_nfeat_8000_resize_1024;miho_default_unduplex;opencv_magsac_homography_th_0.75_conf_0.9999_max_iters_100000;;0.7142328571673067;0.7806742787361145;0.30817556381225586;0.416001036575547;0.5530686980541105;0.6138995911052197
disk_lightglue_upright_true_nfeat_8000_resize_1024;miho_default_unduplex;nnc_subpix_true_w_10_w_big_none_ref_images_both_scales_5_angles_5;opencv_magsac_homography_th_0.75_conf_0.9999_max_iters_100000;0.5036909333280968;0.77765953540802;0.5379282832145691;0.40130975994246965;0.5478743012166685;0.6140713924445488
disk_lightglue_upright_true_nfeat_8000_resize_1024;gms;opencv_magsac_homography_th_0.75_conf_0.9999_max_iters_100000;;0.7326653393040756;0.7750559449195862;0.2866404354572296;0.4212682877370605;0.5537197836102159;0.6138989603280286
disk_lightglue_upright_true_nfeat_8000_resize_1024;oanet;opencv_magsac_homography_th_0.75_conf_0.9999_max_iters_100000;;0.9559227962687207;0.7580448985099792;0.03928394988179207;0.2197313386422617;0.3784914320486564;0.45643698609905486
disk_lightglue_upright_true_nfeat_8000_resize_1024;adalam_th_0.6400000000000001_scale_th_1.5_ori_th_30;opencv_magsac_homography_th_0.75_conf_0.9999_max_iters_100000;;0.6707931347202855;0.7820608615875244;0.31029701232910156;0.4121946904283983;0.552776931165545;0.6159866111918733
disk_lightglue_upright_true_nfeat_8000_resize_1024;acne_outdoor_true;opencv_magsac_homography_th_0.75_conf_0.9999_max_iters_100000;;0.8491413457478413;0.7810845375061035;0.14986783266067505;0.3195218830196946;0.4739199604149219;0.5474351636421534
disk_lightglue_upright_true_nfeat_8000_resize_1024;consensusclustering_th_7_max_tanimoto_similarity_0.75_cluster_assignment_hard;opencv_magsac_homography_th_0.75_conf_0.9999_max_iters_100000;;0.9199625768846624;0.11612086743116379;0.036248862743377686;0.03829911055388274;0.05445490996042888;0.06548082175078215
disk_lightglue_upright_true_nfeat_8000_resize_1024;dematch_outdoor_true_inlier_threshold_0.0;opencv_magsac_homography_th_0.75_conf_0.9999_max_iters_100000;;0.8752881307328536;0.7710846662521362;0.12151572108268738;0.2853107567186709;0.4438228389068886;0.5196429413336294
disk_lightglue_upright_true_nfeat_8000_resize_1024;convmatch_outdoor_true_inlier_threshold_0.0;opencv_magsac_homography_th_0.75_conf_0.9999_max_iters_100000;;0.854750705013434;0.7685344219207764;0.14379282295703888;0.3155606540264907;0.4695147328133936;0.5427102673568843
disk_lightglue_upright_true_nfeat_8000_resize_1024;fcgnn;opencv_magsac_homography_th_0.75_conf_0.9999_max_iters_100000;;0.42593913661276944;0.7825213670730591;0.5922076106071472;0.40062413062210445;0.5444347223805057;0.6090841329428885
disk_lightglue_upright_true_nfeat_8000_resize_1024;clnet_inlier_threshold_0.0001;opencv_magsac_homography_th_0.75_conf_0.9999_max_iters_100000;;0.6894699415322897;0.780508816242218;0.2980223298072815;0.4051553786518397;0.5467180972767097;0.6052739298877157
disk_lightglue_upright_true_nfeat_8000_resize_1024;ms2dgnet;opencv_magsac_homography_th_0.75_conf_0.9999_max_iters_100000;;0.864037857070925;0.7767064571380615;0.0965094119310379;0.2969135260913107;0.4790279117061031;0.557906687506187
disk_lightglue_upright_true_nfeat_8000_resize_1024;ncmnet_obj_geod_th_0.0001;opencv_magsac_homography_th_0.75_conf_0.9999_max_iters_100000;;0.6862372190530005;0.7813833355903625;0.30673354864120483;0.41565433180442557;0.5465054388206314;0.6087574831515918
